
> workspace@0.0.0 preflight /home/runner/workspace/.local/campaign-remaining-source
> pnpm --filter @workspace/scripts exec tsx ./src/preflight.ts

PREFLIGHT 1/11: schema path guard

> workspace@0.0.0 guard:schema-path /home/runner/workspace/.local/campaign-remaining-source
> pnpm --filter @workspace/scripts exec tsx ./src/forbid-schema-push.ts

Schema path guard passed
PREFLIGHT 2/11: recovery guard

> workspace@0.0.0 recovery:guard /home/runner/workspace/.local/campaign-remaining-source
> pnpm --filter @workspace/scripts run recovery:guard


> @workspace/scripts@0.0.0 recovery:guard /home/runner/workspace/.local/campaign-remaining-source/scripts
> tsx ./src/recovery-guard.ts

Recovery guard passed.
PREFLIGHT 3/11: typecheck

> workspace@0.0.0 typecheck /home/runner/workspace/.local/campaign-remaining-source
> pnpm run typecheck:libs && pnpm -r --filter "./artifacts/**" --filter "./scripts" --if-present run typecheck


> workspace@0.0.0 typecheck:libs /home/runner/workspace/.local/campaign-remaining-source
> tsc --build

Scope: 5 of 11 workspace projects
artifacts/api-server typecheck$ tsc -p tsconfig.json --noEmit
artifacts/mbs-crm typecheck$ tsc -p tsconfig.json --noEmit
artifacts/mbs-crm-mobile typecheck$ tsc -p tsconfig.json --noEmit
artifacts/mockup-sandbox typecheck$ tsc -p tsconfig.json --noEmit
artifacts/mbs-crm-mobile typecheck: Done
scripts typecheck$ tsc -p tsconfig.json --noEmit
artifacts/mockup-sandbox typecheck: Done
scripts typecheck: Done
artifacts/mbs-crm typecheck: Done
artifacts/api-server typecheck: Done
PREFLIGHT 4/11: full suite

> workspace@0.0.0 test /home/runner/workspace/.local/campaign-remaining-source
> pnpm --filter @workspace/api-server run test && pnpm --filter @workspace/mbs-crm run test && pnpm --filter @workspace/scripts run test && pnpm --filter @workspace/scripts exec tsx --test ../lib/db/src/*.test.ts


> @workspace/api-server@0.0.0 test /home/runner/workspace/.local/campaign-remaining-source/artifacts/api-server
> node --test --experimental-strip-types --loader ./test-loader.mjs src/lib/*.test.ts

(node:27978) ExperimentalWarning: `--experimental-loader` may be removed in the future; instead use `register()`:
--import 'data:text/javascript,import { register } from "node:module"; import { pathToFileURL } from "node:url"; register("./test-loader.mjs", pathToFileURL("./"));'
(Use `node --trace-warnings ...` to show where the warning was created)
✔ migration status endpoint is forbidden for reps (97.784962ms)
(node:27978) ExperimentalWarning: `--experimental-loader` may be removed in the future; instead use `register()`:
--import 'data:text/javascript,import { register } from "node:module"; import { pathToFileURL } from "node:url"; register("./test-loader.mjs", pathToFileURL("./"));'
(Use `node --trace-warnings ...` to show where the warning was created)
(node:27979) ExperimentalWarning: `--experimental-loader` may be removed in the future; instead use `register()`:
--import 'data:text/javascript,import { register } from "node:module"; import { pathToFileURL } from "node:url"; register("./test-loader.mjs", pathToFileURL("./"));'
(Use `node --trace-warnings ...` to show where the warning was created)
✔ post-Clerk push health enforces anonymous, representative, and admin roles (70.799844ms)
(node:27979) ExperimentalWarning: `--experimental-loader` may be removed in the future; instead use `register()`:
--import 'data:text/javascript,import { register } from "node:module"; import { pathToFileURL } from "node:url"; register("./test-loader.mjs", pathToFileURL("./"));'
(Use `node --trace-warnings ...` to show where the warning was created)
(node:27980) ExperimentalWarning: `--experimental-loader` may be removed in the future; instead use `register()`:
--import 'data:text/javascript,import { register } from "node:module"; import { pathToFileURL } from "node:url"; register("./test-loader.mjs", pathToFileURL("./"));'
(Use `node --trace-warnings ...` to show where the warning was created)
✔ GET /api/analytics/reps includes active reps and active users assigned leads or deals only (2844.292923ms)
(node:27980) ExperimentalWarning: `--experimental-loader` may be removed in the future; instead use `register()`:
--import 'data:text/javascript,import { register } from "node:module"; import { pathToFileURL } from "node:url"; register("./test-loader.mjs", pathToFileURL("./"));'
(Use `node --trace-warnings ...` to show where the warning was created)
(node:27981) ExperimentalWarning: `--experimental-loader` may be removed in the future; instead use `register()`:
--import 'data:text/javascript,import { register } from "node:module"; import { pathToFileURL } from "node:url"; register("./test-loader.mjs", pathToFileURL("./"));'
(Use `node --trace-warnings ...` to show where the warning was created)
✔ application consent version is server-owned and persists the current disclosure version (1.053065ms)
(node:27982) ExperimentalWarning: `--experimental-loader` may be removed in the future; instead use `register()`:
--import 'data:text/javascript,import { register } from "node:module"; import { pathToFileURL } from "node:url"; register("./test-loader.mjs", pathToFileURL("./"));'
(Use `node --trace-warnings ...` to show where the warning was created)
✔ blank application uses the rep identity and exact disclosure/footer (1.883316ms)
✔ title is profile data and a blank title is not derived from role (0.571559ms)
✔ filled application masks both SSNs and never emits encrypted or plaintext SSN fields (2.492642ms)
(node:27988) ExperimentalWarning: `--experimental-loader` may be removed in the future; instead use `register()`:
--import 'data:text/javascript,import { register } from "node:module"; import { pathToFileURL } from "node:url"; register("./test-loader.mjs", pathToFileURL("./"));'
(Use `node --trace-warnings ...` to show where the warning was created)
✔ native form preserves complete consent and footer text, never plaintext SSNs (2439.707757ms)
✔ native form embeds Unicode Inter text, logo, ET dates, and mapped application type (1646.138388ms)
✔ application and prepared-by footer baselines are separated inside the bottom margin (0.15801ms)
✔ application form renders natively as one US Letter PDF (1474.875363ms)
✔ filled native application stays on one Letter page and masks SSNs (1808.021957ms)
✔ native historical applications embed PNG signatures without substituting signature evidence (1482.457054ms)
✔ native header uses work email, ordered phones, and required clearance (4.671219ms)
✔ Nate and Calvin header regions remain deterministic (3399.852701ms)
(node:27989) ExperimentalWarning: `--experimental-loader` may be removed in the future; instead use `register()`:
--import 'data:text/javascript,import { register } from "node:module"; import { pathToFileURL } from "node:url"; register("./test-loader.mjs", pathToFileURL("./"));'
(Use `node --trace-warnings ...` to show where the warning was created)
✔ typed signature accepts two trimmed characters (1.945017ms)
✔ typed signature rejects one character and names over 200 characters (0.321538ms)
✔ drawn signature accepts safe PNG data URLs and rejects malformed/non-image values (0.442116ms)
✔ application rules enforce consents and equipment description without requiring vendor (0.181784ms)
✔ signed application HTML escapes injection strings and signature metadata (204.74379ms)
✔ legacy applications do not invent a signature method or signed timestamp (0.595142ms)
(node:28037) ExperimentalWarning: `--experimental-loader` may be removed in the future; instead use `register()`:
--import 'data:text/javascript,import { register } from "node:module"; import { pathToFileURL } from "node:url"; register("./test-loader.mjs", pathToFileURL("./"));'
(Use `node --trace-warnings ...` to show where the warning was created)
(node:28037) ExperimentalWarning: `--experimental-loader` may be removed in the future; instead use `register()`:
--import 'data:text/javascript,import { register } from "node:module"; import { pathToFileURL } from "node:url"; register("./test-loader.mjs", pathToFileURL("./"));'
(Use `node --trace-warnings ...` to show where the warning was created)
✔ application submit attributes a rep-slug lead and records QR-card activity (92.026089ms)
✔ application submit persists and returns equipment category and homeownership (22.123653ms)
✔ application submit rejects explicit null category and homeownership values (62.445326ms)
✔ a second public application reuses its existing email lead, logs the re-application, and notifies its assigned rep (29.675339ms)
✔ a phone-only re-application sends only to the stored lead email, never the submitted unverified email (38.436401ms)
✔ conflicting email and phone identities return a named 400 without attaching an application (24.624326ms)
✔ each re-application retains its own immutable signed-document key (49.321885ms)
(node:28059) ExperimentalWarning: `--experimental-loader` may be removed in the future; instead use `register()`:
--import 'data:text/javascript,import { register } from "node:module"; import { pathToFileURL } from "node:url"; register("./test-loader.mjs", pathToFileURL("./"));'
(Use `node --trace-warnings ...` to show where the warning was created)
✔ production parser accepts and normalizes a nine-digit EIN (6.97847ms)
✔ production parser accepts the optional collateral boolean and defaults it when omitted (0.743183ms)
✔ production parser reports malformed EIN with its field and format message (1.501453ms)
✔ production parser turns a malformed non-object body into a named validation error (1.462653ms)
✔ production parser accepts a punctuated phone after trimming only (0.626252ms)
✔ validation response never returns the literal Invalid input (0.290006ms)
✔ optional Section 1 fields remain optional and SSNs normalize to digits (1.929579ms)
✔ invalid optional business start date is rejected without making other optional fields required (1.001722ms)
(node:28064) ExperimentalWarning: `--experimental-loader` may be removed in the future; instead use `register()`:
--import 'data:text/javascript,import { register } from "node:module"; import { pathToFileURL } from "node:url"; register("./test-loader.mjs", pathToFileURL("./"));'
(Use `node --trace-warnings ...` to show where the warning was created)
(node:28064) ExperimentalWarning: `--experimental-loader` may be removed in the future; instead use `register()`:
--import 'data:text/javascript,import { register } from "node:module"; import { pathToFileURL } from "node:url"; register("./test-loader.mjs", pathToFileURL("./"));'
(Use `node --trace-warnings ...` to show where the warning was created)
✔ the real API router has a gate before every private mutation (8837.490042ms)
✔ the production mutation gate accepts a Clerk-authenticated request (9.813372ms)
✔ creator-owned resources reject other reps (2.085836ms)
✔ unsigned inbound voice and voicemail callbacks are rejected before routing or storage (21.200117ms)
✔ a rep cannot self-assign a lead (8.080895ms)
✔ unsigned SendGrid webhooks are rejected in every environment (7.905496ms)
✔ unsigned Twilio callbacks are rejected before side effects (16.983287ms)
[19:00:11.717] [33mWARN[39m (28064): [36mSendGrid webhook signature rejected[39m
    [35mroute[39m: "/api/sendgrid/webhook"
    [35mreason[39m: "verification_key_missing"
    [35mhasSignatureHeader[39m: false
    [35mhasTimestampHeader[39m: false
    [35mhasRawBody[39m: true
    [35mrawBodyBytes[39m: 23
(node:28070) ExperimentalWarning: `--experimental-loader` may be removed in the future; instead use `register()`:
--import 'data:text/javascript,import { register } from "node:module"; import { pathToFileURL } from "node:url"; register("./test-loader.mjs", pathToFileURL("./"));'
(Use `node --trace-warnings ...` to show where the warning was created)
✔ brand helper serves the canonical light and reverse marks (7.175012ms)
✔ email and flyer branding use the hosted light mark and non-legacy alt (13.842204ms)
﹣ configured email logo URL returns HTTP 200 when online (0.163251ms) # Set RUN_ONLINE_TESTS=1 to check live hosting
(node:28091) ExperimentalWarning: `--experimental-loader` may be removed in the future; instead use `register()`:
--import 'data:text/javascript,import { register } from "node:module"; import { pathToFileURL } from "node:url"; register("./test-loader.mjs", pathToFileURL("./"));'
(Use `node --trace-warnings ...` to show where the warning was created)
✔ unconfigured browser telephony has an explicit successful readiness state (1.185872ms)
✔ voice and owned-number configuration are independent and secret-free (0.212452ms)
(node:28099) ExperimentalWarning: `--experimental-loader` may be removed in the future; instead use `register()`:
--import 'data:text/javascript,import { register } from "node:module"; import { pathToFileURL } from "node:url"; register("./test-loader.mjs", pathToFileURL("./"));'
(Use `node --trace-warnings ...` to show where the warning was created)
✔ flyer recording failure propagates rather than silently accepting a redirect (1.835041ms)
✔ Parse authentication is independent, constant-time digest matched, and rejects malformed credentials (0.825439ms)
✔ Reply exclusions, opaque envelope addresses, stable message dedupe and text-only rendering (1.432055ms)
✔ Signed referral context rejects edits, cross-purpose tokens and expiry (0.859262ms)
✔ KPI reconciliation deduplicates cohorts/deals, excludes pre-attribution milestones, labels unknown history and reuses rate calculator (4.086855ms)
✔ Real database attribution and Parse redelivery reconcile without live communications (644.46332ms)
(node:28107) ExperimentalWarning: `--experimental-loader` may be removed in the future; instead use `register()`:
--import 'data:text/javascript,import { register } from "node:module"; import { pathToFileURL } from "node:url"; register("./test-loader.mjs", pathToFileURL("./"));'
(Use `node --trace-warnings ...` to show where the warning was created)
✔ remaining audience excludes the original sent set, including repeated launch rows (2.412045ms)
✔ deferred, cancelled and internal unclaimed eligible rows are pending; SMS is not silently relaunched (4.938149ms)
✔ a sent or unresolved provider attempt blocks a stale queued recipient (5.635212ms)
✔ suppression and unsubscribe are rechecked; sent addresses cannot reenter through another lead (0.625474ms)
(node:28123) ExperimentalWarning: `--experimental-loader` may be removed in the future; instead use `register()`:
--import 'data:text/javascript,import { register } from "node:module"; import { pathToFileURL } from "node:url"; register("./test-loader.mjs", pathToFileURL("./"));'
(Use `node --trace-warnings ...` to show where the warning was created)
✔ campaign reply capture is optional; real sender retains Reply-To or tokenises only on opt-in (8.640177ms)
(node:28123) ExperimentalWarning: `--experimental-loader` may be removed in the future; instead use `register()`:
--import 'data:text/javascript,import { register } from "node:module"; import { pathToFileURL } from "node:url"; register("./test-loader.mjs", pathToFileURL("./"));'
(Use `node --trace-warnings ...` to show where the warning was created)
(node:28135) ExperimentalWarning: `--experimental-loader` may be removed in the future; instead use `register()`:
--import 'data:text/javascript,import { register } from "node:module"; import { pathToFileURL } from "node:url"; register("./test-loader.mjs", pathToFileURL("./"));'
(Use `node --trace-warnings ...` to show where the warning was created)
✔ campaign APIs are restricted to manager and admin roles (1.336123ms)
✔ campaign without a flyer produces plain text and one remote logo HTML alternative (1.035625ms)
✔ Link sends no attachment and renders an expiring URL in both email alternatives; Attach is unchanged (2.673644ms)
✔ vendor vertical mappings use imported lead vertical first and default to equipment (0.824766ms)
✔ flyer link defaults follow the selected flyer's audience in text and HTML (0.709426ms)
✔ flyer link overrides survive merge rendering, are HTML escaped, and are accepted for approval (1.26451ms)
✔ daily overflow is deferred to the next New York business day (26.843564ms)
✔ future scheduled launches are rejected when no delivery worker exists (0.229513ms)
✔ resume candidates exclude sent, uncertain, and early deferred rows (0.826384ms)
✔ audience classification preserves actionable email exclusion reasons (0.709519ms)
✔ campaign audience union deduplicates IDs, prioritizes picked origin, and sorts by ID (0.443829ms)
✔ campaign exclusion breakdown distinguishes consent, suppression, prior sends and duplicates (0.225382ms)
✔ a picked lead outside the filters is included but suppression excludes it with a visible reason (0.274692ms)
✔ manual picks without filters never expand into an all-leads campaign (0.126954ms)
✔ SMS preview explains missing, duplicate, consent, and unsupported launch outcomes (0.218171ms)
✔ editing a campaign invalidates its approval version (0.178921ms)
✔ repeat launch lifecycle is idempotent and transitions are explicit (0.268281ms)
✔ future scheduling advances the campaign, while an unscheduled dry run does not (0.15754ms)
✔ campaign content hashes are stable and change when approved template content changes (0.853875ms)
✔ campaign Reply-To defaults and participates in approval hash (0.17885ms)
✔ approval blocks unknown merge tokens before any provider send (0.246944ms)
✔ campaign flyer delivery uses the approved immutable creative (0.257783ms)
✔ approval requires the current hash and explicit claims affirmation (0.667007ms)
✔ approval and launch reject empty or malformed eligible audience counts (0.173532ms)
✔ provider-free validation reports no-send, tested address, audience count, and timestamp (0.134148ms)
✔ provider-free validation rejects inactive or missing content and exercises rendering (0.2562ms)
✔ approved audience remains the launch source after reload or newer preview changes (0.170937ms)
✔ assigned representative reply-to contract preserves routing (0.1326ms)
✔ same-key resume only selects eligible recipients and never retries uncertain queued rows (0.139902ms)
✔ recipient ledger summaries are cumulative across partial runs (0.13706ms)
✔ execution lease refuses active owners and allows expiry takeover (0.085747ms)
✔ resume continues past already-processed queued recipient (0.198099ms)
(node:28135) ExperimentalWarning: `--experimental-loader` may be removed in the future; instead use `register()`:
--import 'data:text/javascript,import { register } from "node:module"; import { pathToFileURL } from "node:url"; register("./test-loader.mjs", pathToFileURL("./"));'
(Use `node --trace-warnings ...` to show where the warning was created)
(node:28145) ExperimentalWarning: `--experimental-loader` may be removed in the future; instead use `register()`:
--import 'data:text/javascript,import { register } from "node:module"; import { pathToFileURL } from "node:url"; register("./test-loader.mjs", pathToFileURL("./"));'
(Use `node --trace-warnings ...` to show where the warning was created)
✔ Clerk publishable key origins are decoded for diagnostics only (1.018252ms)
✔ Clerk proxy always uses the documented proxy upstream (0.187147ms)
✔ production proxy emits a fatal diagnostic when its secret is missing (1.149027ms)
✔ production proxy logs the derived FAPI host and safe key prefixes once (0.347469ms)
✔ production proxy logs a full upstream exception and returns a short reason (0.417362ms)
✔ production proxy preserves an upstream failure status and logs response headers (1.027102ms)
✔ Clerk health probes the proxy upstream and caches the result (0.854473ms)
✔ Clerk health reports missing keys and an unreachable upstream (0.369109ms)
(node:28145) ExperimentalWarning: `--experimental-loader` may be removed in the future; instead use `register()`:
--import 'data:text/javascript,import { register } from "node:module"; import { pathToFileURL } from "node:url"; register("./test-loader.mjs", pathToFileURL("./"));'
(Use `node --trace-warnings ...` to show where the warning was created)
(node:28154) ExperimentalWarning: `--experimental-loader` may be removed in the future; instead use `register()`:
--import 'data:text/javascript,import { register } from "node:module"; import { pathToFileURL } from "node:url"; register("./test-loader.mjs", pathToFileURL("./"));'
(Use `node --trace-warnings ...` to show where the warning was created)
✔ reps cannot use admin collateral template policy (0.757232ms)
✔ collateral admin policy permits managers only through the explicit admin role (0.272424ms)
✔ rep collateral email policy only permits assigned leads (0.173862ms)
(node:28163) ExperimentalWarning: `--experimental-loader` may be removed in the future; instead use `register()`:
--import 'data:text/javascript,import { register } from "node:module"; import { pathToFileURL } from "node:url"; register("./test-loader.mjs", pathToFileURL("./"));'
(Use `node --trace-warnings ...` to show where the warning was created)
✔ collateral provider payload rewrites legacy CRM URLs, not unrelated destinations (3.904382ms)
(node:28163) ExperimentalWarning: `--experimental-loader` may be removed in the future; instead use `register()`:
--import 'data:text/javascript,import { register } from "node:module"; import { pathToFileURL } from "node:url"; register("./test-loader.mjs", pathToFileURL("./"));'
(Use `node --trace-warnings ...` to show where the warning was created)
(node:28181) ExperimentalWarning: `--experimental-loader` may be removed in the future; instead use `register()`:
--import 'data:text/javascript,import { register } from "node:module"; import { pathToFileURL } from "node:url"; register("./test-loader.mjs", pathToFileURL("./"));'
(Use `node --trace-warnings ...` to show where the warning was created)
✔ collateral merge fields prefer corporate email and omit absent optional values (57.735059ms)
✔ collateral merge fields omit optional title and phone lines (12.330498ms)
✔ QR encoder receives the exact rep URL and required brand-safe options (14.011589ms)
✔ PDF image overlay emits Letter output and explicitly rejects raster output without sharp (190.389124ms)
✔ image overlay does not mutate source bytes and retains artwork content above rep band (114.186076ms)
(node:28195) ExperimentalWarning: `--experimental-loader` may be removed in the future; instead use `register()`:
--import 'data:text/javascript,import { register } from "node:module"; import { pathToFileURL } from "node:url"; register("./test-loader.mjs", pathToFileURL("./"));'
(Use `node --trace-warnings ...` to show where the warning was created)
✔ commercial financing disclosure remains sourced from the immutable consent text artifact (1.301429ms)
✔ consentText.ts matches the canonical full-file SHA-256 fixture (2.037131ms)
✔ the disclosure acceptance checkbox has a required, artifact-owned label and version (0.30621ms)
✔ public disclosure payload exactly exposes the immutable artifact constants (1.070908ms)
(node:28205) ExperimentalWarning: `--experimental-loader` may be removed in the future; instead use `register()`:
--import 'data:text/javascript,import { register } from "node:module"; import { pathToFileURL } from "node:url"; register("./test-loader.mjs", pathToFileURL("./"));'
(Use `node --trace-warnings ...` to show where the warning was created)
✔ calls card fixture counts two voicemails, one callback, and one overdue record (407.295013ms)
(node:28213) ExperimentalWarning: `--experimental-loader` may be removed in the future; instead use `register()`:
--import 'data:text/javascript,import { register } from "node:module"; import { pathToFileURL } from "node:url"; register("./test-loader.mjs", pathToFileURL("./"));'
(Use `node --trace-warnings ...` to show where the warning was created)
✔ Migration 029 is append-only and preserves historical approvals (3.592862ms)
✔ latest approval selection uses created_at then id tie-break (0.265373ms)
✔ approval reminder creation is idempotent across duplicate captures (1.168675ms)
(node:28213) ExperimentalWarning: `--experimental-loader` may be removed in the future; instead use `register()`:
--import 'data:text/javascript,import { register } from "node:module"; import { pathToFileURL } from "node:url"; register("./test-loader.mjs", pathToFileURL("./"));'
(Use `node --trace-warnings ...` to show where the warning was created)
(node:28226) ExperimentalWarning: `--experimental-loader` may be removed in the future; instead use `register()`:
--import 'data:text/javascript,import { register } from "node:module"; import { pathToFileURL } from "node:url"; register("./test-loader.mjs", pathToFileURL("./"));'
(Use `node --trace-warnings ...` to show where the warning was created)
✔ deal labels retain unlinked business names without exposing private linked identities or numbers (1170.885912ms)
✔ rep deal-name search requires an unlinked deal or ownership of its linked lead (22.679193ms)
✔ deal contact projection scopes reps to their linked-lead ownership in one batch (3.094207ms)
✔ manager and admin contact projections do not apply rep ownership restrictions (1.43688ms)
(node:28226) ExperimentalWarning: `--experimental-loader` may be removed in the future; instead use `register()`:
--import 'data:text/javascript,import { register } from "node:module"; import { pathToFileURL } from "node:url"; register("./test-loader.mjs", pathToFileURL("./"));'
(Use `node --trace-warnings ...` to show where the warning was created)
(node:28235) ExperimentalWarning: `--experimental-loader` may be removed in the future; instead use `register()`:
--import 'data:text/javascript,import { register } from "node:module"; import { pathToFileURL } from "node:url"; register("./test-loader.mjs", pathToFileURL("./"));'
(Use `node --trace-warnings ...` to show where the warning was created)
(node:28235) ExperimentalWarning: `--experimental-loader` may be removed in the future; instead use `register()`:
--import 'data:text/javascript,import { register } from "node:module"; import { pathToFileURL } from "node:url"; register("./test-loader.mjs", pathToFileURL("./"));'
(Use `node --trace-warnings ...` to show where the warning was created)
✔ rep resolves an authorized funded deal to its lead and uploads against the lead id (1513.727119ms)
✔ visible deal does not disclose or authorize its other-rep lead (17.784158ms)
✔ linked deal explicitly reports missing contact identity without using its stored label (14.571706ms)
(node:28255) ExperimentalWarning: `--experimental-loader` may be removed in the future; instead use `register()`:
--import 'data:text/javascript,import { register } from "node:module"; import { pathToFileURL } from "node:url"; register("./test-loader.mjs", pathToFileURL("./"));'
(Use `node --trace-warnings ...` to show where the warning was created)
✔ production funded GM aggregate sums raw actualGm without split multiplication (1.864199ms)
(node:28274) ExperimentalWarning: `--experimental-loader` may be removed in the future; instead use `register()`:
--import 'data:text/javascript,import { register } from "node:module"; import { pathToFileURL } from "node:url"; register("./test-loader.mjs", pathToFileURL("./"));'
(Use `node --trace-warnings ...` to show where the warning was created)
✔ manager and admin deal readers can inspect submission metadata (0.619316ms)
✔ rep submission reads remain assignment-bound and pending users are denied (0.134633ms)
(node:28276) ExperimentalWarning: `--experimental-loader` may be removed in the future; instead use `register()`:
--import 'data:text/javascript,import { register } from "node:module"; import { pathToFileURL } from "node:url"; register("./test-loader.mjs", pathToFileURL("./"));'
(Use `node --trace-warnings ...` to show where the warning was created)
✔ deal CSV includes notes and split percentage values (1294.750406ms)
(node:28276) ExperimentalWarning: `--experimental-loader` may be removed in the future; instead use `register()`:
--import 'data:text/javascript,import { register } from "node:module"; import { pathToFileURL } from "node:url"; register("./test-loader.mjs", pathToFileURL("./"));'
(Use `node --trace-warnings ...` to show where the warning was created)
(node:28295) ExperimentalWarning: `--experimental-loader` may be removed in the future; instead use `register()`:
--import 'data:text/javascript,import { register } from "node:module"; import { pathToFileURL } from "node:url"; register("./test-loader.mjs", pathToFileURL("./"));'
(Use `node --trace-warnings ...` to show where the warning was created)
(node:28295) ExperimentalWarning: `--experimental-loader` may be removed in the future; instead use `register()`:
--import 'data:text/javascript,import { register } from "node:module"; import { pathToFileURL } from "node:url"; register("./test-loader.mjs", pathToFileURL("./"));'
(Use `node --trace-warnings ...` to show where the warning was created)
✔ Express deal update persists notes and exactly one notes_updated activity (93.509053ms)
✔ deal update rolls back notes when activity logging fails (13.479382ms)
Error: activity insert failed
    at Object.values (file:///home/runner/workspace/.local/campaign-remaining-source/artifacts/api-server/src/lib/dealsUpdateRoute.test.ts:92:47)
    at logActivity (file:///home/runner/workspace/.local/campaign-remaining-source/artifacts/api-server/src/lib/activityHelper.ts:17:43)
    at file:///home/runner/workspace/.local/campaign-remaining-source/artifacts/api-server/src/routes/deals.ts:819:13
    at process.processTicksAndRejections (node:internal/process/task_queues:103:5)
    at async Object.transaction (file:///home/runner/workspace/.local/campaign-remaining-source/artifacts/api-server/src/lib/dealsUpdateRoute.test.ts:79:16)
    at async file:///home/runner/workspace/.local/campaign-remaining-source/artifacts/api-server/src/routes/deals.ts:792:16
✔ rate points save updates the correct GM field and writes complete activity in one transaction (19.54291ms)
(node:28296) ExperimentalWarning: `--experimental-loader` may be removed in the future; instead use `register()`:
--import 'data:text/javascript,import { register } from "node:module"; import { pathToFileURL } from "node:url"; register("./test-loader.mjs", pathToFileURL("./"));'
(Use `node --trace-warnings ...` to show where the warning was created)
✔ document download headers support Unicode names with an ASCII fallback (2.490611ms)
✔ document download headers encode control and quote characters (0.503412ms)
(node:28312) ExperimentalWarning: `--experimental-loader` may be removed in the future; instead use `register()`:
--import 'data:text/javascript,import { register } from "node:module"; import { pathToFileURL } from "node:url"; register("./test-loader.mjs", pathToFileURL("./"));'
(Use `node --trace-warnings ...` to show where the warning was created)
✔ legacy document category helper mirrors migration 019 key backfill (1.446874ms)
(node:28312) ExperimentalWarning: `--experimental-loader` may be removed in the future; instead use `register()`:
--import 'data:text/javascript,import { register } from "node:module"; import { pathToFileURL } from "node:url"; register("./test-loader.mjs", pathToFileURL("./"));'
(Use `node --trace-warnings ...` to show where the warning was created)
✔ a rep cannot update a document category for another rep's lead (46.974727ms)
✔ a rep can update a document category for their assigned lead (28.280456ms)
(node:28323) ExperimentalWarning: `--experimental-loader` may be removed in the future; instead use `register()`:
--import 'data:text/javascript,import { register } from "node:module"; import { pathToFileURL } from "node:url"; register("./test-loader.mjs", pathToFileURL("./"));'
(Use `node --trace-warnings ...` to show where the warning was created)
(node:28323) ExperimentalWarning: `--experimental-loader` may be removed in the future; instead use `register()`:
--import 'data:text/javascript,import { register } from "node:module"; import { pathToFileURL } from "node:url"; register("./test-loader.mjs", pathToFileURL("./"));'
(Use `node --trace-warnings ...` to show where the warning was created)
✔ authorized funded lead can upload a document through the real API route (2407.62056ms)
✔ authorized declined lead can upload a document through the real API route (194.286808ms)
✔ deal visibility does not authorize upload to a linked lead owned by another rep (59.091128ms)
(node:28335) ExperimentalWarning: `--experimental-loader` may be removed in the future; instead use `register()`:
--import 'data:text/javascript,import { register } from "node:module"; import { pathToFileURL } from "node:url"; register("./test-loader.mjs", pathToFileURL("./"));'
(Use `node --trace-warnings ...` to show where the warning was created)
(node:28335) ExperimentalWarning: `--experimental-loader` may be removed in the future; instead use `register()`:
--import 'data:text/javascript,import { register } from "node:module"; import { pathToFileURL } from "node:url"; register("./test-loader.mjs", pathToFileURL("./"));'
(Use `node --trace-warnings ...` to show where the warning was created)
✔ production origin validation and boot, root and deep health (3358.727107ms)
✔ provider payloads for direct, campaign/drip, image-free and application confirmation use public URLs (7.310116ms)
(node:28351) ExperimentalWarning: `--experimental-loader` may be removed in the future; instead use `register()`:
--import 'data:text/javascript,import { register } from "node:module"; import { pathToFileURL } from "node:url"; register("./test-loader.mjs", pathToFileURL("./"));'
(Use `node --trace-warnings ...` to show where the warning was created)
✔ shared limiter rejects the reservation that would exceed the cap (0.998145ms)
✔ limiter normalizes invalid capacities to safe bounds (0.230509ms)
(node:28359) ExperimentalWarning: `--experimental-loader` may be removed in the future; instead use `register()`:
--import 'data:text/javascript,import { register } from "node:module"; import { pathToFileURL } from "node:url"; register("./test-loader.mjs", pathToFileURL("./"));'
(Use `node --trace-warnings ...` to show where the warning was created)
✔ documents and strictly rejects unknown merge tokens (1.356622ms)
✔ data:image URIs are rejected separately from merge-token validation (0.316618ms)
✔ every inline starter template uses only supported merge tokens (0.475182ms)
✔ rendering uses Hi there fallback and omits a missing company phrase (0.880314ms)
✔ supported per-send footer tokens render without creating a second footer (0.273379ms)
✔ HTML and plain-text compliance footer is exact once and never data URI (3.292448ms)
✔ provider dispatch keeps test-send Reply-To on the admin address (0.498532ms)
(node:28359) ExperimentalWarning: `--experimental-loader` may be removed in the future; instead use `register()`:
--import 'data:text/javascript,import { register } from "node:module"; import { pathToFileURL } from "node:url"; register("./test-loader.mjs", pathToFileURL("./"));'
(Use `node --trace-warnings ...` to show where the warning was created)
(node:28376) ExperimentalWarning: `--experimental-loader` may be removed in the future; instead use `register()`:
--import 'data:text/javascript,import { register } from "node:module"; import { pathToFileURL } from "node:url"; register("./test-loader.mjs", pathToFileURL("./"));'
(Use `node --trace-warnings ...` to show where the warning was created)
✔ suppression uses a canonical case-insensitive email (0.750173ms)
✔ email engagement state never downgrades terminal statuses (0.138319ms)
✔ all provider suppression events classify as suppressing (0.156851ms)
(node:28384) ExperimentalWarning: `--experimental-loader` may be removed in the future; instead use `register()`:
--import 'data:text/javascript,import { register } from "node:module"; import { pathToFileURL } from "node:url"; register("./test-loader.mjs", pathToFileURL("./"));'
(Use `node --trace-warnings ...` to show where the warning was created)
✔ entity labels trim identity and prefer company before contact (1.533176ms)
(node:28400) ExperimentalWarning: `--experimental-loader` may be removed in the future; instead use `register()`:
--import 'data:text/javascript,import { register } from "node:module"; import { pathToFileURL } from "node:url"; register("./test-loader.mjs", pathToFileURL("./"));'
(Use `node --trace-warnings ...` to show where the warning was created)
✔ an Express flyer request returns 503 and records one correlatable 5xx event (58.284268ms)
(node:28401) ExperimentalWarning: `--experimental-loader` may be removed in the future; instead use `register()`:
--import 'data:text/javascript,import { register } from "node:module"; import { pathToFileURL } from "node:url"; register("./test-loader.mjs", pathToFileURL("./"));'
(Use `node --trace-warnings ...` to show where the warning was created)
✔ production flyer renderer defaults are pinned to two concurrent renders and 30 seconds (1.184516ms)
✔ flyer rendering keeps five queued requests at a maximum concurrency of two (28.791968ms)
✔ a flyer render timeout is represented as a 503 error and retains its active slot (30.002521ms)
✔ five callers receive 503 by their enqueue deadline when the two active renders never settle (10.522814ms)
✔ flyer renderer refuses a configuration above the two-render safety cap (0.835642ms)
(node:28420) ExperimentalWarning: `--experimental-loader` may be removed in the future; instead use `register()`:
--import 'data:text/javascript,import { register } from "node:module"; import { pathToFileURL } from "node:url"; register("./test-loader.mjs", pathToFileURL("./"));'
(Use `node --trace-warnings ...` to show where the warning was created)
✔ 5xx recorder logs and persists request correlation fields and an error stack (14.607089ms)
✔ 5xx recorder deliberately ignores non-server responses (1.727516ms)
(node:28426) ExperimentalWarning: `--experimental-loader` may be removed in the future; instead use `register()`:
--import 'data:text/javascript,import { register } from "node:module"; import { pathToFileURL } from "node:url"; register("./test-loader.mjs", pathToFileURL("./"));'
(Use `node --trace-warnings ...` to show where the warning was created)
✔ matches an unassigned inbound lead older than 24 hours (0.694354ms)
✔ does not match a lead exactly at the 24-hour boundary (0.254362ms)
✔ does not match assigned, non-inbound, or recent leads (0.111441ms)
(node:28437) ExperimentalWarning: `--experimental-loader` may be removed in the future; instead use `register()`:
--import 'data:text/javascript,import { register } from "node:module"; import { pathToFileURL } from "node:url"; register("./test-loader.mjs", pathToFileURL("./"));'
(Use `node --trace-warnings ...` to show where the warning was created)
▶ New York inbound business hours
  ✔ respects weekdays, exact boundaries, DST and holidays (13.457037ms)
✔ New York inbound business hours (14.220377ms)
▶ inbound routing targets
  ✔ rings a known caller's assigned active rep only (0.848721ms)
  ✔ rings active forwarding reps for unknown callers or ring-all mode (0.172722ms)
  ✔ returns a simultaneous 20-second dial for known and unknown callers (5.212823ms)
  ✔ skips dialing after hours and records with the closed greeting (0.873506ms)
  ✔ rings priority reps sequentially, skipping inactive, merged, and unforwarded users (0.869647ms)
  ✔ uses audio when available and falls back to written greeting otherwise (0.872145ms)
✔ inbound routing targets (9.533987ms)
(node:28444) ExperimentalWarning: `--experimental-loader` may be removed in the future; instead use `register()`:
--import 'data:text/javascript,import { register } from "node:module"; import { pathToFileURL } from "node:url"; register("./test-loader.mjs", pathToFileURL("./"));'
(Use `node --trace-warnings ...` to show where the warning was created)
✔ names the first missing or invalid Twilio setting (0.800171ms)
✔ reports detailed integration presence and caches token mint (0.465146ms)
✔ times out token mint with a safe reason (5.737941ms)
✔ lists both owned numbers when both roles use the business line (1.232997ms)
✔ reports split configured roles across owned numbers (0.136795ms)
✔ keeps selected sender role visible when the sender is unowned (0.095281ms)
(node:28455) ExperimentalWarning: `--experimental-loader` may be removed in the future; instead use `register()`:
--import 'data:text/javascript,import { register } from "node:module"; import { pathToFileURL } from "node:url"; register("./test-loader.mjs", pathToFileURL("./"));'
(Use `node --trace-warnings ...` to show where the warning was created)
✔ lead search matches company-table identity in one correlated SQL query (1309.957345ms)
(node:28455) ExperimentalWarning: `--experimental-loader` may be removed in the future; instead use `register()`:
--import 'data:text/javascript,import { register } from "node:module"; import { pathToFileURL } from "node:url"; register("./test-loader.mjs", pathToFileURL("./"));'
(Use `node --trace-warnings ...` to show where the warning was created)
(node:28470) ExperimentalWarning: `--experimental-loader` may be removed in the future; instead use `register()`:
--import 'data:text/javascript,import { register } from "node:module"; import { pathToFileURL } from "node:url"; register("./test-loader.mjs", pathToFileURL("./"));'
(Use `node --trace-warnings ...` to show where the warning was created)
✔ CSV lead import parser keeps vertical column values (1.485754ms)
✔ CSV buffer parsing does not load the optional ExcelJS parser (0.491289ms)
✔ Excel buffer parsing lazily loads ExcelJS and preserves normalized rows (1285.088622ms)
✔ lead import resolves an explicitly mapped vertical source column (0.833554ms)
✔ known verticals normalize to canonical values and unknown values remain intact (0.204632ms)
(node:28478) ExperimentalWarning: `--experimental-loader` may be removed in the future; instead use `register()`:
--import 'data:text/javascript,import { register } from "node:module"; import { pathToFileURL } from "node:url"; register("./test-loader.mjs", pathToFileURL("./"));'
(Use `node --trace-warnings ...` to show where the warning was created)
(node:28478) ExperimentalWarning: `--experimental-loader` may be removed in the future; instead use `register()`:
--import 'data:text/javascript,import { register } from "node:module"; import { pathToFileURL } from "node:url"; register("./test-loader.mjs", pathToFileURL("./"));'
(Use `node --trace-warnings ...` to show where the warning was created)
✔ deal contact SMS target uses application-scoped consent and never sends without consent (99.20126ms)
(node:28491) ExperimentalWarning: `--experimental-loader` may be removed in the future; instead use `register()`:
--import 'data:text/javascript,import { register } from "node:module"; import { pathToFileURL } from "node:url"; register("./test-loader.mjs", pathToFileURL("./"));'
(Use `node --trace-warnings ...` to show where the warning was created)
✔ GET /api/leads?stale=true returns only stale assigned leads for an admin (1556.995235ms)
✔ ordinary company search selects IDs before relational hydration (20.456773ms)
✔ POST /api/leads/capture/elementor is absent and does not invoke a handler (10.43077ms)
(node:28491) ExperimentalWarning: `--experimental-loader` may be removed in the future; instead use `register()`:
--import 'data:text/javascript,import { register } from "node:module"; import { pathToFileURL } from "node:url"; register("./test-loader.mjs", pathToFileURL("./"));'
(Use `node --trace-warnings ...` to show where the warning was created)
(node:28506) ExperimentalWarning: `--experimental-loader` may be removed in the future; instead use `register()`:
--import 'data:text/javascript,import { register } from "node:module"; import { pathToFileURL } from "node:url"; register("./test-loader.mjs", pathToFileURL("./"));'
(Use `node --trace-warnings ...` to show where the warning was created)
✔ context carries criteria, provenance, stipulations, and points (4.179887ms)
✔ prompt forbids ranking unknown dimensions and requires citations (0.412699ms)
✔ recommendations without a criterion or exact document gap are rejected (0.252734ms)
✔ free-text context is redacted before it reaches the prompt (2.35384ms)
✔ text recommendations must cite criteria and available document gaps (0.581096ms)
✔ document readiness uses categories and preserves personal/joint document gaps (0.852113ms)
✔ unknown required document remains a gap unless its exact label is present (0.768444ms)
(node:28514) ExperimentalWarning: `--experimental-loader` may be removed in the future; instead use `register()`:
--import 'data:text/javascript,import { register } from "node:module"; import { pathToFileURL } from "node:url"; register("./test-loader.mjs", pathToFileURL("./"));'
(Use `node --trace-warnings ...` to show where the warning was created)
✔ lender-package route exposes safe renderer reason and logs the full error (26.030649ms)
✔ lender-package route returns the no_application reason without rendering (4.424637ms)
(node:28514) ExperimentalWarning: `--experimental-loader` may be removed in the future; instead use `register()`:
--import 'data:text/javascript,import { register } from "node:module"; import { pathToFileURL } from "node:url"; register("./test-loader.mjs", pathToFileURL("./"));'
(Use `node --trace-warnings ...` to show where the warning was created)
✔ omission report paginates instead of failing on many excluded documents (481.761626ms)
✔ native cover uses branded rep email and polished cover values (249.042115ms)
✔ selection uses persisted document categories and orders underwriting documents (1.932803ms)
✔ selected package honors unchecked cover/application sections and the caller's document order (35.372374ms)
✔ selected package normalizes scrambled cross-category IDs but retains each category's chosen order (20.92424ms)
✔ selected package rejects document IDs belonging to another lead (1.567703ms)
✔ lender-package rendering includes supplied primary and secondary owner SSNs (1322.283047ms)
✔ the retired maskSsn input is rejected while legacy saved configs are normalized (1.158259ms)
✔ an assigned rep's selected-package route decrypts full SSNs and audits sensitivity without logging values (1200.079639ms)
✔ the standard lender-package download decrypts both owner SSNs only after lead authorization (1562.757053ms)
✔ baseline application has two pages; exactly two statements append in upload order with safe footers (62.242071ms)
✔ native package includes three rep-uploaded statements and an invoice with Puppeteer unavailable (1318.948436ms)
✔ malformed and excluded files are skipped and every exclusion is named on the final page (1452.668832ms)
✔ statement copy failures become exclusions without partially appended pages (13.08919ms)
✔ a configurable small package cap prunes the largest statement (103.326965ms)
✔ failed oversized transfers debit actual bytes and stop later downloads (7.182659ms)
✔ rep access uses the documents route's 403 denial semantics (0.333351ms)
✔ admin can download any lead, audits the successful export, and sanitizes Unicode footer email (4.716453ms)
(node:28522) ExperimentalWarning: `--experimental-loader` may be removed in the future; instead use `register()`:
--import 'data:text/javascript,import { register } from "node:module"; import { pathToFileURL } from "node:url"; register("./test-loader.mjs", pathToFileURL("./"));'
(Use `node --trace-warnings ...` to show where the warning was created)
✔ lender package reasons do not expose arbitrary server errors (0.768504ms)
(node:28532) ExperimentalWarning: `--experimental-loader` may be removed in the future; instead use `register()`:
--import 'data:text/javascript,import { register } from "node:module"; import { pathToFileURL } from "node:url"; register("./test-loader.mjs", pathToFileURL("./"));'
(Use `node --trace-warnings ...` to show where the warning was created)
(node:28532) ExperimentalWarning: `--experimental-loader` may be removed in the future; instead use `register()`:
--import 'data:text/javascript,import { register } from "node:module"; import { pathToFileURL } from "node:url"; register("./test-loader.mjs", pathToFileURL("./"));'
(Use `node --trace-warnings ...` to show where the warning was created)
✔ seed-new route requires an authenticated admin (62.128829ms)
✔ seed-new route returns the exact shared operation summary, including missing update names (6.518368ms)
Failed to seed new lenders Error: database unavailable
    at seedNewLenders (file:///home/runner/workspace/.local/campaign-remaining-source/artifacts/api-server/src/lib/lenderSeedRoutes.test.ts:108:13)
    at file:///home/runner/workspace/.local/campaign-remaining-source/artifacts/api-server/src/routes/lenders.ts:558:28
    at process.processTicksAndRejections (node:internal/process/task_queues:103:5)
✔ seed-new route returns 500 when the shared operation fails (5.520573ms)
(node:28547) ExperimentalWarning: `--experimental-loader` may be removed in the future; instead use `register()`:
--import 'data:text/javascript,import { register } from "node:module"; import { pathToFileURL } from "node:url"; register("./test-loader.mjs", pathToFileURL("./"));'
(Use `node --trace-warnings ...` to show where the warning was created)
✔ submission request validation returns a named 400 before package work (6.734116ms)
✔ a concurrent second submission is denied by the held advisory lock before email send (18.770207ms)
✔ a post-SendGrid transaction failure leaves a durable receipt and refuses a second email (1.281765ms)
✔ a known SendGrid failure releases the receipt so a retry may send (1.267377ms)
✔ a thrown network error leaves an uncertain receipt and blocks a second email (1.204048ms)
✔ submission lock is released when immutable package storage fails before email (0.630442ms)
✔ submission re-download returns the immutable stored bytes after verifying its hash (1.231323ms)
✔ submission stores exactly the emailed attachment with config/hash metadata before immutable re-download (9.76009ms)
✔ lender submission decrypts full SSNs for package assembly without placing values in audit metadata (2.509507ms)
✔ an assigned rep may download a full-SSN immutable package under the normal lead authorization rule (5.532895ms)
✔ exact-package download refuses a corrupt stored object (0.782885ms)
✔ lender submission denies a rep with a lead assigned to another rep (0.166186ms)
✔ lender submission refuses a duplicate inside the rolling 24-hour window (0.171503ms)
✔ successful lender submission creates a Submitted deal when one is absent (0.638276ms)
✔ successful lender submission moves an existing active deal to Submitted and links its row (0.909876ms)
✔ lender submission SendGrid mock receives the built PDF, recipient, rep CC, and exact subject (0.622729ms)
✔ submission status and notes changes persist with activity logging in one transaction (1.171073ms)
(node:28547) ExperimentalWarning: `--experimental-loader` may be removed in the future; instead use `register()`:
--import 'data:text/javascript,import { register } from "node:module"; import { pathToFileURL } from "node:url"; register("./test-loader.mjs", pathToFileURL("./"));'
(Use `node --trace-warnings ...` to show where the warning was created)
(node:28563) ExperimentalWarning: `--experimental-loader` may be removed in the future; instead use `register()`:
--import 'data:text/javascript,import { register } from "node:module"; import { pathToFileURL } from "node:url"; register("./test-loader.mjs", pathToFileURL("./"));'
(Use `node --trace-warnings ...` to show where the warning was created)
✔ manual submission persists source manual and writes its activity (2.580468ms)
(node:28571) ExperimentalWarning: `--experimental-loader` may be removed in the future; instead use `register()`:
--import 'data:text/javascript,import { register } from "node:module"; import { pathToFileURL } from "node:url"; register("./test-loader.mjs", pathToFileURL("./"));'
(Use `node --trace-warnings ...` to show where the warning was created)
✔ an 8-month working-capital lead includes Thoro and excludes Dexly on TIB (19.271348ms)
✔ a 24-month, $250,000 working-capital lead includes Dexly (0.826633ms)
✔ missing required criteria exclude a lender (0.34797ms)
✔ documented equipment restrictions exclude a conflicting equipment file (0.281481ms)
✔ incomplete equipment facts cannot silently clear documented restrictions (0.287339ms)
✔ missing amount, TIB, state, and generic Other industry cannot clear structured gates (0.413913ms)
✔ application estimated score band is used only when actual score is absent (0.353381ms)
✔ actual lead credit score overrides application estimated score (0.341411ms)
✔ application business start month supplies time in business when company data is absent (0.515013ms)
✔ company time in business overrides application business start date (0.404097ms)
✔ an equipment trucking lead matches only lenders allowed by structured criteria (2.760809ms)
✔ batch 2 startup, monthly revenue, industry, and financial-statement gates use structured criteria (4.037196ms)
✔ product-scoped revenue gates and all-program industry restrictions apply correctly (1.143877ms)
✔ Section D Fenix and AFG packet scenarios use production seed rows and matcher (3.194997ms)
✔ Maxim uses state/amount/TIB gates, ignores FICO, and requires collateral for WC (1.713396ms)
✔ AFG vocational exceptions are scoped to equipment applications (0.235008ms)
✔ AFG tow-truck exclusion considers company and application signals (0.454908ms)
✔ AFG restricted trucking exceptions cannot be used by working-capital applications (0.391947ms)
✔ AFG tow exclusion ignores incidental towing equipment language (0.132505ms)
✔ rep-facing DKW fixture ranks approval before points and speed (0.790035ms)
✔ Godspeed approval evidence exposes Maxim C1 down-payment range and points (0.818729ms)
✔ generic lender notes never leak a captured approval tier to another lead (0.146911ms)
✔ Maxim points are a documented deal-specific upper bound, not compensation.max (0.557212ms)
✔ Enviro-Care below AFG equipment minimum is explicitly excluded (0.253829ms)
✔ document gaps use categories and statement count without treating one bank statement as three (0.733333ms)
✔ a current business statement reconciles a stale personal-only persisted gap (0.208273ms)
(node:28584) ExperimentalWarning: `--experimental-loader` may be removed in the future; instead use `register()`:
--import 'data:text/javascript,import { register } from "node:module"; import { pathToFileURL } from "node:url"; register("./test-loader.mjs", pathToFileURL("./"));'
(Use `node --trace-warnings ...` to show where the warning was created)
✔ migration runner applies a new file once and skips it on the second run (21.683381ms)
✔ migration runner reports a checksum mismatch without rerunning the file (3.161731ms)
✔ schema boot line reports zero applied migrations (0.210722ms)
✔ schema boot line lists pending migration names (0.268677ms)
✔ dry run treats a wrapped missing-ledger error as a first run (6.158633ms)
(node:28590) ExperimentalWarning: `--experimental-loader` may be removed in the future; instead use `register()`:
--import 'data:text/javascript,import { register } from "node:module"; import { pathToFileURL } from "node:url"; register("./test-loader.mjs", pathToFileURL("./"));'
(Use `node --trace-warnings ...` to show where the warning was created)
✔ assignment destination SQL includes every active non-pending non-merged staff role (2.225889ms)
✔ campaign deals default is unrestricted; open/exclude use complementary correlated existence (1.803441ms)
✔ lead list accepts exact imported source values without changing their spelling (460.232886ms)
(node:28590) ExperimentalWarning: `--experimental-loader` may be removed in the future; instead use `register()`:
--import 'data:text/javascript,import { register } from "node:module"; import { pathToFileURL } from "node:url"; register("./test-loader.mjs", pathToFileURL("./"));'
(Use `node --trace-warnings ...` to show where the warning was created)
(node:28604) ExperimentalWarning: `--experimental-loader` may be removed in the future; instead use `register()`:
--import 'data:text/javascript,import { register } from "node:module"; import { pathToFileURL } from "node:url"; register("./test-loader.mjs", pathToFileURL("./"));'
(Use `node --trace-warnings ...` to show where the warning was created)
✔ seed literals have the exact mapped fields and exhaustive structured notes (1.504744ms)
✔ new lender seeds have one entry per lender and the seed plan is idempotent (0.452236ms)
✔ a later existing-lender packet takes precedence over overlapping seed fields (0.168502ms)
✔ the Section A seed literals preserve exact mapped fields, contacts, nulls, and notes (0.682553ms)
✔ seed insert mapping carries explicit contacts and position caps without name special cases (0.500754ms)
✔ supported document fields are populated only where the packet states them (0.363831ms)
✔ the pure exact-name planner is idempotent and preserves existing names (0.278587ms)
✔ Section B update literals preserve the exact marker, source statements, and schema mappings (0.431536ms)
✔ Section B appends preserve old notes and contacts while restricting structured patches (1.338753ms)
✔ production executor creates first, then applies Section B updates with only AFG contact correction (6.736479ms)
✔ seed operation reports the unique configured lender inventory and updates (3.089951ms)
✔ production executor uses exact names and does not recreate a missing Section B lender (3.44364ms)
✔ structured gates backfill after an earlier packet marker and remain idempotent (1.327981ms)
✔ a prior packet marker without the new AFG marker is updated once and then unchanged (15.069533ms)
✔ prior packet inventory includes the new AFG update and three unapplied September 15 updates (3.177933ms)
✔ Section D seeds one missing lender and updates old AFG marker exactly once (1.49409ms)
✔ the original four-lender seed script remains byte-unchanged (21.406484ms)
(node:28625) ExperimentalWarning: `--experimental-loader` may be removed in the future; instead use `register()`:
--import 'data:text/javascript,import { register } from "node:module"; import { pathToFileURL } from "node:url"; register("./test-loader.mjs", pathToFileURL("./"));'
(Use `node --trace-warnings ...` to show where the warning was created)
✔ legacy deal numbers cannot reappear in notification titles or descriptions (27.359617ms)
✔ the generated client's exact notification payload matches the query schema (1.193054ms)
✔ rep can list, click through, mark read, and mark all read without changing another user's rows (17.666833ms)
✔ admin can list, click through, mark read, and mark all read without changing another user's rows (12.336233ms)
(node:28625) ExperimentalWarning: `--experimental-loader` may be removed in the future; instead use `register()`:
--import 'data:text/javascript,import { register } from "node:module"; import { pathToFileURL } from "node:url"; register("./test-loader.mjs", pathToFileURL("./"));'
(Use `node --trace-warnings ...` to show where the warning was created)
(node:28639) ExperimentalWarning: `--experimental-loader` may be removed in the future; instead use `register()`:
--import 'data:text/javascript,import { register } from "node:module"; import { pathToFileURL } from "node:url"; register("./test-loader.mjs", pathToFileURL("./"));'
(Use `node --trace-warnings ...` to show where the warning was created)
✔ notification delivery attempts Expo and web channels independently (9.952254ms)
(node:28639) ExperimentalWarning: `--experimental-loader` may be removed in the future; instead use `register()`:
--import 'data:text/javascript,import { register } from "node:module"; import { pathToFileURL } from "node:url"; register("./test-loader.mjs", pathToFileURL("./"));'
(Use `node --trace-warnings ...` to show where the warning was created)
(node:28652) ExperimentalWarning: `--experimental-loader` may be removed in the future; instead use `register()`:
--import 'data:text/javascript,import { register } from "node:module"; import { pathToFileURL } from "node:url"; register("./test-loader.mjs", pathToFileURL("./"));'
(Use `node --trace-warnings ...` to show where the warning was created)
✔ broker-out matches are grouped as super-broker options (1.057893ms)
✔ broker-in split math exposes gross, referral, and net GM (0.670836ms)
✔ split math clamps malformed percentages (0.120231ms)
✔ missing referral data produces a numeric zero instead of NaN (0.082461ms)
(node:28660) ExperimentalWarning: `--experimental-loader` may be removed in the future; instead use `register()`:
--import 'data:text/javascript,import { register } from "node:module"; import { pathToFileURL } from "node:url"; register("./test-loader.mjs", pathToFileURL("./"));'
(Use `node --trace-warnings ...` to show where the warning was created)
✔ native PDF is healthy without Chromium; failed launches are cached for ten minutes (55.776929ms)
✔ successful probe closes browser and uses bounded launch options (4.001582ms)
✔ probe times out and still closes a late browser (50.456034ms)
(node:28676) ExperimentalWarning: `--experimental-loader` may be removed in the future; instead use `register()`:
--import 'data:text/javascript,import { register } from "node:module"; import { pathToFileURL } from "node:url"; register("./test-loader.mjs", pathToFileURL("./"));'
(Use `node --trace-warnings ...` to show where the warning was created)
[19:00:18.358] [33mWARN[39m (28676): [36mNon-fatal unhandled promise rejection; keeping process alive[39m
    [35mstack[39m: "Error: expected background cancellation\n    at TestContext.<anonymous> (file:///home/runner/workspace/.local/campaign-remaining-source/artifacts/api-server/src/lib/processHandlers.test.ts:11:33)\n    at Test.runInAsyncScope (node:async_hooks:214:14)\n    at Test.run (node:internal/test_runner/test:1106:25)\n    at Test.start (node:internal/test_runner/test:1003:17)\n    at startSubtestAfterBootstrap (node:internal/test_runner/harness:358:17)\n    at process.processTicksAndRejections (node:internal/process/task_queues:103:5)"
    err: {
      "type": "Error",
      "message": "expected background cancellation",
      "stack":
          Error: expected background cancellation
              at TestContext.<anonymous> (file:///home/runner/workspace/.local/campaign-remaining-source/artifacts/api-server/src/lib/processHandlers.test.ts:11:33)
              at Test.runInAsyncScope (node:async_hooks:214:14)
              at Test.run (node:internal/test_runner/test:1106:25)
              at Test.start (node:internal/test_runner/test:1003:17)
              at startSubtestAfterBootstrap (node:internal/test_runner/harness:358:17)
              at process.processTicksAndRejections (node:internal/process/task_queues:103:5)
    }
[19:00:18.359] [41mFATAL[49m (28676): [36mFATAL: Unhandled promise rejection; exiting[39m
    [35mstack[39m: "Error: unexpected failure\n    at TestContext.<anonymous> (file:///home/runner/workspace/.local/campaign-remaining-source/artifacts/api-server/src/lib/processHandlers.test.ts:25:28)\n    at Test.runInAsyncScope (node:async_hooks:214:14)\n    at Test.run (node:internal/test_runner/test:1106:25)\n    at Test.processPendingSubtests (node:internal/test_runner/test:788:18)\n    at Test.postRun (node:internal/test_runner/test:1235:19)\n    at Test.run (node:internal/test_runner/test:1163:12)\n    at process.processTicksAndRejections (node:internal/process/task_queues:103:5)\n    at async startSubtestAfterBootstrap (node:internal/test_runner/harness:358:3)"
    err: {
      "type": "Error",
      "message": "unexpected failure",
      "stack":
          Error: unexpected failure
              at TestContext.<anonymous> (file:///home/runner/workspace/.local/campaign-remaining-source/artifacts/api-server/src/lib/processHandlers.test.ts:25:28)
              at Test.runInAsyncScope (node:async_hooks:214:14)
              at Test.run (node:internal/test_runner/test:1106:25)
              at Test.processPendingSubtests (node:internal/test_runner/test:788:18)
              at Test.postRun (node:internal/test_runner/test:1235:19)
              at Test.run (node:internal/test_runner/test:1163:12)
              at process.processTicksAndRejections (node:internal/process/task_queues:103:5)
              at async startSubtestAfterBootstrap (node:internal/test_runner/harness:358:3)
    }
[19:00:18.505] [41mFATAL[49m (28676): [36mFATAL: Uncaught exception; exiting[39m
    [35mstack[39m: "Error: unexpected exception\n    at TestContext.<anonymous> (file:///home/runner/workspace/.local/campaign-remaining-source/artifacts/api-server/src/lib/processHandlers.test.ts:35:27)\n    at Test.runInAsyncScope (node:async_hooks:214:14)\n    at Test.run (node:internal/test_runner/test:1106:25)\n    at Test.processPendingSubtests (node:internal/test_runner/test:788:18)\n    at Test.postRun (node:internal/test_runner/test:1235:19)\n    at Test.run (node:internal/test_runner/test:1163:12)\n    at process.processTicksAndRejections (node:internal/process/task_queues:103:5)\n    at async Test.processPendingSubtests (node:internal/test_runner/test:788:7)"
    [35morigin[39m: "uncaughtException"
    err: {
      "type": "Error",
      "message": "unexpected exception",
      "stack":
          Error: unexpected exception
              at TestContext.<anonymous> (file:///home/runner/workspace/.local/campaign-remaining-source/artifacts/api-server/src/lib/processHandlers.test.ts:35:27)
              at Test.runInAsyncScope (node:async_hooks:214:14)
              at Test.run (node:internal/test_runner/test:1106:25)
              at Test.processPendingSubtests (node:internal/test_runner/test:788:18)
              at Test.postRun (node:internal/test_runner/test:1235:19)
              at Test.run (node:internal/test_runner/test:1163:12)
              at process.processTicksAndRejections (node:internal/process/task_queues:103:5)
              at async Test.processPendingSubtests (node:internal/test_runner/test:788:7)
    }
✔ only explicitly marked promise rejections keep the process alive (1.489162ms)
✔ unknown promise rejections are fatal (145.4854ms)
✔ unknown uncaught exceptions are fatal (3.90426ms)
✔ explicitly marked uncaught exceptions keep the process alive (0.800605ms)
(node:28676) ExperimentalWarning: `--experimental-loader` may be removed in the future; instead use `register()`:
--import 'data:text/javascript,import { register } from "node:module"; import { pathToFileURL } from "node:url"; register("./test-loader.mjs", pathToFileURL("./"));'
(Use `node --trace-warnings ...` to show where the warning was created)
[19:00:18.509] [33mWARN[39m (28676): [36mNon-fatal uncaught exception; keeping process alive[39m
    [35mstack[39m: "Error: expected isolated exception\n    at TestContext.<anonymous> (file:///home/runner/workspace/.local/campaign-remaining-source/artifacts/api-server/src/lib/processHandlers.test.ts:46:18)\n    at Test.runInAsyncScope (node:async_hooks:214:14)\n    at Test.run (node:internal/test_runner/test:1106:25)\n    at Test.processPendingSubtests (node:internal/test_runner/test:788:18)\n    at Test.postRun (node:internal/test_runner/test:1235:19)\n    at Test.run (node:internal/test_runner/test:1163:12)\n    at process.processTicksAndRejections (node:internal/process/task_queues:103:5)\n    at async Test.processPendingSubtests (node:internal/test_runner/test:788:7)"
    [35morigin[39m: "uncaughtException"
    err: {
      "type": "Error",
      "message": "expected isolated exception",
      "stack":
          Error: expected isolated exception
              at TestContext.<anonymous> (file:///home/runner/workspace/.local/campaign-remaining-source/artifacts/api-server/src/lib/processHandlers.test.ts:46:18)
              at Test.runInAsyncScope (node:async_hooks:214:14)
              at Test.run (node:internal/test_runner/test:1106:25)
              at Test.processPendingSubtests (node:internal/test_runner/test:788:18)
              at Test.postRun (node:internal/test_runner/test:1235:19)
              at Test.run (node:internal/test_runner/test:1163:12)
              at process.processTicksAndRejections (node:internal/process/task_queues:103:5)
              at async Test.processPendingSubtests (node:internal/test_runner/test:788:7)
    }
(node:28688) ExperimentalWarning: `--experimental-loader` may be removed in the future; instead use `register()`:
--import 'data:text/javascript,import { register } from "node:module"; import { pathToFileURL } from "node:url"; register("./test-loader.mjs", pathToFileURL("./"));'
(Use `node --trace-warnings ...` to show where the warning was created)
✔ production closeout route requires an authenticated admin (55.3637ms)
✔ production closeout route returns the same shared lender operation result (10.27297ms)
(node:28688) ExperimentalWarning: `--experimental-loader` may be removed in the future; instead use `register()`:
--import 'data:text/javascript,import { register } from "node:module"; import { pathToFileURL } from "node:url"; register("./test-loader.mjs", pathToFileURL("./"));'
(Use `node --trace-warnings ...` to show where the warning was created)
Failed to run production closeout Error: closeout unavailable
    at runProductionCloseout (file:///home/runner/workspace/.local/campaign-remaining-source/artifacts/api-server/src/lib/productionCloseoutRoute.test.ts:126:13)
    at file:///home/runner/workspace/.local/campaign-remaining-source/artifacts/api-server/src/routes/adminProductionCloseout.ts:41:28
    at process.processTicksAndRejections (node:internal/process/task_queues:103:5)
✔ production closeout route preserves operation failure results and handles unexpected 500s (17.303296ms)
(node:28689) ExperimentalWarning: `--experimental-loader` may be removed in the future; instead use `register()`:
--import 'data:text/javascript,import { register } from "node:module"; import { pathToFileURL } from "node:url"; register("./test-loader.mjs", pathToFileURL("./"));'
(Use `node --trace-warnings ...` to show where the warning was created)
✔ production closeout executes operations in the required order (1.7315ms)
✔ production closeout stops on the first failure and reports skipped operations (0.837626ms)
(node:28707) ExperimentalWarning: `--experimental-loader` may be removed in the future; instead use `register()`:
--import 'data:text/javascript,import { register } from "node:module"; import { pathToFileURL } from "node:url"; register("./test-loader.mjs", pathToFileURL("./"));'
(Use `node --trace-warnings ...` to show where the warning was created)
✔ public application, status, chooser, and unsubscribe page markup has no placeholder contacts (3.469705ms)
✔ rendered applicant-facing emails and voicemail follow-up SMS never contain placeholder contacts (4.172333ms)
(node:28707) ExperimentalWarning: `--experimental-loader` may be removed in the future; instead use `register()`:
--import 'data:text/javascript,import { register } from "node:module"; import { pathToFileURL } from "node:url"; register("./test-loader.mjs", pathToFileURL("./"));'
(Use `node --trace-warnings ...` to show where the warning was created)
(node:28719) ExperimentalWarning: `--experimental-loader` may be removed in the future; instead use `register()`:
--import 'data:text/javascript,import { register } from "node:module"; import { pathToFileURL } from "node:url"; register("./test-loader.mjs", pathToFileURL("./"));'
(Use `node --trace-warnings ...` to show where the warning was created)
✔ CRM notification types map to their exact preference events (0.596095ms)
✔ generic status_changed notifications do not infer a browser event (0.102021ms)
✔ push master-off suppresses web push while event preference remains independent (0.086537ms)
✔ expired web-push responses are prunable, other failures are retained (0.08433ms)
(node:28719) ExperimentalWarning: `--experimental-loader` may be removed in the future; instead use `register()`:
--import 'data:text/javascript,import { register } from "node:module"; import { pathToFileURL } from "node:url"; register("./test-loader.mjs", pathToFileURL("./"));'
(Use `node --trace-warnings ...` to show where the warning was created)
(node:28736) ExperimentalWarning: `--experimental-loader` may be removed in the future; instead use `register()`:
--import 'data:text/javascript,import { register } from "node:module"; import { pathToFileURL } from "node:url"; register("./test-loader.mjs", pathToFileURL("./"));'
(Use `node --trace-warnings ...` to show where the warning was created)
✔ authenticated subscription route round-trips through upsert and unsubscribe handlers (49.562704ms)
✔ push subscription origins accept known providers and reject lookalikes/insecure URLs (1.427612ms)
✔ concurrent first claims of one endpoint cannot transfer its owner (19.423072ms)
(node:28736) ExperimentalWarning: `--experimental-loader` may be removed in the future; instead use `register()`:
--import 'data:text/javascript,import { register } from "node:module"; import { pathToFileURL } from "node:url"; register("./test-loader.mjs", pathToFileURL("./"));'
(Use `node --trace-warnings ...` to show where the warning was created)
(node:28748) ExperimentalWarning: `--experimental-loader` may be removed in the future; instead use `register()`:
--import 'data:text/javascript,import { register } from "node:module"; import { pathToFileURL } from "node:url"; register("./test-loader.mjs", pathToFileURL("./"));'
(Use `node --trace-warnings ...` to show where the warning was created)
✔ server rate points calculation matches Maxim fixture (3.716874ms)
✔ server calculation accounts for payment in advance (0.295744ms)
(node:28757) ExperimentalWarning: `--experimental-loader` may be removed in the future; instead use `register()`:
--import 'data:text/javascript,import { register } from "node:module"; import { pathToFileURL } from "node:url"; register("./test-loader.mjs", pathToFileURL("./"));'
(Use `node --trace-warnings ...` to show where the warning was created)
✔ Ray reserved email mapping is exact and old Rahmare mapping is gone (1.131255ms)
✔ Ray greeting fallback uses the canonical display name (0.324329ms)
✔ QR generators receive canonical web payloads through injected spies (2.359028ms)
(node:28757) ExperimentalWarning: `--experimental-loader` may be removed in the future; instead use `register()`:
--import 'data:text/javascript,import { register } from "node:module"; import { pathToFileURL } from "node:url"; register("./test-loader.mjs", pathToFileURL("./"));'
(Use `node --trace-warnings ...` to show where the warning was created)
✔ injected QR router serves the expected binary content types (47.912261ms)
(node:28775) ExperimentalWarning: `--experimental-loader` may be removed in the future; instead use `register()`:
--import 'data:text/javascript,import { register } from "node:module"; import { pathToFileURL } from "node:url"; register("./test-loader.mjs", pathToFileURL("./"));'
(Use `node --trace-warnings ...` to show where the warning was created)
✔ retirement auth is admin-only and generic PUT requires retirement for an existing slug (0.664338ms)
✔ retirement is idempotent and permanently reserves the prior slug (1.392144ms)
✔ retirement rejects active and retired targets (0.565799ms)
✔ failed update rolls back reservation and never writes history (0.33337ms)
(node:28775) ExperimentalWarning: `--experimental-loader` may be removed in the future; instead use `register()`:
--import 'data:text/javascript,import { register } from "node:module"; import { pathToFileURL } from "node:url"; register("./test-loader.mjs", pathToFileURL("./"));'
(Use `node --trace-warnings ...` to show where the warning was created)
✔ retired public resolver responds with a canonical 301 (27.239111ms)
(node:28787) ExperimentalWarning: `--experimental-loader` may be removed in the future; instead use `register()`:
--import 'data:text/javascript,import { register } from "node:module"; import { pathToFileURL } from "node:url"; register("./test-loader.mjs", pathToFileURL("./"));'
(Use `node --trace-warnings ...` to show where the warning was created)
✔ safe auth lookup preserves an initialized user id (1.712164ms)
✔ safe auth lookup does not mask an earlier request error (0.367445ms)
(node:28798) ExperimentalWarning: `--experimental-loader` may be removed in the future; instead use `register()`:
--import 'data:text/javascript,import { register } from "node:module"; import { pathToFileURL } from "node:url"; register("./test-loader.mjs", pathToFileURL("./"));'
(Use `node --trace-warnings ...` to show where the warning was created)
✔ admin errors page rejects malformed input with its field (2.031342ms)
✔ governance purge confirmation rejects malformed input with its field (0.36856ms)
✔ analytics rep rejects malformed input with its field (0.430719ms)
✔ credit log date rejects malformed input with its field (0.614817ms)
✔ deal list sort rejects malformed input with its field (0.914731ms)
✔ lead list status rejects malformed input with its field (0.899498ms)
✔ notification page rejects malformed input with its field (0.52295ms)
✔ PII log category rejects malformed input with its field (0.392841ms)
(node:28798) ExperimentalWarning: `--experimental-loader` may be removed in the future; instead use `register()`:
--import 'data:text/javascript,import { register } from "node:module"; import { pathToFileURL } from "node:url"; register("./test-loader.mjs", pathToFileURL("./"));'
(Use `node --trace-warnings ...` to show where the warning was created)
(node:28812) ExperimentalWarning: `--experimental-loader` may be removed in the future; instead use `register()`:
--import 'data:text/javascript,import { register } from "node:module"; import { pathToFileURL } from "node:url"; register("./test-loader.mjs", pathToFileURL("./"));'
(Use `node --trace-warnings ...` to show where the warning was created)
✔ boot-critical routes precede Clerk and global validation middleware (0.751233ms)
(node:28812) ExperimentalWarning: `--experimental-loader` may be removed in the future; instead use `register()`:
--import 'data:text/javascript,import { register } from "node:module"; import { pathToFileURL } from "node:url"; register("./test-loader.mjs", pathToFileURL("./"));'
(Use `node --trace-warnings ...` to show where the warning was created)
[19:00:25.302] [32mINFO[39m (28812): [36mSENTRY_DSN not set — Sentry error tracking disabled[39m
[19:00:25.316] [32mINFO[39m (28812): [36mClerk production proxy FAPI host resolved[39m
    [35mclerkFapiHost[39m: "frontend-api.clerk.dev"
    [35mpublishableKeyHost[39m: "select-humpback-65.clerk.accounts.dev"
    [35mpublishableKeyPrefix[39m: "pk_test"
    [35msecretKeyPrefix[39m: "sk_test"
    [35mproxyRevision[39m: "2026-09-19.1"
(node:28824) ExperimentalWarning: `--experimental-loader` may be removed in the future; instead use `register()`:
--import 'data:text/javascript,import { register } from "node:module"; import { pathToFileURL } from "node:url"; register("./test-loader.mjs", pathToFileURL("./"));'
(Use `node --trace-warnings ...` to show where the warning was created)
✔ proxy forwards signed raw bytes and preserves host and one-hop forwarding headers (28.684224ms)
✔ proxy streams headers and response chunks before the upstream finishes (8.431551ms)
✔ proxy returns an explicit 503 when the private runtime connection fails (6.380954ms)
✔ proxy forwards the socket address as a single fallback hop when X-Forwarded-For is absent (6.973964ms)
✔ proxy aborts the public response if an upstream stream fails after headers (9.895387ms)
✔ aborting the public response closes the corresponding upstream response (25.570283ms)
✔ aborting an incoming upload cancels the forwarded upstream request (6.175457ms)
(node:28833) ExperimentalWarning: `--experimental-loader` may be removed in the future; instead use `register()`:
--import 'data:text/javascript,import { register } from "node:module"; import { pathToFileURL } from "node:url"; register("./test-loader.mjs", pathToFileURL("./"));'
(Use `node --trace-warnings ...` to show where the warning was created)
{"applied":["037_partner_flows_and_texting.sql","047_partner_contacts_prerequisite.sql","038_partner_texting.sql","039_ridgestone_partner_profile.sql","040_release_schema_parity.sql","041_push_notifications.sql","042_push_delivery_ledger.sql","043_align_push_schema.sql","044_notification_delivery_claims.sql","045_application_equipment_category_homeowner.sql","046_complete_partner_contacts_recovery.sql","048_financing_campaign_draft.sql","049_lender_underwriting_intelligence.sql","050_lender_guideline_versions.sql","051_users_role_default_pending.sql","052_reusable_campaign_launcher.sql","053_campaign_preview_approval_snapshots.sql","054_campaign_preview_recipient_snapshots.sql","055_campaign_launch_execution_leases.sql","056_campaign_flyer.sql","057_telephony_settings.sql","058_telephony_business_defaults.sql","059_inbound_voice_settings.sql","060_inbound_voice_array_defaults.sql","061_telephony_completion.sql","062_email_readiness_daily_cap.sql","063_lead_vertical.sql","064_collateral_flyer_library.sql","065_campaign_flyer_link_vendor_template.sql","066_bundled_vendor_equipment_flyers.sql","067_campaign_attribution.sql","068_campaign_attribution_fk_names.sql","069_campaign_attribution_recovery.sql"],"superseded":["036_partners_contacts.sql"],"alreadyApplied":["000_baseline.sql","001_create_credit_tables.sql","002_rep_slugs.sql","003_deals.sql","004_deal_intended_rep_slug.sql","005_lead_distribution_settings.sql","006_drip_sequence_ownership.sql","007_lead_staleness_threshold.sql","008_email_safety_settings.sql","009_email_send_failure_reason.sql","010_email_webhook_events.sql","011_email_rate_slots.sql","012_application_signature.sql","013_retired_rep_slugs.sql","014_application_optional_fields.sql","015_application_consent_text_version.sql","016_user_titles.sql","017_deal_notes_gm_split.sql","018_lender_matcher_gates.sql","019_document_categories.sql","020_lender_submissions.sql","021_lead_package_config.sql","022_lender_submission_package_snapshots.sql","023_routing_and_marketing_ownership.sql","024_email_compliance_daily_budget.sql","025_usfa_intake.sql","026_usfa_intake_runtime_support.sql","028_merge_going_to_funding_stage.sql","029_deal_approvals.sql","030_add_application_collateral.sql","031_collateral_library.sql","032_finance_application_collateral.sql","033_lender_submission_review_fields.sql","034_application_sms_consent.sql","035_user_identities.sql","036_partners_contacts.sql"],"schema":{"failed":null}}
✔ production-partial partner recovery reaches the current migration head (6174.471823ms)
✔ boot migration runner applies two pending files in numeric order and records them (30.615527ms)
✔ a failing second file keeps the first file applied and recorded (4.440645ms)
✔ a failed entry with a checksum mismatch is reported without retrying (3.865382ms)
✔ dry-run reads a legacy schema_migrations ledger without mutating it (4.328248ms)
✔ a mismatch blocks pending files collected before it (3.662232ms)
✔ a persisted checksum-matching non-duplicate failure remains failed and stops following files (3.89507ms)
✔ a failed migration reports prior applied work and boot still releases its coordinator (6.025795ms)
✔ a checksum-matching duplicate-object failure is superseded (23.739003ms)
✔ a timed-out advisory lock records degraded startup and releases the client (0.364909ms)
(node:28848) ExperimentalWarning: `--experimental-loader` may be removed in the future; instead use `register()`:
--import 'data:text/javascript,import { register } from "node:module"; import { pathToFileURL } from "node:url"; register("./test-loader.mjs", pathToFileURL("./"));'
(Use `node --trace-warnings ...` to show where the warning was created)
(node:28848) ExperimentalWarning: `--experimental-loader` may be removed in the future; instead use `register()`:
--import 'data:text/javascript,import { register } from "node:module"; import { pathToFileURL } from "node:url"; register("./test-loader.mjs", pathToFileURL("./"));'
(Use `node --trace-warnings ...` to show where the warning was created)
✔ scrub A fixture stores normalized EIN, server consent version, optional secondary owner, and both signature methods (85.72295ms)
✔ scrub A fixture reports named validation fields and creates the working-capital statement task (29.270599ms)
✔ scrub A migration dry-run discovers baseline then the append-only 001–022 set without writing (51.448786ms)
✔ scrub A selected-package preview has no submission write path (19.105595ms)
✔ scrub A package-config route persists, returns, and resets selection in an isolated repository (1.700582ms)
✔ scrub A administrator can override a recent lender submission and records the submission activity (9.694905ms)
(node:28864) ExperimentalWarning: `--experimental-loader` may be removed in the future; instead use `register()`:
--import 'data:text/javascript,import { register } from "node:module"; import { pathToFileURL } from "node:url"; register("./test-loader.mjs", pathToFileURL("./"));'
(Use `node --trace-warnings ...` to show where the warning was created)
✔ routing defaults to manual and only rotates ordinary website inbound leads (1.394572ms)
✔ automatic stale reassignment requires both opt-in flags and a rotating source (0.13794ms)
✔ representatives cannot manage other resources but can read administrator-owned resources (0.114681ms)
✔ stale reassignment uses a core select builder, never an aliased relational findMany (0.535163ms)
✔ drip API returns 403 when a rep reads, updates, or deletes another rep's sequence (50.307724ms)
(node:28864) ExperimentalWarning: `--experimental-loader` may be removed in the future; instead use `register()`:
--import 'data:text/javascript,import { register } from "node:module"; import { pathToFileURL } from "node:url"; register("./test-loader.mjs", pathToFileURL("./"));'
(Use `node --trace-warnings ...` to show where the warning was created)
✔ drip API permits a rep to read an admin sequence but forbids editing it (35.826412ms)
✔ drip enrollment API returns 403 for a lead assigned to another representative (7.257448ms)
✔ drip enrollment API rejects an admin sequence containing another rep's private template (29.827719ms)
✔ drip API returns 400 for malformed sequence and nested step bodies (15.440214ms)
✔ template API returns 403 for another rep's read, update, and delete (358.680031ms)
✔ template API permits a rep to read an admin template but forbids editing it (11.347182ms)
(node:28880) ExperimentalWarning: `--experimental-loader` may be removed in the future; instead use `register()`:
--import 'data:text/javascript,import { register } from "node:module"; import { pathToFileURL } from "node:url"; register("./test-loader.mjs", pathToFileURL("./"));'
(Use `node --trace-warnings ...` to show where the warning was created)
✔ the actual provider dispatch sink sends a signed unsubscribe footer and legal address (3.358299ms)
✔ a no-flyer campaign message has text/plain, minimal HTML, and zero attachments (1.341203ms)
(node:28880) ExperimentalWarning: `--experimental-loader` may be removed in the future; instead use `register()`:
--import 'data:text/javascript,import { register } from "node:module"; import { pathToFileURL } from "node:url"; register("./test-loader.mjs", pathToFileURL("./"));'
(Use `node --trace-warnings ...` to show where the warning was created)
✔ correlated webhook suppresses the persisted recipient, not a mismatched event email (43.743395ms)
✔ valid SendGrid ECDSA signature passes through exact raw-body verification (21.789175ms)
✔ invalid webhook signatures return 401 before any delivery or suppression mutation (5.511ms)
✔ signed webhook route suppresses the matched lead for every H event (23.330039ms)
✔ admin test-send route sends fixed CEO message from funding address and returns mocked provider id (6.455695ms)
✔ shared locked daily bulk/drip reservation allows 75 combined attempts and denies the rest (1.314944ms)
✔ bulk and drip production call sites opt into the shared 60-message reservation (3.699856ms)
✔ email-delivery settings rejects null and malformed F fields with a named issue before database access (2.624854ms)
(node:28909) ExperimentalWarning: `--experimental-loader` may be removed in the future; instead use `register()`:
--import 'data:text/javascript,import { register } from "node:module"; import { pathToFileURL } from "node:url"; register("./test-loader.mjs", pathToFileURL("./"));'
(Use `node --trace-warnings ...` to show where the warning was created)
✔ rep performance keeps active reps plus historical owners and falls back to the email name (917.508454ms)
✔ average funding time's production predicate rejects cycles under 24 hours (2.511628ms)
✔ deal export HTTP handler retains representative ownership scope while admins can select a representative (157.274973ms)
(node:28909) ExperimentalWarning: `--experimental-loader` may be removed in the future; instead use `register()`:
--import 'data:text/javascript,import { register } from "node:module"; import { pathToFileURL } from "node:url"; register("./test-loader.mjs", pathToFileURL("./"));'
(Use `node --trace-warnings ...` to show where the warning was created)
✔ retired public rep slugs use a permanent canonical redirect while unknown slugs stay generic (458.472309ms)
✔ lender packages select statements only from their persisted category, never their filename (89.495386ms)
✔ submission's actual handler refuses a same lender/lead submission inside 24 hours before building or sending (188.846751ms)
(node:28923) ExperimentalWarning: `--experimental-loader` may be removed in the future; instead use `register()`:
--import 'data:text/javascript,import { register } from "node:module"; import { pathToFileURL } from "node:url"; register("./test-loader.mjs", pathToFileURL("./"));'
(Use `node --trace-warnings ...` to show where the warning was created)
✔ accepts Calvin source ownership with a missing marker for repair (4.048472ms)
✔ accepts a real Calvin assignee with the Calvin marker (0.176344ms)
✔ accepts an already-unassigned Calvin reservation (0.132952ms)
✔ unchanged seeded ownership produces no corrections or assignment activity inputs (0.672926ms)
✔ closeout preserves a real Calvin assignment instead of creating a clear/reconcile loop (0.26652ms)
✔ tolerates converted or deleted seed rows and reports only matching markers (0.172921ms)
✔ fails closeout only when no matching seeded rows remain (0.372169ms)
✔ normalizes funding duration to a nonnegative whole day or null (0.14676ms)
(node:28939) ExperimentalWarning: `--experimental-loader` may be removed in the future; instead use `register()`:
--import 'data:text/javascript,import { register } from "node:module"; import { pathToFileURL } from "node:url"; register("./test-loader.mjs", pathToFileURL("./"));'
(Use `node --trace-warnings ...` to show where the warning was created)
✔ Sentry remains unloaded without a DSN and retains its privacy-safe capture setup when enabled (2.261993ms)
(node:28939) ExperimentalWarning: `--experimental-loader` may be removed in the future; instead use `register()`:
--import 'data:text/javascript,import { register } from "node:module"; import { pathToFileURL } from "node:url"; register("./test-loader.mjs", pathToFileURL("./"));'
(Use `node --trace-warnings ...` to show where the warning was created)
[19:00:25.579] [32mINFO[39m (28939): [36mSENTRY_DSN not set — Sentry error tracking disabled[39m
[19:00:25.579] [32mINFO[39m (28939): [36mSentry error tracking initialized[39m
(node:28953) ExperimentalWarning: `--experimental-loader` may be removed in the future; instead use `register()`:
--import 'data:text/javascript,import { register } from "node:module"; import { pathToFileURL } from "node:url"; register("./test-loader.mjs", pathToFileURL("./"));'
(Use `node --trace-warnings ...` to show where the warning was created)
✔ unchecked SMS consent stays false and leaves timestamp and IP empty (2.001998ms)
✔ checked SMS consent records timestamp and IP and makes the lead eligible (0.381308ms)
✔ legacy or incomplete consent records remain ineligible (0.262538ms)
(node:28963) ExperimentalWarning: `--experimental-loader` may be removed in the future; instead use `register()`:
--import 'data:text/javascript,import { register } from "node:module"; import { pathToFileURL } from "node:url"; register("./test-loader.mjs", pathToFileURL("./"));'
(Use `node --trace-warnings ...` to show where the warning was created)
✔ normal leads select compiles stale condition with a stable correlated alias (4.0162ms)
✔ latest activity sort expressions compile with an explicit activity alias (1.085529ms)
✔ active stages compile as inArray parameters rather than raw SQL (1.446407ms)
✔ two-phase lead and deal ID queries keep correlated SQL out of relational hydration (1.862968ms)
(node:28975) ExperimentalWarning: `--experimental-loader` may be removed in the future; instead use `register()`:
--import 'data:text/javascript,import { register } from "node:module"; import { pathToFileURL } from "node:url"; register("./test-loader.mjs", pathToFileURL("./"));'
(Use `node --trace-warnings ...` to show where the warning was created)
✔ stale display boundary is a strict less-than comparison (0.663918ms)
(node:28976) ExperimentalWarning: `--experimental-loader` may be removed in the future; instead use `register()`:
--import 'data:text/javascript,import { register } from "node:module"; import { pathToFileURL } from "node:url"; register("./test-loader.mjs", pathToFileURL("./"));'
(Use `node --trace-warnings ...` to show where the warning was created)
✔ startup gate keeps deployment liveness healthy while booting (41.763009ms)
✔ startup gate rejects business traffic until the application is ready (12.88356ms)
✔ startup gate hands the same listener to the application once ready (7.710197ms)
✔ failed initialization stays observable and does not admit business traffic (12.827658ms)
✔ liveness stays independent of production email configuration and ready listener (12.282002ms)
(node:28992) ExperimentalWarning: `--experimental-loader` may be removed in the future; instead use `register()`:
--import 'data:text/javascript,import { register } from "node:module"; import { pathToFileURL } from "node:url"; register("./test-loader.mjs", pathToFileURL("./"));'
(Use `node --trace-warnings ...` to show where the warning was created)
✔ rep can create a task assigned to themself on their lead (35.811639ms)
(node:28992) ExperimentalWarning: `--experimental-loader` may be removed in the future; instead use `register()`:
--import 'data:text/javascript,import { register } from "node:module"; import { pathToFileURL } from "node:url"; register("./test-loader.mjs", pathToFileURL("./"));'
(Use `node --trace-warnings ...` to show where the warning was created)
✔ rep cannot create a task assigned to another user (15.791594ms)
✔ manager can create a task assigned to any active user (14.370759ms)
✔ manager cannot create a task for an inactive user (31.042633ms)
✔ PATCH allows a manager to reassign to an active user (7.048643ms)
✔ PATCH rejects a rep assigning a task to another user without updating it (6.538174ms)
✔ PATCH rejects assignment to an inactive user (9.478352ms)
(node:29000) ExperimentalWarning: `--experimental-loader` may be removed in the future; instead use `register()`:
--import 'data:text/javascript,import { register } from "node:module"; import { pathToFileURL } from "node:url"; register("./test-loader.mjs", pathToFileURL("./"));'
(Use `node --trace-warnings ...` to show where the warning was created)
✔ audio upload grants bind the file, greeting, administrator and expiry (1.385264ms)
✔ greeting accepts only an MP3 signature under 2 MB (1.499811ms)
(node:29000) ExperimentalWarning: `--experimental-loader` may be removed in the future; instead use `register()`:
--import 'data:text/javascript,import { register } from "node:module"; import { pathToFileURL } from "node:url"; register("./test-loader.mjs", pathToFileURL("./"));'
(Use `node --trace-warnings ...` to show where the warning was created)
(node:29001) ExperimentalWarning: `--experimental-loader` may be removed in the future; instead use `register()`:
--import 'data:text/javascript,import { register } from "node:module"; import { pathToFileURL } from "node:url"; register("./test-loader.mjs", pathToFileURL("./"));'
(Use `node --trace-warnings ...` to show where the warning was created)
✔ browser calls use the configured voice caller ID (1.176411ms)
✔ browser call caller ID falls back to the client identity when unset (0.181121ms)
✔ SMS replies use the owned inbound number for the existing thread (0.195786ms)
✔ both owned numbers are valid inbound destinations (0.136096ms)
✔ new SMS and unowned inbound threads use the configured sender (0.309597ms)
(node:29017) ExperimentalWarning: `--experimental-loader` may be removed in the future; instead use `register()`:
--import 'data:text/javascript,import { register } from "node:module"; import { pathToFileURL } from "node:url"; register("./test-loader.mjs", pathToFileURL("./"));'
(Use `node --trace-warnings ...` to show where the warning was created)
✔ uses a valid TWILIO_PHONE_NUMBER fallback when settings are unset (1.550278ms)
✔ uses the business default when the environment fallback is absent or invalid (0.21862ms)
✔ persisted numbers override the environment fallback independently (0.200333ms)
(node:29032) ExperimentalWarning: `--experimental-loader` may be removed in the future; instead use `register()`:
--import 'data:text/javascript,import { register } from "node:module"; import { pathToFileURL } from "node:url"; register("./test-loader.mjs", pathToFileURL("./"));'
(Use `node --trace-warnings ...` to show where the warning was created)
✔ historical outcomes are a bounded explainable signal (1.262048ms)
✔ unsupported economics stay null instead of being invented (0.1628ms)
✔ bank-derived revenue keeps bank-statement provenance and source IDs (0.251781ms)
(node:29040) ExperimentalWarning: `--experimental-loader` may be removed in the future; instead use `register()`:
--import 'data:text/javascript,import { register } from "node:module"; import { pathToFileURL } from "node:url"; register("./test-loader.mjs", pathToFileURL("./"));'
(Use `node --trace-warnings ...` to show where the warning was created)
✔ identity resolution prefers a linked identity and falls back to the legacy clerk id (0.619327ms)
✔ merge reference policy moves every requested source reference to the target (0.31719ms)
✔ merge refuses inactive targets and only requires confirmation for reassignment (0.375509ms)
✔ reserved email attaches to the active reserved-slug owner, not a new user (0.113198ms)
✔ merge keeps target slug and retires and clears the source slug (0.648943ms)
(node:29048) ExperimentalWarning: `--experimental-loader` may be removed in the future; instead use `register()`:
--import 'data:text/javascript,import { register } from "node:module"; import { pathToFileURL } from "node:url"; register("./test-loader.mjs", pathToFileURL("./"));'
(Use `node --trace-warnings ...` to show where the warning was created)
✔ USFA mapper normalizes the exact Doe Street vendor row (2.284216ms)
(node:29048) ExperimentalWarning: `--experimental-loader` may be removed in the future; instead use `register()`:
--import 'data:text/javascript,import { register } from "node:module"; import { pathToFileURL } from "node:url"; register("./test-loader.mjs", pathToFileURL("./"));'
(Use `node --trace-warnings ...` to show where the warning was created)
✔ USFA source migration leaves existing companies and runtime support to later migrations (6.758269ms)
✔ mapper preserves the exact 28-header contract and handles score/revenue bands (0.398995ms)
✔ mapper zero-pads EIN and zip, flags short EIN, and keeps SSN/DOB out of lead data (0.268355ms)
✔ dedupe plan prefers external id and excludes the vendor's test address from email matching (0.199659ms)
✔ mapper rejects rows without an external id and marks malformed primary phones (0.37234ms)
✔ comments, alternate phone, and statement metadata never fetch or embed statement contents (0.186549ms)
✔ mapper preserves all four Sheet statement links and creates one task even with no links (0.320593ms)
✔ USFA poller requires every exact vendor header (0.348497ms)
✔ USFA poller is safely disarmed when service-account secret is absent (0.9352ms)
✔ USFA connection test reads only the configured header row and counts returned columns (0.268682ms)
✔ USFA connection test fails safely for missing configuration and sanitizes provider auth errors (0.283911ms)
✔ USFA import creates exactly one task per lead, assigned to the rep or the shared admin queue (0.445792ms)
✔ USFA ingestion commits before global admin notification and persists duplicate intake history (2.880674ms)
✔ USFA invite claim is conditional: exactly one winner and replay is rejected (0.805597ms)
✔ USFA error receipts are retried while successful receipts remain idempotent (1.175649ms)
✔ extracts a PDF attachment and vendor identity without fetching statement links (0.689008ms)
✔ does not treat a message without a PDF as an application (0.127076ms)
✔ delegated Gmail worker is safely disarmed without credentials (1.196205ms)
✔ Gmail listing paginates every page without any write operation (0.239773ms)
✔ Gmail retries use one deterministic object key and source-level idempotency guard (1.957456ms)
✔ USFA leads are blocked from marketing until explicit consent is confirmed (0.14243ms)
✔ all SMS and drip entry points recheck the shared USFA consent guard (1.458642ms)
✔ USFA webhook signature is HMAC-SHA256 over the exact raw body (0.581168ms)
✔ USFA webhook rejects an invalid signature through the real Express route (37.283386ms)
✔ USFA webhook schema requires id and a monthly numeric revenue (3.77618ms)
(node:29059) ExperimentalWarning: `--experimental-loader` may be removed in the future; instead use `register()`:
--import 'data:text/javascript,import { register } from "node:module"; import { pathToFileURL } from "node:url"; register("./test-loader.mjs", pathToFileURL("./"));'
(Use `node --trace-warnings ...` to show where the warning was created)
✔ voicemail playback tokens round-trip and carry a document id (1.428991ms)
✔ voicemail playback tokens reject tampering and expiry (0.331819ms)
✔ missed-call text-back has the exact opt-out copy and uses the New York call date (14.75693ms)
✔ missed-call text-back guard recognizes business hours and rejects after-hours (0.351798ms)
✔ handleMissedCall text-back guard requires opt-in, consent, and an unanswered call (0.63113ms)
(node:29059) ExperimentalWarning: `--experimental-loader` may be removed in the future; instead use `register()`:
--import 'data:text/javascript,import { register } from "node:module"; import { pathToFileURL } from "node:url"; register("./test-loader.mjs", pathToFileURL("./"));'
(Use `node --trace-warnings ...` to show where the warning was created)
(node:29072) ExperimentalWarning: `--experimental-loader` may be removed in the future; instead use `register()`:
--import 'data:text/javascript,import { register } from "node:module"; import { pathToFileURL } from "node:url"; register("./test-loader.mjs", pathToFileURL("./"));'
(Use `node --trace-warnings ...` to show where the warning was created)
✔ shutdown resolves after an already-observed unexpected worker exit (11.194706ms)
✔ worker exit while public requests drain cannot strand shutdown (35.413957ms)
✔ normal shutdown asks a live worker to close and waits for exit (27.119632ms)
ℹ tests 470
ℹ suites 2
ℹ pass 469
ℹ fail 0
ℹ cancelled 0
ℹ skipped 1
ℹ todo 0
ℹ duration_ms 57319.660025

> @workspace/mbs-crm@0.0.0 test /home/runner/workspace/.local/campaign-remaining-source/artifacts/mbs-crm
> node --test --experimental-strip-types src/lib/*.test.ts

✔ resolves server API paths without duplicating the API prefix (0.729621ms)
✔ resolves relative paths and preserves absolute URLs (0.265084ms)
✔ keeps one API prefix for every collateral action (0.134136ms)
✔ appearance defaults to light and never loads another account's preference (1.101726ms)
✔ system follows OS while explicit modes override it (0.139799ms)
✔ invalid and inaccessible storage preferences are safe (0.139592ms)
✔ formats EIN input as digits with a dash and a nine-digit limit (0.694439ms)
✔ maps validation fields to steps and human labels (0.295148ms)
✔ invalid response shapes become a normal submission error (0.106855ms)
✔ unknown response fields show only the sanitized server error (0.729926ms)
✔ sanitizes the generic Invalid input message (0.193848ms)
✔ assignment directory includes all staff roles and orders by displayed name, not role (7.315001ms)
✔ brand takeover uses canonical marks and no removed wordmark (1.688084ms)
✔ every branded surface renders the correct light or reverse image src (9.448519ms)
✔ listed pages select the expected variant and preserve requested sizing (1.020588ms)
✔ favicon and PWA metadata point at the canonical icon set (1.383371ms)
✔ build ID is read only from the generated HTML marker (0.931526ms)
✔ Deals audience has exactly the three required choices with All leads first (1.669958ms)
✔ source options use database values, including imported tags, with sorted lead counts (23.167376ms)
✔ rep options exclude inactive, merged and placeholder users, dedupe by id (0.373601ms)
✔ flyer metadata options use the API's exact enum values (1.298199ms)
✔ legacy representative labels are normalized for display and registration (0.260258ms)
✔ upload URL requests reject more than 50 files before sending (0.680651ms)
✔ campaign flyer validation accepts supported files and rejects invalid type, size, and empty files (0.836177ms)
✔ audience rules serialize guided control values into the API contract (0.654412ms)
✔ preview freshness requires a matching saved version and token (0.114625ms)
✔ readiness reports every exact blocker instead of only disabling approval (0.196038ms)
✔ a fresh zero-recipient preview blocks approval and explains filters versus eligibility (0.15216ms)
✔ complete saved content, active template, fresh non-empty preview, and affirmation are ready (0.255361ms)
✔ campaign dirty state ignores object key order but detects a real edit (8.508063ms)
✔ launch confirmation uses the approved snapshot after reload, never a newer preview (0.184145ms)
✔ manual lead selections merge unique IDs and enforce the combined pick limit (11.342169ms)
✔ select-all result cap rejects oversized search results with an explicit refinement message (0.303022ms)
✔ null tracking fields render as not tracked while zero stays zero (16.138716ms)
✔ referrer payload sets exactly one typed id and clears both (1.005978ms)
✔ metric rows label opens as approximate and money rows as referred deals (0.34516ms)
✔ referrer keys are typed (0.554345ms)
✔ failed lazy route import reloads at most once per build in a browser session (0.971658ms)
✔ blocked session storage prevents an unbounded reload loop (0.308411ms)
✔ Communications Call uses the real PhoneLink click handler for mobile, unavailable and ready desktop devices (851.603338ms)
✔ dashboard uses the approved empty-state copy (0.491863ms)
✔ latest approval is deterministic by created time then id (0.767258ms)
✔ adding Maxim approval, selecting latest, and opening calculator prefills fields (0.607126ms)
✔ approval expiry reports whole days remaining (0.559149ms)
✔ kanban has exactly nine supported deal-stage columns (1.032323ms)
✔ compact Kanban sizing keeps nine columns at least 120px wide (0.136533ms)
✔ compact is the default while explicit per-user preferences still win (0.130403ms)
✔ compact Kanban fits the actual board area at 1280px and 1440px (0.139058ms)
✔ uses the exact built-in view stage predicates and serialization (0.128177ms)
✔ formats split GM without changing the underlying amount (13.49148ms)
✔ totals nullable fields after exact view filtering (0.345311ms)
✔ dialog dropdowns portal above dialog content (8.703846ms)
✔ sanitizes document filenames before browser download (0.744222ms)
✔ parseNullableCurrency returns null for empty/whitespace (0.616695ms)
✔ parseNullableCurrency returns numeric value for valid inputs (0.210072ms)
✔ parseNullableCurrency returns null for non-numeric strings (0.088181ms)
✔ computePageSize floors rows and clamps (1.595344ms)
✔ computePageSize is stable for identical input (0.236544ms)
✔ measured taller rows and headers reduce the page budget (0.196038ms)
✔ remapPage keeps the first visible record (0.173923ms)
✔ clampPage prevents invalid ranges (0.204199ms)
✔ pageRange reports accurate bounds (0.582051ms)
✔ desktop loads 50 at a time, stopping at the last or empty page (1.126ms)
✔ scrolling appends records in order without duplicating moving records (1.166689ms)
✔ SMS consent opens the canonical legal pages in new tabs (0.652804ms)
✔ emptyForm initializes default partner properties correctly (0.822145ms)
✔ lenderToForm correctly maps api data to form data (0.237691ms)
✔ formToPayload correctly strips and transforms form data (1.124234ms)
✔ formToPayload nullifies referralSplitPct for non-broker-in partners (0.303504ms)
✔ builder waits for config and documents before filtering saved document IDs (1.288659ms)
✔ upload selection, reset defaults, and a reopened saved config preserve the expected state (0.579426ms)
✔ uses and sanitizes the RFC 5987 filename from the response header (1.679724ms)
✔ removes path traversal and enforces a PDF filename (0.417215ms)
✔ uses a safe fallback when the response has no filename (0.214884ms)
✔ only admins see the safe lender-package failure reason (1.165404ms)
✔ summary reports approved and declined submissions exactly (0.990523ms)
✔ declined matches are hidden unless requested (0.792641ms)
✔ stage prompts are optional and never automatic (0.238891ms)
✔ list data never exposes a non-array value to list consumers (1.089559ms)
✔ list payload accepts only arrays or configured array envelopes (0.233565ms)
✔ directory access waits for identity; reps cannot expose cached users or manually refetch (24.482146ms)
✔ lists every active pending user as an eligible merge source (1.578171ms)
✔ lists only active non-pending users as merge targets (0.296733ms)
✔ accepts only a selected eligible source and eligible target (0.316709ms)
✔ distinguishes source loading, request failure, empty, and ready states (0.243013ms)
✔ Enter followed by blur starts exactly one note mutation (2.6078ms)
✔ unchanged note starts no mutation (0.214703ms)
✔ notification errors include status and server reason for admins (0.868053ms)
✔ notification errors do not expose server diagnostics to non-admins (0.197048ms)
✔ notification errors retain the HTTP status when no reason is available (0.137159ms)
✔ rep notification click-through targets the linked lead (1.088533ms)
✔ admin notification click-through targets the linked lead (0.141217ms)
✔ notification click-through stays put when no lead is linked (0.092057ms)
✔ partner submission UI exposes partner types and broker attribution (33.398466ms)
✔ partner contact UI sends through the business SMS endpoint (5.041101ms)
✔ formats ordered production closeout success summaries (3.112335ms)
✔ formats a lender seed summary with missing update targets separately (0.228924ms)
✔ uses the exact lender count/name structure for first and repeat runs (0.242097ms)
✔ formats failed and skipped closeout statuses (0.689532ms)
✔ formats manual lender fallback mutation errors for the destructive toast (0.1892ms)
✔ reads status from generated API errors (6.76874ms)
✔ formats a visible HTTP status or clearly identifies a network error (21.888507ms)
✔ prefers a server API reason and falls back to the error message (0.283012ms)
✔ converts nominal APR to effective APR, simple rate, and payment (1.614622ms)
✔ effective APR round-trips to nominal APR (0.24777ms)
✔ simple-interest source preserves total payback and solves APR (0.650807ms)
✔ converts a 1.30 factor over 12 months to implied APR (0.551269ms)
✔ MCA factor and APR conversions round-trip for weekly offers (0.409574ms)
✔ rejects invalid terms, rates, and factors (0.244221ms)
✔ handles zero-cost financing without NaN or Infinity (0.296721ms)
✔ deal-linked query parsing reads the browser search string (2.007806ms)
✔ Maxim arrears fixture matches requested rates and commission (10.163932ms)
✔ one payment in advance changes the implied nominal rate (0.529104ms)
✔ reverse points produces the target commission and payment (0.430828ms)
✔ schedule conserves balance (0.685401ms)
✔ all seven record actions remain defined and meet mobile touch sizing (4.011902ms)
✔ lead actions always reach their functional record sections from every tab (0.909806ms)
✔ deal action eligibility is contact/link-based, never stage-based (1.114907ms)
✔ desktop phone uses softphone only when device is registered (0.897398ms)
✔ mobile web phone always uses tel even when a desktop device is registered (0.175914ms)
✔ softphone must be registered and idle; active calls and incoming calls fall back to tel (0.161039ms)
✔ mobile web detection handles narrow viewports and mobile device landscape (0.498674ms)
✔ email opens CRM composer for linked lead and mailto otherwise (1.113393ms)
✔ formats lead identity company first and tolerates missing or blank fields (0.853067ms)
✔ contactName trims and combines available name parts only (0.161797ms)
✔ deal cards accept authorized server business labels and explicit missing-contact states (0.388256ms)
✔ formats deal identity using authorized linked lead fields with neutral fallback (0.20346ms)
✔ identifies import failures without leaking URL credentials or values (1.476353ms)
✔ unknown errors do not display arbitrary exception data (0.393697ms)
✔ classifies common render errors using fixed safe descriptions (0.438234ms)
✔ Ray Settings action sends the complete canonical identity payload (1.984998ms)
✔ retired chooser response drives canonical attribution (0.792802ms)
✔ unknown chooser response stays unpersonalized (0.20246ms)
✔ chooser subtext uses only the representative first name (0.431958ms)
✔ chooser Continue href uses the canonical slug without a type query (1.192044ms)
✔ returns an async result without loading a DOM sanitizer for empty content (1.366141ms)
✔ removes hostile event handlers, executable elements, and javascript URLs (2945.70886ms)
✔ preserves safe email formatting and links (13.571555ms)
✔ explicitly permits only intended formatting tags, attributes, and URI schemes (0.765419ms)
✔ sanitizes malformed namespace and tag nesting before preview insertion (32.570263ms)
✔ 25 options render in a 300px scrollable list; searching Max shows only Maxim (856.949132ms)
✔ new service worker update is announced only after installed with an existing controller (1.383134ms)
✔ notification click focuses a matching client, otherwise opens the exact deep link (0.991079ms)
✔ service worker keeps API fetches network-only and cleans only its cache namespace (15.261461ms)
✔ navigation and entry bundle bypass HTTP cache; offline navigation prefers cached shell then offline page (73.965618ms)
✔ entry bundle is network-first with no-store even when an old entry is cached (3.662528ms)
✔ hashed assets are cache-first and failed uncached assets still resolve to a Response (5.93614ms)
✔ HTML fallbacks for hashed JS and CSS assets return 503 and are never cached (7.883771ms)
✔ API and other network-only failures resolve to Responses rather than rejected fetch events (8.984399ms)
✔ repeated hover events do not restart opening and slow down the sidebar (14.477915ms)
✔ a quick pointer reversal cancels opening; stale callbacks cannot reopen (0.27089ms)
✔ re-entry cancels closing without flicker (0.363277ms)
✔ an open portaled layer or pressed pointer blocks both pending and new intents (0.209349ms)
✔ press cancellation and explicit keyboard/pin state supersede pending hover (0.173407ms)
✔ unpin reconciliation closes retained hover state after leaving while pinned (0.14223ms)
✔ unpin reconciliation preserves owned keyboard focus until blur (0.348715ms)
✔ draw serialization uses the live canvas and reports failures explicitly (1.19247ms)
✔ draw readiness transitions from missing to ready and back after clear (0.672403ms)
✔ typed readiness requires at least two trimmed characters (0.13906ms)
✔ Text is disabled when consent is not fully recorded (1.193677ms)
✔ Text is enabled only with consent, timestamp, and IP (0.259044ms)
✔ dense contact tables use breakpoint-scoped readable widths, not global card nowrap (0.715681ms)
✔ email sizing hooks preserve the existing composer and mobile/card wrapping (0.392571ms)
✔ both record lists opt into table scrolling with a readable email header (2.106927ms)
✔ refreshes the device token when a simulated short-TTL token nears expiry (7.123324ms)
✔ expired tokens and abnormal socket closes update the token and re-register once (0.849817ms)
✔ upgrades an in-flight expiry refresh when recovery requires re-registration (0.323647ms)
✔ recovery retries are bounded and report the final error (0.532126ms)
✔ USFA connection inputs hydrate from persisted settings after a reload (1.234264ms)
✔ USFA connection inputs handle an unconfigured sheet with the default tab (0.287097ms)
✔ USFA settings load errors expose their HTTP status or network failure (0.159898ms)
ℹ tests 171
ℹ suites 0
ℹ pass 171
ℹ fail 0
ℹ cancelled 0
ℹ skipped 0
ℹ todo 0
ℹ duration_ms 5473.832625

> @workspace/scripts@0.0.0 test /home/runner/workspace/.local/campaign-remaining-source/scripts
> tsx --test ./src/*.test.ts

✔ repository contact copy contains no retired contact strings outside test fixtures (1397.865901ms)
✔ contact guard catches retired email, domain, and phone in ordinary source (0.307387ms)
✔ diffs ledger rows, tables, and every column signature (1.930146ms)
✔ diff formatting is deterministic and redacts values (10.573719ms)
✔ parser excludes schema_migrations from tables and detects missing/malformed ledgers (0.577472ms)
✔ URL guard rejects clone, non-PostgreSQL, and malformed URLs without echoing secrets (0.574257ms)
✔ PostgreSQL connection is split into environment fields without retaining inherited targets (0.293895ms)
✔ snapshot runner uses a temporary SQL file, read-only transaction, timeout, and cleans it up (13.243657ms)
✔ snapshot runner does not expose database URL in query failures (2.443548ms)
✔ local URL validation permits loopback and rejects remote credentials without echoing them (1.587562ms)
✔ backup selection is newest, with deterministic tie ordering and schema fallback (14.755383ms)
✔ application JSON backups are rejected clearly (1.198812ms)
✔ count formatting is stable and metadata-safe (0.142321ms)
✔ default configuration is injectable and rooted in workspace .local (0.133793ms)
✔ metadata serialization contains only safe connection and fingerprint fields (0.165052ms)
✔ metadata fingerprint is not a source path or basename (0.094578ms)
✔ JSON rejection is independent of extension and BOM (2.225356ms)
✔ gzip rejection is independent of extension (1.674459ms)
✔ fallback selection works when production backup directory is absent (1.774463ms)
✔ explicit invalid source does not silently fall back (3.087887ms)
✔ custom configuration keeps all managed paths beneath its clone root (0.265714ms)
✔ generated local connection has no password (0.458415ms)
✔ realpath containment rejects managed symlink paths (3.540293ms)
✔ lifecycle stop refuses a symlink before invoking pg_ctl (1.481625ms)
✔ lifecycle initialization rejects an ownership marker before destructive calls (4.963612ms)
✔ owned stale-major plus indeterminate pg_ctl status aborts and preserves data (10.950917ms)
✔ owned stale-major plus definite stopped status safely reinitializes after ownership match (17.737086ms)
✔ stop command failure preserves data and returns a redacted fixed error (6.521257ms)
✔ start identity mismatch performs no database cutover and finalizer attempts stop (11.052884ms)
DB clone source: backup
Public base tables: 0
Public columns: 0
Schema migrations ledger rows: 0
DB CLONE PASS
✔ automatic candidate flow retries older valid SQL only after newest staging restore fails (8.505761ms)
✔ explicit invalid or restore-failed source never falls back or drops production clone (12.147176ms)
✔ reversible cutover rolls back when second rename fails and never drops backup (9.713019ms)
✔ restore and capture stderr never expose fake secret or source path (9.588209ms)
✔ backup parent directory symlink is rejected before restore or process calls (1.829236ms)
DB clone source: backup
Public base tables: 1
Public columns: 1
Schema migrations ledger rows: 0
DB CLONE PASS
✔ real integration restores a one-table SQL clone and stops cleanly (17210.198926ms)
✔ cloneProduction symlink path finalizer invokes zero pg_ctl (2.922089ms)
✔ marker ownership mismatch invokes zero destructive calls (11.875594ms)
✔ existing-clone start failure attempts safe shutdown (14.742893ms)
✔ schema path guard detects CLI, package script, filter, and API push paths (2.524871ms)
✔ schema path guard ignores ordinary product push references (0.511015ms)
✔ model-sync simulation is allowed only in its guarded isolated-cluster worker (0.292075ms)
✔ schema path guard permits only the audited schema parity inspection (0.116217ms)
✔ schema path guard scans source and deployment configuration only (0.287366ms)
✔ numberMigrations is strict, sorted, and rejects aliases (1.850989ms)
✔ baseline and an earlier creator permit later column use (17955.884794ms)
✔ same-file table, foreign key, index, and insert are accepted (10202.720691ms)
✔ forward table and unqualified column dependencies are reported (20631.06207ms)
