
> workspace@0.0.0 preflight /home/runner/workspace/.local/campaign-remaining-source
> pnpm --filter @workspace/scripts exec tsx ./src/preflight.ts

PREFLIGHT 1/11: schema path guard

> workspace@0.0.0 guard:schema-path /home/runner/workspace/.local/campaign-remaining-source
> pnpm --filter @workspace/scripts exec tsx ./src/forbid-schema-push.ts

Schema path guard passed
PREFLIGHT 2/11: recovery guard

> workspace@0.0.0 recovery:guard /home/runner/workspace/.local/campaign-remaining-source
> pnpm --filter @workspace/scripts run recovery:guard


> @workspace/scripts@0.0.0 recovery:guard /home/runner/workspace/.local/campaign-remaining-source/scripts
> tsx ./src/recovery-guard.ts

Recovery guard passed.
PREFLIGHT 3/11: typecheck

> workspace@0.0.0 typecheck /home/runner/workspace/.local/campaign-remaining-source
> pnpm run typecheck:libs && pnpm -r --filter "./artifacts/**" --filter "./scripts" --if-present run typecheck


> workspace@0.0.0 typecheck:libs /home/runner/workspace/.local/campaign-remaining-source
> tsc --build

Scope: 5 of 11 workspace projects
artifacts/api-server typecheck$ tsc -p tsconfig.json --noEmit
artifacts/mbs-crm typecheck$ tsc -p tsconfig.json --noEmit
artifacts/mbs-crm-mobile typecheck$ tsc -p tsconfig.json --noEmit
artifacts/mockup-sandbox typecheck$ tsc -p tsconfig.json --noEmit
artifacts/mbs-crm-mobile typecheck: Done
scripts typecheck$ tsc -p tsconfig.json --noEmit
artifacts/mockup-sandbox typecheck: Done
scripts typecheck: Done
artifacts/mbs-crm typecheck: Done
artifacts/api-server typecheck: Done
PREFLIGHT 4/11: full suite

> workspace@0.0.0 test /home/runner/workspace/.local/campaign-remaining-source
> pnpm --filter @workspace/api-server run test && pnpm --filter @workspace/mbs-crm run test && pnpm --filter @workspace/scripts run test && pnpm --filter @workspace/scripts exec tsx --test ../lib/db/src/*.test.ts


> @workspace/api-server@0.0.0 test /home/runner/workspace/.local/campaign-remaining-source/artifacts/api-server
> node --test --experimental-strip-types --loader ./test-loader.mjs src/lib/*.test.ts

(node:30703) ExperimentalWarning: `--experimental-loader` may be removed in the future; instead use `register()`:
--import 'data:text/javascript,import { register } from "node:module"; import { pathToFileURL } from "node:url"; register("./test-loader.mjs", pathToFileURL("./"));'
(Use `node --trace-warnings ...` to show where the warning was created)
✔ migration status endpoint is forbidden for reps (67.726251ms)
(node:30703) ExperimentalWarning: `--experimental-loader` may be removed in the future; instead use `register()`:
--import 'data:text/javascript,import { register } from "node:module"; import { pathToFileURL } from "node:url"; register("./test-loader.mjs", pathToFileURL("./"));'
(Use `node --trace-warnings ...` to show where the warning was created)
(node:30704) ExperimentalWarning: `--experimental-loader` may be removed in the future; instead use `register()`:
--import 'data:text/javascript,import { register } from "node:module"; import { pathToFileURL } from "node:url"; register("./test-loader.mjs", pathToFileURL("./"));'
(Use `node --trace-warnings ...` to show where the warning was created)
✔ post-Clerk push health enforces anonymous, representative, and admin roles (81.136234ms)
(node:30704) ExperimentalWarning: `--experimental-loader` may be removed in the future; instead use `register()`:
--import 'data:text/javascript,import { register } from "node:module"; import { pathToFileURL } from "node:url"; register("./test-loader.mjs", pathToFileURL("./"));'
(Use `node --trace-warnings ...` to show where the warning was created)
(node:30705) ExperimentalWarning: `--experimental-loader` may be removed in the future; instead use `register()`:
--import 'data:text/javascript,import { register } from "node:module"; import { pathToFileURL } from "node:url"; register("./test-loader.mjs", pathToFileURL("./"));'
(Use `node --trace-warnings ...` to show where the warning was created)
✔ GET /api/analytics/reps includes active reps and active users assigned leads or deals only (1411.760231ms)
(node:30705) ExperimentalWarning: `--experimental-loader` may be removed in the future; instead use `register()`:
--import 'data:text/javascript,import { register } from "node:module"; import { pathToFileURL } from "node:url"; register("./test-loader.mjs", pathToFileURL("./"));'
(Use `node --trace-warnings ...` to show where the warning was created)
(node:30706) ExperimentalWarning: `--experimental-loader` may be removed in the future; instead use `register()`:
--import 'data:text/javascript,import { register } from "node:module"; import { pathToFileURL } from "node:url"; register("./test-loader.mjs", pathToFileURL("./"));'
(Use `node --trace-warnings ...` to show where the warning was created)
✔ application consent version is server-owned and persists the current disclosure version (1.567143ms)
(node:30707) ExperimentalWarning: `--experimental-loader` may be removed in the future; instead use `register()`:
--import 'data:text/javascript,import { register } from "node:module"; import { pathToFileURL } from "node:url"; register("./test-loader.mjs", pathToFileURL("./"));'
(Use `node --trace-warnings ...` to show where the warning was created)
✔ blank application uses the rep identity and exact disclosure/footer (2.412007ms)
✔ title is profile data and a blank title is not derived from role (0.614815ms)
✔ filled application masks both SSNs and never emits encrypted or plaintext SSN fields (0.730862ms)
(node:30710) ExperimentalWarning: `--experimental-loader` may be removed in the future; instead use `register()`:
--import 'data:text/javascript,import { register } from "node:module"; import { pathToFileURL } from "node:url"; register("./test-loader.mjs", pathToFileURL("./"));'
(Use `node --trace-warnings ...` to show where the warning was created)
✔ native form preserves complete consent and footer text, never plaintext SSNs (1859.44636ms)
✔ native form embeds Unicode Inter text, logo, ET dates, and mapped application type (1678.373383ms)
✔ application and prepared-by footer baselines are separated inside the bottom margin (0.253893ms)
✔ application form renders natively as one US Letter PDF (1368.516506ms)
✔ filled native application stays on one Letter page and masks SSNs (1526.437805ms)
✔ native historical applications embed PNG signatures without substituting signature evidence (1537.07421ms)
✔ native header uses work email, ordered phones, and required clearance (12.294595ms)
✔ Nate and Calvin header regions remain deterministic (3200.587836ms)
(node:30715) ExperimentalWarning: `--experimental-loader` may be removed in the future; instead use `register()`:
--import 'data:text/javascript,import { register } from "node:module"; import { pathToFileURL } from "node:url"; register("./test-loader.mjs", pathToFileURL("./"));'
(Use `node --trace-warnings ...` to show where the warning was created)
✔ typed signature accepts two trimmed characters (1.991391ms)
✔ typed signature rejects one character and names over 200 characters (0.366236ms)
✔ drawn signature accepts safe PNG data URLs and rejects malformed/non-image values (0.415176ms)
✔ application rules enforce consents and equipment description without requiring vendor (0.333231ms)
✔ signed application HTML escapes injection strings and signature metadata (21.899106ms)
✔ legacy applications do not invent a signature method or signed timestamp (0.438682ms)
(node:30762) ExperimentalWarning: `--experimental-loader` may be removed in the future; instead use `register()`:
--import 'data:text/javascript,import { register } from "node:module"; import { pathToFileURL } from "node:url"; register("./test-loader.mjs", pathToFileURL("./"));'
(Use `node --trace-warnings ...` to show where the warning was created)
(node:30762) ExperimentalWarning: `--experimental-loader` may be removed in the future; instead use `register()`:
--import 'data:text/javascript,import { register } from "node:module"; import { pathToFileURL } from "node:url"; register("./test-loader.mjs", pathToFileURL("./"));'
(Use `node --trace-warnings ...` to show where the warning was created)
✔ application submit attributes a rep-slug lead and records QR-card activity (167.971818ms)
✔ application submit persists and returns equipment category and homeownership (21.268174ms)
✔ application submit rejects explicit null category and homeownership values (34.92034ms)
✔ a second public application reuses its existing email lead, logs the re-application, and notifies its assigned rep (13.078129ms)
✔ a phone-only re-application sends only to the stored lead email, never the submitted unverified email (10.264737ms)
✔ conflicting email and phone identities return a named 400 without attaching an application (10.150472ms)
✔ each re-application retains its own immutable signed-document key (24.352037ms)
(node:30791) ExperimentalWarning: `--experimental-loader` may be removed in the future; instead use `register()`:
--import 'data:text/javascript,import { register } from "node:module"; import { pathToFileURL } from "node:url"; register("./test-loader.mjs", pathToFileURL("./"));'
(Use `node --trace-warnings ...` to show where the warning was created)
✔ production parser accepts and normalizes a nine-digit EIN (4.081031ms)
✔ production parser accepts the optional collateral boolean and defaults it when omitted (0.428139ms)
✔ production parser reports malformed EIN with its field and format message (0.959026ms)
✔ production parser turns a malformed non-object body into a named validation error (0.857715ms)
✔ production parser accepts a punctuated phone after trimming only (0.442174ms)
✔ validation response never returns the literal Invalid input (0.144413ms)
✔ optional Section 1 fields remain optional and SSNs normalize to digits (0.577167ms)
✔ invalid optional business start date is rejected without making other optional fields required (0.480354ms)
(node:30792) ExperimentalWarning: `--experimental-loader` may be removed in the future; instead use `register()`:
--import 'data:text/javascript,import { register } from "node:module"; import { pathToFileURL } from "node:url"; register("./test-loader.mjs", pathToFileURL("./"));'
(Use `node --trace-warnings ...` to show where the warning was created)
(node:30792) ExperimentalWarning: `--experimental-loader` may be removed in the future; instead use `register()`:
--import 'data:text/javascript,import { register } from "node:module"; import { pathToFileURL } from "node:url"; register("./test-loader.mjs", pathToFileURL("./"));'
(Use `node --trace-warnings ...` to show where the warning was created)
✔ the real API router has a gate before every private mutation (5154.79467ms)
✔ the production mutation gate accepts a Clerk-authenticated request (11.621394ms)
✔ creator-owned resources reject other reps (2.031771ms)
✔ unsigned inbound voice and voicemail callbacks are rejected before routing or storage (24.920759ms)
✔ a rep cannot self-assign a lead (6.597552ms)
✔ unsigned SendGrid webhooks are rejected in every environment (6.884698ms)
✔ unsigned Twilio callbacks are rejected before side effects (23.655893ms)
[19:04:09.373] [33mWARN[39m (30792): [36mSendGrid webhook signature rejected[39m
    [35mroute[39m: "/api/sendgrid/webhook"
    [35mreason[39m: "verification_key_missing"
    [35mhasSignatureHeader[39m: false
    [35mhasTimestampHeader[39m: false
    [35mhasRawBody[39m: true
    [35mrawBodyBytes[39m: 23
(node:30808) ExperimentalWarning: `--experimental-loader` may be removed in the future; instead use `register()`:
--import 'data:text/javascript,import { register } from "node:module"; import { pathToFileURL } from "node:url"; register("./test-loader.mjs", pathToFileURL("./"));'
(Use `node --trace-warnings ...` to show where the warning was created)
✔ brand helper serves the canonical light and reverse marks (1.934218ms)
✔ email and flyer branding use the hosted light mark and non-legacy alt (1.340891ms)
﹣ configured email logo URL returns HTTP 200 when online (0.083576ms) # Set RUN_ONLINE_TESTS=1 to check live hosting
(node:30814) ExperimentalWarning: `--experimental-loader` may be removed in the future; instead use `register()`:
--import 'data:text/javascript,import { register } from "node:module"; import { pathToFileURL } from "node:url"; register("./test-loader.mjs", pathToFileURL("./"));'
(Use `node --trace-warnings ...` to show where the warning was created)
✔ unconfigured browser telephony has an explicit successful readiness state (1.794718ms)
✔ voice and owned-number configuration are independent and secret-free (0.286413ms)
(node:30829) ExperimentalWarning: `--experimental-loader` may be removed in the future; instead use `register()`:
--import 'data:text/javascript,import { register } from "node:module"; import { pathToFileURL } from "node:url"; register("./test-loader.mjs", pathToFileURL("./"));'
(Use `node --trace-warnings ...` to show where the warning was created)
✔ flyer recording failure propagates rather than silently accepting a redirect (2.007902ms)
✔ Parse authentication is independent, constant-time digest matched, and rejects malformed credentials (1.331905ms)
✔ Reply exclusions, opaque envelope addresses, stable message dedupe and text-only rendering (1.039708ms)
✔ Signed referral context rejects edits, cross-purpose tokens and expiry (0.632027ms)
✔ KPI reconciliation deduplicates cohorts/deals, excludes pre-attribution milestones, labels unknown history and reuses rate calculator (2.155813ms)
✔ Real database attribution and Parse redelivery reconcile without live communications (350.066054ms)
(node:30835) ExperimentalWarning: `--experimental-loader` may be removed in the future; instead use `register()`:
--import 'data:text/javascript,import { register } from "node:module"; import { pathToFileURL } from "node:url"; register("./test-loader.mjs", pathToFileURL("./"));'
(Use `node --trace-warnings ...` to show where the warning was created)
✔ remaining audience excludes the original sent set, including repeated launch rows (2.12487ms)
✔ deferred, cancelled and internal unclaimed eligible rows are pending; SMS is not silently relaunched (1.058418ms)
✔ a sent or unresolved provider attempt blocks a stale queued recipient (2.110277ms)
✔ validation-only launch recipients cannot broaden a live campaign recovery (0.246943ms)
✔ suppression and unsubscribe are rechecked; sent addresses cannot reenter through another lead (0.553318ms)
(node:30848) ExperimentalWarning: `--experimental-loader` may be removed in the future; instead use `register()`:
--import 'data:text/javascript,import { register } from "node:module"; import { pathToFileURL } from "node:url"; register("./test-loader.mjs", pathToFileURL("./"));'
(Use `node --trace-warnings ...` to show where the warning was created)
✔ campaign reply capture is optional; real sender retains Reply-To or tokenises only on opt-in (17.149598ms)
(node:30848) ExperimentalWarning: `--experimental-loader` may be removed in the future; instead use `register()`:
--import 'data:text/javascript,import { register } from "node:module"; import { pathToFileURL } from "node:url"; register("./test-loader.mjs", pathToFileURL("./"));'
(Use `node --trace-warnings ...` to show where the warning was created)
(node:30860) ExperimentalWarning: `--experimental-loader` may be removed in the future; instead use `register()`:
--import 'data:text/javascript,import { register } from "node:module"; import { pathToFileURL } from "node:url"; register("./test-loader.mjs", pathToFileURL("./"));'
(Use `node --trace-warnings ...` to show where the warning was created)
✔ campaign APIs are restricted to manager and admin roles (4.198543ms)
✔ campaign without a flyer produces plain text and one remote logo HTML alternative (2.100777ms)
✔ Link sends no attachment and renders an expiring URL in both email alternatives; Attach is unchanged (5.61516ms)
✔ vendor vertical mappings use imported lead vertical first and default to equipment (1.392534ms)
✔ flyer link defaults follow the selected flyer's audience in text and HTML (2.050816ms)
✔ flyer link overrides survive merge rendering, are HTML escaped, and are accepted for approval (4.473191ms)
✔ daily overflow is deferred to the next New York business day (41.144558ms)
✔ future scheduled launches are rejected when no delivery worker exists (0.384968ms)
✔ resume candidates exclude sent, uncertain, and early deferred rows (0.861876ms)
✔ audience classification preserves actionable email exclusion reasons (1.515075ms)
✔ campaign audience union deduplicates IDs, prioritizes picked origin, and sorts by ID (1.147786ms)
✔ campaign exclusion breakdown distinguishes consent, suppression, prior sends and duplicates (0.559962ms)
✔ a picked lead outside the filters is included but suppression excludes it with a visible reason (1.073666ms)
✔ manual picks without filters never expand into an all-leads campaign (0.352428ms)
✔ SMS preview explains missing, duplicate, consent, and unsupported launch outcomes (0.64658ms)
✔ editing a campaign invalidates its approval version (0.620933ms)
✔ repeat launch lifecycle is idempotent and transitions are explicit (0.666963ms)
✔ future scheduling advances the campaign, while an unscheduled dry run does not (0.283617ms)
✔ campaign content hashes are stable and change when approved template content changes (4.056272ms)
✔ campaign Reply-To defaults and participates in approval hash (0.361547ms)
✔ approval blocks unknown merge tokens before any provider send (0.493506ms)
✔ campaign flyer delivery uses the approved immutable creative (0.48834ms)
✔ approval requires the current hash and explicit claims affirmation (0.957669ms)
✔ approval and launch reject empty or malformed eligible audience counts (0.392409ms)
✔ provider-free validation reports no-send, tested address, audience count, and timestamp (0.369348ms)
✔ provider-free validation rejects inactive or missing content and exercises rendering (0.403744ms)
✔ approved audience remains the launch source after reload or newer preview changes (0.372725ms)
✔ assigned representative reply-to contract preserves routing (0.573467ms)
✔ same-key resume only selects eligible recipients and never retries uncertain queued rows (0.438767ms)
✔ recipient ledger summaries are cumulative across partial runs (0.627232ms)
✔ execution lease refuses active owners and allows expiry takeover (0.284985ms)
✔ resume continues past already-processed queued recipient (0.349721ms)
(node:30860) ExperimentalWarning: `--experimental-loader` may be removed in the future; instead use `register()`:
--import 'data:text/javascript,import { register } from "node:module"; import { pathToFileURL } from "node:url"; register("./test-loader.mjs", pathToFileURL("./"));'
(Use `node --trace-warnings ...` to show where the warning was created)
(node:30869) ExperimentalWarning: `--experimental-loader` may be removed in the future; instead use `register()`:
--import 'data:text/javascript,import { register } from "node:module"; import { pathToFileURL } from "node:url"; register("./test-loader.mjs", pathToFileURL("./"));'
(Use `node --trace-warnings ...` to show where the warning was created)
✔ Clerk publishable key origins are decoded for diagnostics only (1.182624ms)
✔ Clerk proxy always uses the documented proxy upstream (0.351559ms)
✔ production proxy emits a fatal diagnostic when its secret is missing (1.162137ms)
✔ production proxy logs the derived FAPI host and safe key prefixes once (0.264655ms)
✔ production proxy logs a full upstream exception and returns a short reason (0.542108ms)
✔ production proxy preserves an upstream failure status and logs response headers (1.170514ms)
✔ Clerk health probes the proxy upstream and caches the result (0.739967ms)
✔ Clerk health reports missing keys and an unreachable upstream (0.317444ms)
(node:30869) ExperimentalWarning: `--experimental-loader` may be removed in the future; instead use `register()`:
--import 'data:text/javascript,import { register } from "node:module"; import { pathToFileURL } from "node:url"; register("./test-loader.mjs", pathToFileURL("./"));'
(Use `node --trace-warnings ...` to show where the warning was created)
(node:30875) ExperimentalWarning: `--experimental-loader` may be removed in the future; instead use `register()`:
--import 'data:text/javascript,import { register } from "node:module"; import { pathToFileURL } from "node:url"; register("./test-loader.mjs", pathToFileURL("./"));'
(Use `node --trace-warnings ...` to show where the warning was created)
✔ reps cannot use admin collateral template policy (0.944782ms)
✔ collateral admin policy permits managers only through the explicit admin role (0.202518ms)
✔ rep collateral email policy only permits assigned leads (0.274423ms)
(node:30888) ExperimentalWarning: `--experimental-loader` may be removed in the future; instead use `register()`:
--import 'data:text/javascript,import { register } from "node:module"; import { pathToFileURL } from "node:url"; register("./test-loader.mjs", pathToFileURL("./"));'
(Use `node --trace-warnings ...` to show where the warning was created)
✔ collateral provider payload rewrites legacy CRM URLs, not unrelated destinations (2.118007ms)
(node:30888) ExperimentalWarning: `--experimental-loader` may be removed in the future; instead use `register()`:
--import 'data:text/javascript,import { register } from "node:module"; import { pathToFileURL } from "node:url"; register("./test-loader.mjs", pathToFileURL("./"));'
(Use `node --trace-warnings ...` to show where the warning was created)
(node:30906) ExperimentalWarning: `--experimental-loader` may be removed in the future; instead use `register()`:
--import 'data:text/javascript,import { register } from "node:module"; import { pathToFileURL } from "node:url"; register("./test-loader.mjs", pathToFileURL("./"));'
(Use `node --trace-warnings ...` to show where the warning was created)
✔ collateral merge fields prefer corporate email and omit absent optional values (63.316895ms)
✔ collateral merge fields omit optional title and phone lines (13.613481ms)
✔ QR encoder receives the exact rep URL and required brand-safe options (13.817394ms)
✔ PDF image overlay emits Letter output and explicitly rejects raster output without sharp (257.612768ms)
✔ image overlay does not mutate source bytes and retains artwork content above rep band (124.697608ms)
(node:30916) ExperimentalWarning: `--experimental-loader` may be removed in the future; instead use `register()`:
--import 'data:text/javascript,import { register } from "node:module"; import { pathToFileURL } from "node:url"; register("./test-loader.mjs", pathToFileURL("./"));'
(Use `node --trace-warnings ...` to show where the warning was created)
✔ commercial financing disclosure remains sourced from the immutable consent text artifact (0.770826ms)
✔ consentText.ts matches the canonical full-file SHA-256 fixture (0.832252ms)
✔ the disclosure acceptance checkbox has a required, artifact-owned label and version (0.17208ms)
✔ public disclosure payload exactly exposes the immutable artifact constants (0.589756ms)
(node:30928) ExperimentalWarning: `--experimental-loader` may be removed in the future; instead use `register()`:
--import 'data:text/javascript,import { register } from "node:module"; import { pathToFileURL } from "node:url"; register("./test-loader.mjs", pathToFileURL("./"));'
(Use `node --trace-warnings ...` to show where the warning was created)
✔ calls card fixture counts two voicemails, one callback, and one overdue record (577.092303ms)
(node:30936) ExperimentalWarning: `--experimental-loader` may be removed in the future; instead use `register()`:
--import 'data:text/javascript,import { register } from "node:module"; import { pathToFileURL } from "node:url"; register("./test-loader.mjs", pathToFileURL("./"));'
(Use `node --trace-warnings ...` to show where the warning was created)
(node:30936) ExperimentalWarning: `--experimental-loader` may be removed in the future; instead use `register()`:
--import 'data:text/javascript,import { register } from "node:module"; import { pathToFileURL } from "node:url"; register("./test-loader.mjs", pathToFileURL("./"));'
(Use `node --trace-warnings ...` to show where the warning was created)
✔ Migration 029 is append-only and preserves historical approvals (16.561885ms)
✔ latest approval selection uses created_at then id tie-break (0.540723ms)
✔ approval reminder creation is idempotent across duplicate captures (1.66268ms)
(node:30952) ExperimentalWarning: `--experimental-loader` may be removed in the future; instead use `register()`:
--import 'data:text/javascript,import { register } from "node:module"; import { pathToFileURL } from "node:url"; register("./test-loader.mjs", pathToFileURL("./"));'
(Use `node --trace-warnings ...` to show where the warning was created)
✔ deal labels retain unlinked business names without exposing private linked identities or numbers (1602.291209ms)
✔ rep deal-name search requires an unlinked deal or ownership of its linked lead (7.297922ms)
✔ deal contact projection scopes reps to their linked-lead ownership in one batch (2.181025ms)
✔ manager and admin contact projections do not apply rep ownership restrictions (1.52884ms)
(node:30952) ExperimentalWarning: `--experimental-loader` may be removed in the future; instead use `register()`:
--import 'data:text/javascript,import { register } from "node:module"; import { pathToFileURL } from "node:url"; register("./test-loader.mjs", pathToFileURL("./"));'
(Use `node --trace-warnings ...` to show where the warning was created)
(node:30960) ExperimentalWarning: `--experimental-loader` may be removed in the future; instead use `register()`:
--import 'data:text/javascript,import { register } from "node:module"; import { pathToFileURL } from "node:url"; register("./test-loader.mjs", pathToFileURL("./"));'
(Use `node --trace-warnings ...` to show where the warning was created)
(node:30960) ExperimentalWarning: `--experimental-loader` may be removed in the future; instead use `register()`:
--import 'data:text/javascript,import { register } from "node:module"; import { pathToFileURL } from "node:url"; register("./test-loader.mjs", pathToFileURL("./"));'
(Use `node --trace-warnings ...` to show where the warning was created)
✔ rep resolves an authorized funded deal to its lead and uploads against the lead id (1508.513748ms)
✔ visible deal does not disclose or authorize its other-rep lead (10.016481ms)
✔ linked deal explicitly reports missing contact identity without using its stored label (9.94994ms)
(node:30978) ExperimentalWarning: `--experimental-loader` may be removed in the future; instead use `register()`:
--import 'data:text/javascript,import { register } from "node:module"; import { pathToFileURL } from "node:url"; register("./test-loader.mjs", pathToFileURL("./"));'
(Use `node --trace-warnings ...` to show where the warning was created)
✔ production funded GM aggregate sums raw actualGm without split multiplication (2.94276ms)
(node:30990) ExperimentalWarning: `--experimental-loader` may be removed in the future; instead use `register()`:
--import 'data:text/javascript,import { register } from "node:module"; import { pathToFileURL } from "node:url"; register("./test-loader.mjs", pathToFileURL("./"));'
(Use `node --trace-warnings ...` to show where the warning was created)
✔ manager and admin deal readers can inspect submission metadata (0.748039ms)
✔ rep submission reads remain assignment-bound and pending users are denied (0.149604ms)
(node:31005) ExperimentalWarning: `--experimental-loader` may be removed in the future; instead use `register()`:
--import 'data:text/javascript,import { register } from "node:module"; import { pathToFileURL } from "node:url"; register("./test-loader.mjs", pathToFileURL("./"));'
(Use `node --trace-warnings ...` to show where the warning was created)
✔ deal CSV includes notes and split percentage values (1712.966981ms)
(node:31005) ExperimentalWarning: `--experimental-loader` may be removed in the future; instead use `register()`:
--import 'data:text/javascript,import { register } from "node:module"; import { pathToFileURL } from "node:url"; register("./test-loader.mjs", pathToFileURL("./"));'
(Use `node --trace-warnings ...` to show where the warning was created)
(node:31013) ExperimentalWarning: `--experimental-loader` may be removed in the future; instead use `register()`:
--import 'data:text/javascript,import { register } from "node:module"; import { pathToFileURL } from "node:url"; register("./test-loader.mjs", pathToFileURL("./"));'
(Use `node --trace-warnings ...` to show where the warning was created)
(node:31013) ExperimentalWarning: `--experimental-loader` may be removed in the future; instead use `register()`:
--import 'data:text/javascript,import { register } from "node:module"; import { pathToFileURL } from "node:url"; register("./test-loader.mjs", pathToFileURL("./"));'
(Use `node --trace-warnings ...` to show where the warning was created)
✔ Express deal update persists notes and exactly one notes_updated activity (72.949877ms)
✔ deal update rolls back notes when activity logging fails (11.277633ms)
Error: activity insert failed
    at Object.values (file:///home/runner/workspace/.local/campaign-remaining-source/artifacts/api-server/src/lib/dealsUpdateRoute.test.ts:92:47)
    at logActivity (file:///home/runner/workspace/.local/campaign-remaining-source/artifacts/api-server/src/lib/activityHelper.ts:17:43)
    at file:///home/runner/workspace/.local/campaign-remaining-source/artifacts/api-server/src/routes/deals.ts:819:13
    at process.processTicksAndRejections (node:internal/process/task_queues:103:5)
    at async Object.transaction (file:///home/runner/workspace/.local/campaign-remaining-source/artifacts/api-server/src/lib/dealsUpdateRoute.test.ts:79:16)
    at async file:///home/runner/workspace/.local/campaign-remaining-source/artifacts/api-server/src/routes/deals.ts:792:16
✔ rate points save updates the correct GM field and writes complete activity in one transaction (25.065227ms)
(node:31035) ExperimentalWarning: `--experimental-loader` may be removed in the future; instead use `register()`:
--import 'data:text/javascript,import { register } from "node:module"; import { pathToFileURL } from "node:url"; register("./test-loader.mjs", pathToFileURL("./"));'
(Use `node --trace-warnings ...` to show where the warning was created)
✔ document download headers support Unicode names with an ASCII fallback (0.903384ms)
✔ document download headers encode control and quote characters (0.19043ms)
(node:31043) ExperimentalWarning: `--experimental-loader` may be removed in the future; instead use `register()`:
--import 'data:text/javascript,import { register } from "node:module"; import { pathToFileURL } from "node:url"; register("./test-loader.mjs", pathToFileURL("./"));'
(Use `node --trace-warnings ...` to show where the warning was created)
✔ legacy document category helper mirrors migration 019 key backfill (1.172307ms)
(node:31043) ExperimentalWarning: `--experimental-loader` may be removed in the future; instead use `register()`:
--import 'data:text/javascript,import { register } from "node:module"; import { pathToFileURL } from "node:url"; register("./test-loader.mjs", pathToFileURL("./"));'
(Use `node --trace-warnings ...` to show where the warning was created)
✔ a rep cannot update a document category for another rep's lead (43.626706ms)
✔ a rep can update a document category for their assigned lead (12.099956ms)
(node:31044) ExperimentalWarning: `--experimental-loader` may be removed in the future; instead use `register()`:
--import 'data:text/javascript,import { register } from "node:module"; import { pathToFileURL } from "node:url"; register("./test-loader.mjs", pathToFileURL("./"));'
(Use `node --trace-warnings ...` to show where the warning was created)
(node:31044) ExperimentalWarning: `--experimental-loader` may be removed in the future; instead use `register()`:
--import 'data:text/javascript,import { register } from "node:module"; import { pathToFileURL } from "node:url"; register("./test-loader.mjs", pathToFileURL("./"));'
(Use `node --trace-warnings ...` to show where the warning was created)
✔ authorized funded lead can upload a document through the real API route (2232.724613ms)
✔ authorized declined lead can upload a document through the real API route (21.502219ms)
✔ deal visibility does not authorize upload to a linked lead owned by another rep (15.621877ms)
(node:31051) ExperimentalWarning: `--experimental-loader` may be removed in the future; instead use `register()`:
--import 'data:text/javascript,import { register } from "node:module"; import { pathToFileURL } from "node:url"; register("./test-loader.mjs", pathToFileURL("./"));'
(Use `node --trace-warnings ...` to show where the warning was created)
(node:31051) ExperimentalWarning: `--experimental-loader` may be removed in the future; instead use `register()`:
--import 'data:text/javascript,import { register } from "node:module"; import { pathToFileURL } from "node:url"; register("./test-loader.mjs", pathToFileURL("./"));'
(Use `node --trace-warnings ...` to show where the warning was created)
✔ production origin validation and boot, root and deep health (3168.355947ms)
✔ provider payloads for direct, campaign/drip, image-free and application confirmation use public URLs (3.629089ms)
(node:31073) ExperimentalWarning: `--experimental-loader` may be removed in the future; instead use `register()`:
--import 'data:text/javascript,import { register } from "node:module"; import { pathToFileURL } from "node:url"; register("./test-loader.mjs", pathToFileURL("./"));'
(Use `node --trace-warnings ...` to show where the warning was created)
✔ shared limiter rejects the reservation that would exceed the cap (1.028413ms)
✔ limiter normalizes invalid capacities to safe bounds (0.245063ms)
(node:31081) ExperimentalWarning: `--experimental-loader` may be removed in the future; instead use `register()`:
--import 'data:text/javascript,import { register } from "node:module"; import { pathToFileURL } from "node:url"; register("./test-loader.mjs", pathToFileURL("./"));'
(Use `node --trace-warnings ...` to show where the warning was created)
✔ documents and strictly rejects unknown merge tokens (1.331875ms)
✔ data:image URIs are rejected separately from merge-token validation (0.304543ms)
✔ every inline starter template uses only supported merge tokens (0.564664ms)
✔ rendering uses Hi there fallback and omits a missing company phrase (0.7828ms)
✔ supported per-send footer tokens render without creating a second footer (0.503641ms)
✔ HTML and plain-text compliance footer is exact once and never data URI (2.785203ms)
✔ provider dispatch keeps test-send Reply-To on the admin address (0.488844ms)
(node:31081) ExperimentalWarning: `--experimental-loader` may be removed in the future; instead use `register()`:
--import 'data:text/javascript,import { register } from "node:module"; import { pathToFileURL } from "node:url"; register("./test-loader.mjs", pathToFileURL("./"));'
(Use `node --trace-warnings ...` to show where the warning was created)
(node:31098) ExperimentalWarning: `--experimental-loader` may be removed in the future; instead use `register()`:
--import 'data:text/javascript,import { register } from "node:module"; import { pathToFileURL } from "node:url"; register("./test-loader.mjs", pathToFileURL("./"));'
(Use `node --trace-warnings ...` to show where the warning was created)
✔ suppression uses a canonical case-insensitive email (0.77863ms)
✔ email engagement state never downgrades terminal statuses (0.164453ms)
✔ all provider suppression events classify as suppressing (0.208397ms)
(node:31110) ExperimentalWarning: `--experimental-loader` may be removed in the future; instead use `register()`:
--import 'data:text/javascript,import { register } from "node:module"; import { pathToFileURL } from "node:url"; register("./test-loader.mjs", pathToFileURL("./"));'
(Use `node --trace-warnings ...` to show where the warning was created)
✔ entity labels trim identity and prefer company before contact (0.673493ms)
(node:31111) ExperimentalWarning: `--experimental-loader` may be removed in the future; instead use `register()`:
--import 'data:text/javascript,import { register } from "node:module"; import { pathToFileURL } from "node:url"; register("./test-loader.mjs", pathToFileURL("./"));'
(Use `node --trace-warnings ...` to show where the warning was created)
✔ an Express flyer request returns 503 and records one correlatable 5xx event (52.533784ms)
(node:31126) ExperimentalWarning: `--experimental-loader` may be removed in the future; instead use `register()`:
--import 'data:text/javascript,import { register } from "node:module"; import { pathToFileURL } from "node:url"; register("./test-loader.mjs", pathToFileURL("./"));'
(Use `node --trace-warnings ...` to show where the warning was created)
✔ production flyer renderer defaults are pinned to two concurrent renders and 30 seconds (1.044039ms)
✔ flyer rendering keeps five queued requests at a maximum concurrency of two (25.62521ms)
✔ a flyer render timeout is represented as a 503 error and retains its active slot (27.506427ms)
✔ five callers receive 503 by their enqueue deadline when the two active renders never settle (10.377505ms)
✔ flyer renderer refuses a configuration above the two-render safety cap (2.056404ms)
(node:31143) ExperimentalWarning: `--experimental-loader` may be removed in the future; instead use `register()`:
--import 'data:text/javascript,import { register } from "node:module"; import { pathToFileURL } from "node:url"; register("./test-loader.mjs", pathToFileURL("./"));'
(Use `node --trace-warnings ...` to show where the warning was created)
✔ 5xx recorder logs and persists request correlation fields and an error stack (11.636785ms)
✔ 5xx recorder deliberately ignores non-server responses (3.658952ms)
(node:31144) ExperimentalWarning: `--experimental-loader` may be removed in the future; instead use `register()`:
--import 'data:text/javascript,import { register } from "node:module"; import { pathToFileURL } from "node:url"; register("./test-loader.mjs", pathToFileURL("./"));'
(Use `node --trace-warnings ...` to show where the warning was created)
✔ matches an unassigned inbound lead older than 24 hours (2.711865ms)
✔ does not match a lead exactly at the 24-hour boundary (0.308658ms)
✔ does not match assigned, non-inbound, or recent leads (0.746763ms)
(node:31169) ExperimentalWarning: `--experimental-loader` may be removed in the future; instead use `register()`:
--import 'data:text/javascript,import { register } from "node:module"; import { pathToFileURL } from "node:url"; register("./test-loader.mjs", pathToFileURL("./"));'
(Use `node --trace-warnings ...` to show where the warning was created)
▶ New York inbound business hours
  ✔ respects weekdays, exact boundaries, DST and holidays (19.095282ms)
✔ New York inbound business hours (20.425822ms)
▶ inbound routing targets
  ✔ rings a known caller's assigned active rep only (1.277149ms)
  ✔ rings active forwarding reps for unknown callers or ring-all mode (0.275269ms)
  ✔ returns a simultaneous 20-second dial for known and unknown callers (6.54593ms)
  ✔ skips dialing after hours and records with the closed greeting (1.332189ms)
  ✔ rings priority reps sequentially, skipping inactive, merged, and unforwarded users (1.148589ms)
  ✔ uses audio when available and falls back to written greeting otherwise (0.816554ms)
✔ inbound routing targets (12.115257ms)
(node:31180) ExperimentalWarning: `--experimental-loader` may be removed in the future; instead use `register()`:
--import 'data:text/javascript,import { register } from "node:module"; import { pathToFileURL } from "node:url"; register("./test-loader.mjs", pathToFileURL("./"));'
(Use `node --trace-warnings ...` to show where the warning was created)
✔ names the first missing or invalid Twilio setting (0.902995ms)
✔ reports detailed integration presence and caches token mint (0.783191ms)
✔ times out token mint with a safe reason (5.141662ms)
✔ lists both owned numbers when both roles use the business line (1.279983ms)
✔ reports split configured roles across owned numbers (0.271929ms)
✔ keeps selected sender role visible when the sender is unowned (0.174025ms)
(node:31187) ExperimentalWarning: `--experimental-loader` may be removed in the future; instead use `register()`:
--import 'data:text/javascript,import { register } from "node:module"; import { pathToFileURL } from "node:url"; register("./test-loader.mjs", pathToFileURL("./"));'
(Use `node --trace-warnings ...` to show where the warning was created)
✔ lead search matches company-table identity in one correlated SQL query (1126.236708ms)
(node:31187) ExperimentalWarning: `--experimental-loader` may be removed in the future; instead use `register()`:
--import 'data:text/javascript,import { register } from "node:module"; import { pathToFileURL } from "node:url"; register("./test-loader.mjs", pathToFileURL("./"));'
(Use `node --trace-warnings ...` to show where the warning was created)
(node:31198) ExperimentalWarning: `--experimental-loader` may be removed in the future; instead use `register()`:
--import 'data:text/javascript,import { register } from "node:module"; import { pathToFileURL } from "node:url"; register("./test-loader.mjs", pathToFileURL("./"));'
(Use `node --trace-warnings ...` to show where the warning was created)
✔ CSV lead import parser keeps vertical column values (1.723201ms)
✔ CSV buffer parsing does not load the optional ExcelJS parser (0.605695ms)
✔ Excel buffer parsing lazily loads ExcelJS and preserves normalized rows (350.090072ms)
✔ lead import resolves an explicitly mapped vertical source column (0.425823ms)
✔ known verticals normalize to canonical values and unknown values remain intact (0.203737ms)
(node:31199) ExperimentalWarning: `--experimental-loader` may be removed in the future; instead use `register()`:
--import 'data:text/javascript,import { register } from "node:module"; import { pathToFileURL } from "node:url"; register("./test-loader.mjs", pathToFileURL("./"));'
(Use `node --trace-warnings ...` to show where the warning was created)
(node:31199) ExperimentalWarning: `--experimental-loader` may be removed in the future; instead use `register()`:
--import 'data:text/javascript,import { register } from "node:module"; import { pathToFileURL } from "node:url"; register("./test-loader.mjs", pathToFileURL("./"));'
(Use `node --trace-warnings ...` to show where the warning was created)
✔ deal contact SMS target uses application-scoped consent and never sends without consent (115.239397ms)
(node:31216) ExperimentalWarning: `--experimental-loader` may be removed in the future; instead use `register()`:
--import 'data:text/javascript,import { register } from "node:module"; import { pathToFileURL } from "node:url"; register("./test-loader.mjs", pathToFileURL("./"));'
(Use `node --trace-warnings ...` to show where the warning was created)
(node:31216) ExperimentalWarning: `--experimental-loader` may be removed in the future; instead use `register()`:
--import 'data:text/javascript,import { register } from "node:module"; import { pathToFileURL } from "node:url"; register("./test-loader.mjs", pathToFileURL("./"));'
(Use `node --trace-warnings ...` to show where the warning was created)
✔ GET /api/leads?stale=true returns only stale assigned leads for an admin (2167.425432ms)
✔ ordinary company search selects IDs before relational hydration (16.435266ms)
✔ POST /api/leads/capture/elementor is absent and does not invoke a handler (13.51138ms)
(node:31225) ExperimentalWarning: `--experimental-loader` may be removed in the future; instead use `register()`:
--import 'data:text/javascript,import { register } from "node:module"; import { pathToFileURL } from "node:url"; register("./test-loader.mjs", pathToFileURL("./"));'
(Use `node --trace-warnings ...` to show where the warning was created)
✔ context carries criteria, provenance, stipulations, and points (3.792845ms)
✔ prompt forbids ranking unknown dimensions and requires citations (0.42119ms)
✔ recommendations without a criterion or exact document gap are rejected (0.4135ms)
✔ free-text context is redacted before it reaches the prompt (0.694686ms)
✔ text recommendations must cite criteria and available document gaps (2.162129ms)
✔ document readiness uses categories and preserves personal/joint document gaps (0.79684ms)
✔ unknown required document remains a gap unless its exact label is present (0.780576ms)
(node:31234) ExperimentalWarning: `--experimental-loader` may be removed in the future; instead use `register()`:
--import 'data:text/javascript,import { register } from "node:module"; import { pathToFileURL } from "node:url"; register("./test-loader.mjs", pathToFileURL("./"));'
(Use `node --trace-warnings ...` to show where the warning was created)
✔ lender-package route exposes safe renderer reason and logs the full error (19.106873ms)
✔ lender-package route returns the no_application reason without rendering (0.397257ms)
(node:31234) ExperimentalWarning: `--experimental-loader` may be removed in the future; instead use `register()`:
--import 'data:text/javascript,import { register } from "node:module"; import { pathToFileURL } from "node:url"; register("./test-loader.mjs", pathToFileURL("./"));'
(Use `node --trace-warnings ...` to show where the warning was created)
✔ omission report paginates instead of failing on many excluded documents (465.793636ms)
✔ native cover uses branded rep email and polished cover values (254.823981ms)
✔ selection uses persisted document categories and orders underwriting documents (0.730443ms)
✔ selected package honors unchecked cover/application sections and the caller's document order (27.518713ms)
✔ selected package normalizes scrambled cross-category IDs but retains each category's chosen order (16.882774ms)
✔ selected package rejects document IDs belonging to another lead (1.867999ms)
✔ lender-package rendering includes supplied primary and secondary owner SSNs (1293.759692ms)
✔ the retired maskSsn input is rejected while legacy saved configs are normalized (0.969303ms)
✔ an assigned rep's selected-package route decrypts full SSNs and audits sensitivity without logging values (1274.846954ms)
✔ the standard lender-package download decrypts both owner SSNs only after lead authorization (1421.759678ms)
✔ baseline application has two pages; exactly two statements append in upload order with safe footers (34.930199ms)
✔ native package includes three rep-uploaded statements and an invoice with Puppeteer unavailable (1606.081974ms)
✔ malformed and excluded files are skipped and every exclusion is named on the final page (1434.461027ms)
✔ statement copy failures become exclusions without partially appended pages (11.29359ms)
✔ a configurable small package cap prunes the largest statement (71.94225ms)
✔ failed oversized transfers debit actual bytes and stop later downloads (5.993493ms)
✔ rep access uses the documents route's 403 denial semantics (0.230466ms)
✔ admin can download any lead, audits the successful export, and sanitizes Unicode footer email (5.099388ms)
(node:31248) ExperimentalWarning: `--experimental-loader` may be removed in the future; instead use `register()`:
--import 'data:text/javascript,import { register } from "node:module"; import { pathToFileURL } from "node:url"; register("./test-loader.mjs", pathToFileURL("./"));'
(Use `node --trace-warnings ...` to show where the warning was created)
✔ lender package reasons do not expose arbitrary server errors (1.96216ms)
(node:31257) ExperimentalWarning: `--experimental-loader` may be removed in the future; instead use `register()`:
--import 'data:text/javascript,import { register } from "node:module"; import { pathToFileURL } from "node:url"; register("./test-loader.mjs", pathToFileURL("./"));'
(Use `node --trace-warnings ...` to show where the warning was created)
(node:31257) ExperimentalWarning: `--experimental-loader` may be removed in the future; instead use `register()`:
--import 'data:text/javascript,import { register } from "node:module"; import { pathToFileURL } from "node:url"; register("./test-loader.mjs", pathToFileURL("./"));'
(Use `node --trace-warnings ...` to show where the warning was created)
✔ seed-new route requires an authenticated admin (49.872238ms)
✔ seed-new route returns the exact shared operation summary, including missing update names (22.352594ms)
Failed to seed new lenders Error: database unavailable
    at seedNewLenders (file:///home/runner/workspace/.local/campaign-remaining-source/artifacts/api-server/src/lib/lenderSeedRoutes.test.ts:108:13)
    at file:///home/runner/workspace/.local/campaign-remaining-source/artifacts/api-server/src/routes/lenders.ts:558:28
    at process.processTicksAndRejections (node:internal/process/task_queues:103:5)
✔ seed-new route returns 500 when the shared operation fails (7.189268ms)
(node:31272) ExperimentalWarning: `--experimental-loader` may be removed in the future; instead use `register()`:
--import 'data:text/javascript,import { register } from "node:module"; import { pathToFileURL } from "node:url"; register("./test-loader.mjs", pathToFileURL("./"));'
(Use `node --trace-warnings ...` to show where the warning was created)
✔ submission request validation returns a named 400 before package work (4.455507ms)
✔ a concurrent second submission is denied by the held advisory lock before email send (16.806558ms)
✔ a post-SendGrid transaction failure leaves a durable receipt and refuses a second email (1.97715ms)
✔ a known SendGrid failure releases the receipt so a retry may send (1.442272ms)
✔ a thrown network error leaves an uncertain receipt and blocks a second email (1.062532ms)
✔ submission lock is released when immutable package storage fails before email (0.644613ms)
✔ submission re-download returns the immutable stored bytes after verifying its hash (2.682407ms)
✔ submission stores exactly the emailed attachment with config/hash metadata before immutable re-download (13.36786ms)
✔ lender submission decrypts full SSNs for package assembly without placing values in audit metadata (2.755864ms)
✔ an assigned rep may download a full-SSN immutable package under the normal lead authorization rule (1.795754ms)
✔ exact-package download refuses a corrupt stored object (0.777874ms)
✔ lender submission denies a rep with a lead assigned to another rep (0.148661ms)
✔ lender submission refuses a duplicate inside the rolling 24-hour window (0.180044ms)
✔ successful lender submission creates a Submitted deal when one is absent (0.728488ms)
✔ successful lender submission moves an existing active deal to Submitted and links its row (0.735718ms)
✔ lender submission SendGrid mock receives the built PDF, recipient, rep CC, and exact subject (0.810809ms)
✔ submission status and notes changes persist with activity logging in one transaction (1.435809ms)
(node:31272) ExperimentalWarning: `--experimental-loader` may be removed in the future; instead use `register()`:
--import 'data:text/javascript,import { register } from "node:module"; import { pathToFileURL } from "node:url"; register("./test-loader.mjs", pathToFileURL("./"));'
(Use `node --trace-warnings ...` to show where the warning was created)
(node:31285) ExperimentalWarning: `--experimental-loader` may be removed in the future; instead use `register()`:
--import 'data:text/javascript,import { register } from "node:module"; import { pathToFileURL } from "node:url"; register("./test-loader.mjs", pathToFileURL("./"));'
(Use `node --trace-warnings ...` to show where the warning was created)
✔ manual submission persists source manual and writes its activity (1.219539ms)
(node:31297) ExperimentalWarning: `--experimental-loader` may be removed in the future; instead use `register()`:
--import 'data:text/javascript,import { register } from "node:module"; import { pathToFileURL } from "node:url"; register("./test-loader.mjs", pathToFileURL("./"));'
(Use `node --trace-warnings ...` to show where the warning was created)
✔ an 8-month working-capital lead includes Thoro and excludes Dexly on TIB (15.870847ms)
✔ a 24-month, $250,000 working-capital lead includes Dexly (0.593503ms)
✔ missing required criteria exclude a lender (0.22911ms)
✔ documented equipment restrictions exclude a conflicting equipment file (0.271868ms)
✔ incomplete equipment facts cannot silently clear documented restrictions (0.151633ms)
✔ missing amount, TIB, state, and generic Other industry cannot clear structured gates (0.158987ms)
✔ application estimated score band is used only when actual score is absent (0.264465ms)
✔ actual lead credit score overrides application estimated score (0.402994ms)
✔ application business start month supplies time in business when company data is absent (0.403213ms)
✔ company time in business overrides application business start date (0.414232ms)
✔ an equipment trucking lead matches only lenders allowed by structured criteria (2.700144ms)
✔ batch 2 startup, monthly revenue, industry, and financial-statement gates use structured criteria (5.25354ms)
✔ product-scoped revenue gates and all-program industry restrictions apply correctly (2.259705ms)
✔ Section D Fenix and AFG packet scenarios use production seed rows and matcher (3.746685ms)
✔ Maxim uses state/amount/TIB gates, ignores FICO, and requires collateral for WC (1.663811ms)
✔ AFG vocational exceptions are scoped to equipment applications (0.202517ms)
✔ AFG tow-truck exclusion considers company and application signals (0.38409ms)
✔ AFG restricted trucking exceptions cannot be used by working-capital applications (0.360471ms)
✔ AFG tow exclusion ignores incidental towing equipment language (0.124751ms)
✔ rep-facing DKW fixture ranks approval before points and speed (0.88418ms)
✔ Godspeed approval evidence exposes Maxim C1 down-payment range and points (1.272819ms)
✔ generic lender notes never leak a captured approval tier to another lead (0.197536ms)
✔ Maxim points are a documented deal-specific upper bound, not compensation.max (0.45097ms)
✔ Enviro-Care below AFG equipment minimum is explicitly excluded (0.195899ms)
✔ document gaps use categories and statement count without treating one bank statement as three (0.717156ms)
✔ a current business statement reconciles a stale personal-only persisted gap (0.170409ms)
(node:31298) ExperimentalWarning: `--experimental-loader` may be removed in the future; instead use `register()`:
--import 'data:text/javascript,import { register } from "node:module"; import { pathToFileURL } from "node:url"; register("./test-loader.mjs", pathToFileURL("./"));'
(Use `node --trace-warnings ...` to show where the warning was created)
✔ migration runner applies a new file once and skips it on the second run (18.42938ms)
✔ migration runner reports a checksum mismatch without rerunning the file (11.078987ms)
✔ schema boot line reports zero applied migrations (0.268726ms)
✔ schema boot line lists pending migration names (0.145145ms)
✔ dry run treats a wrapped missing-ledger error as a first run (11.612635ms)
(node:31317) ExperimentalWarning: `--experimental-loader` may be removed in the future; instead use `register()`:
--import 'data:text/javascript,import { register } from "node:module"; import { pathToFileURL } from "node:url"; register("./test-loader.mjs", pathToFileURL("./"));'
(Use `node --trace-warnings ...` to show where the warning was created)
✔ assignment destination SQL includes every active non-pending non-merged staff role (11.554912ms)
✔ campaign deals default is unrestricted; open/exclude use complementary correlated existence (2.061101ms)
✔ lead list accepts exact imported source values without changing their spelling (478.012773ms)
(node:31317) ExperimentalWarning: `--experimental-loader` may be removed in the future; instead use `register()`:
--import 'data:text/javascript,import { register } from "node:module"; import { pathToFileURL } from "node:url"; register("./test-loader.mjs", pathToFileURL("./"));'
(Use `node --trace-warnings ...` to show where the warning was created)
(node:31339) ExperimentalWarning: `--experimental-loader` may be removed in the future; instead use `register()`:
--import 'data:text/javascript,import { register } from "node:module"; import { pathToFileURL } from "node:url"; register("./test-loader.mjs", pathToFileURL("./"));'
(Use `node --trace-warnings ...` to show where the warning was created)
✔ seed literals have the exact mapped fields and exhaustive structured notes (2.06454ms)
✔ new lender seeds have one entry per lender and the seed plan is idempotent (0.515214ms)
✔ a later existing-lender packet takes precedence over overlapping seed fields (0.336709ms)
✔ the Section A seed literals preserve exact mapped fields, contacts, nulls, and notes (0.953248ms)
✔ seed insert mapping carries explicit contacts and position caps without name special cases (0.503434ms)
✔ supported document fields are populated only where the packet states them (0.437522ms)
✔ the pure exact-name planner is idempotent and preserves existing names (0.277294ms)
✔ Section B update literals preserve the exact marker, source statements, and schema mappings (0.462088ms)
✔ Section B appends preserve old notes and contacts while restricting structured patches (0.582671ms)
✔ production executor creates first, then applies Section B updates with only AFG contact correction (4.30967ms)
✔ seed operation reports the unique configured lender inventory and updates (1.554429ms)
✔ production executor uses exact names and does not recreate a missing Section B lender (1.071193ms)
✔ structured gates backfill after an earlier packet marker and remain idempotent (1.123913ms)
✔ a prior packet marker without the new AFG marker is updated once and then unchanged (1.757125ms)
✔ prior packet inventory includes the new AFG update and three unapplied September 15 updates (2.278723ms)
✔ Section D seeds one missing lender and updates old AFG marker exactly once (1.434027ms)
✔ the original four-lender seed script remains byte-unchanged (15.170746ms)
(node:31356) ExperimentalWarning: `--experimental-loader` may be removed in the future; instead use `register()`:
--import 'data:text/javascript,import { register } from "node:module"; import { pathToFileURL } from "node:url"; register("./test-loader.mjs", pathToFileURL("./"));'
(Use `node --trace-warnings ...` to show where the warning was created)
✔ legacy deal numbers cannot reappear in notification titles or descriptions (42.136163ms)
✔ the generated client's exact notification payload matches the query schema (2.390174ms)
✔ rep can list, click through, mark read, and mark all read without changing another user's rows (33.589579ms)
(node:31356) ExperimentalWarning: `--experimental-loader` may be removed in the future; instead use `register()`:
--import 'data:text/javascript,import { register } from "node:module"; import { pathToFileURL } from "node:url"; register("./test-loader.mjs", pathToFileURL("./"));'
(Use `node --trace-warnings ...` to show where the warning was created)
✔ admin can list, click through, mark read, and mark all read without changing another user's rows (26.851877ms)
(node:31368) ExperimentalWarning: `--experimental-loader` may be removed in the future; instead use `register()`:
--import 'data:text/javascript,import { register } from "node:module"; import { pathToFileURL } from "node:url"; register("./test-loader.mjs", pathToFileURL("./"));'
(Use `node --trace-warnings ...` to show where the warning was created)
✔ notification delivery attempts Expo and web channels independently (24.56466ms)
(node:31368) ExperimentalWarning: `--experimental-loader` may be removed in the future; instead use `register()`:
--import 'data:text/javascript,import { register } from "node:module"; import { pathToFileURL } from "node:url"; register("./test-loader.mjs", pathToFileURL("./"));'
(Use `node --trace-warnings ...` to show where the warning was created)
(node:31377) ExperimentalWarning: `--experimental-loader` may be removed in the future; instead use `register()`:
--import 'data:text/javascript,import { register } from "node:module"; import { pathToFileURL } from "node:url"; register("./test-loader.mjs", pathToFileURL("./"));'
(Use `node --trace-warnings ...` to show where the warning was created)
✔ broker-out matches are grouped as super-broker options (0.622705ms)
✔ broker-in split math exposes gross, referral, and net GM (0.5329ms)
✔ split math clamps malformed percentages (0.103887ms)
✔ missing referral data produces a numeric zero instead of NaN (0.07894ms)
(node:31385) ExperimentalWarning: `--experimental-loader` may be removed in the future; instead use `register()`:
--import 'data:text/javascript,import { register } from "node:module"; import { pathToFileURL } from "node:url"; register("./test-loader.mjs", pathToFileURL("./"));'
(Use `node --trace-warnings ...` to show where the warning was created)
✔ native PDF is healthy without Chromium; failed launches are cached for ten minutes (52.861804ms)
✔ successful probe closes browser and uses bounded launch options (3.027708ms)
✔ probe times out and still closes a late browser (42.143824ms)
(node:31400) ExperimentalWarning: `--experimental-loader` may be removed in the future; instead use `register()`:
--import 'data:text/javascript,import { register } from "node:module"; import { pathToFileURL } from "node:url"; register("./test-loader.mjs", pathToFileURL("./"));'
(Use `node --trace-warnings ...` to show where the warning was created)
[19:04:17.903] [33mWARN[39m (31400): [36mNon-fatal unhandled promise rejection; keeping process alive[39m
    [35mstack[39m: "Error: expected background cancellation\n    at TestContext.<anonymous> (file:///home/runner/workspace/.local/campaign-remaining-source/artifacts/api-server/src/lib/processHandlers.test.ts:11:33)\n    at Test.runInAsyncScope (node:async_hooks:214:14)\n    at Test.run (node:internal/test_runner/test:1106:25)\n    at Test.start (node:internal/test_runner/test:1003:17)\n    at startSubtestAfterBootstrap (node:internal/test_runner/harness:358:17)\n    at process.processTicksAndRejections (node:internal/process/task_queues:103:5)"
    err: {
      "type": "Error",
      "message": "expected background cancellation",
      "stack":
          Error: expected background cancellation
              at TestContext.<anonymous> (file:///home/runner/workspace/.local/campaign-remaining-source/artifacts/api-server/src/lib/processHandlers.test.ts:11:33)
              at Test.runInAsyncScope (node:async_hooks:214:14)
              at Test.run (node:internal/test_runner/test:1106:25)
              at Test.start (node:internal/test_runner/test:1003:17)
              at startSubtestAfterBootstrap (node:internal/test_runner/harness:358:17)
              at process.processTicksAndRejections (node:internal/process/task_queues:103:5)
    }
[19:04:17.904] [41mFATAL[49m (31400): [36mFATAL: Unhandled promise rejection; exiting[39m
    [35mstack[39m: "Error: unexpected failure\n    at TestContext.<anonymous> (file:///home/runner/workspace/.local/campaign-remaining-source/artifacts/api-server/src/lib/processHandlers.test.ts:25:28)\n    at Test.runInAsyncScope (node:async_hooks:214:14)\n    at Test.run (node:internal/test_runner/test:1106:25)\n    at Test.processPendingSubtests (node:internal/test_runner/test:788:18)\n    at Test.postRun (node:internal/test_runner/test:1235:19)\n    at Test.run (node:internal/test_runner/test:1163:12)\n    at process.processTicksAndRejections (node:internal/process/task_queues:103:5)\n    at async startSubtestAfterBootstrap (node:internal/test_runner/harness:358:3)"
    err: {
      "type": "Error",
      "message": "unexpected failure",
      "stack":
          Error: unexpected failure
              at TestContext.<anonymous> (file:///home/runner/workspace/.local/campaign-remaining-source/artifacts/api-server/src/lib/processHandlers.test.ts:25:28)
              at Test.runInAsyncScope (node:async_hooks:214:14)
              at Test.run (node:internal/test_runner/test:1106:25)
              at Test.processPendingSubtests (node:internal/test_runner/test:788:18)
              at Test.postRun (node:internal/test_runner/test:1235:19)
              at Test.run (node:internal/test_runner/test:1163:12)
              at process.processTicksAndRejections (node:internal/process/task_queues:103:5)
              at async startSubtestAfterBootstrap (node:internal/test_runner/harness:358:3)
    }
[19:04:18.048] [41mFATAL[49m (31400): [36mFATAL: Uncaught exception; exiting[39m
    [35mstack[39m: "Error: unexpected exception\n    at TestContext.<anonymous> (file:///home/runner/workspace/.local/campaign-remaining-source/artifacts/api-server/src/lib/processHandlers.test.ts:35:27)\n    at Test.runInAsyncScope (node:async_hooks:214:14)\n    at Test.run (node:internal/test_runner/test:1106:25)\n    at Test.processPendingSubtests (node:internal/test_runner/test:788:18)\n    at Test.postRun (node:internal/test_runner/test:1235:19)\n    at Test.run (node:internal/test_runner/test:1163:12)\n    at process.processTicksAndRejections (node:internal/process/task_queues:103:5)\n    at async Test.processPendingSubtests (node:internal/test_runner/test:788:7)"
    [35morigin[39m: "uncaughtException"
    err: {
      "type": "Error",
      "message": "unexpected exception",
      "stack":
          Error: unexpected exception
              at TestContext.<anonymous> (file:///home/runner/workspace/.local/campaign-remaining-source/artifacts/api-server/src/lib/processHandlers.test.ts:35:27)
              at Test.runInAsyncScope (node:async_hooks:214:14)
              at Test.run (node:internal/test_runner/test:1106:25)
              at Test.processPendingSubtests (node:internal/test_runner/test:788:18)
              at Test.postRun (node:internal/test_runner/test:1235:19)
              at Test.run (node:internal/test_runner/test:1163:12)
              at process.processTicksAndRejections (node:internal/process/task_queues:103:5)
              at async Test.processPendingSubtests (node:internal/test_runner/test:788:7)
    }
✔ only explicitly marked promise rejections keep the process alive (1.484812ms)
✔ unknown promise rejections are fatal (144.0009ms)
✔ unknown uncaught exceptions are fatal (2.892672ms)
✔ explicitly marked uncaught exceptions keep the process alive (0.298307ms)
(node:31400) ExperimentalWarning: `--experimental-loader` may be removed in the future; instead use `register()`:
--import 'data:text/javascript,import { register } from "node:module"; import { pathToFileURL } from "node:url"; register("./test-loader.mjs", pathToFileURL("./"));'
(Use `node --trace-warnings ...` to show where the warning was created)
[19:04:18.051] [33mWARN[39m (31400): [36mNon-fatal uncaught exception; keeping process alive[39m
    [35mstack[39m: "Error: expected isolated exception\n    at TestContext.<anonymous> (file:///home/runner/workspace/.local/campaign-remaining-source/artifacts/api-server/src/lib/processHandlers.test.ts:46:18)\n    at Test.runInAsyncScope (node:async_hooks:214:14)\n    at Test.run (node:internal/test_runner/test:1106:25)\n    at Test.processPendingSubtests (node:internal/test_runner/test:788:18)\n    at Test.postRun (node:internal/test_runner/test:1235:19)\n    at Test.run (node:internal/test_runner/test:1163:12)\n    at process.processTicksAndRejections (node:internal/process/task_queues:103:5)\n    at async Test.processPendingSubtests (node:internal/test_runner/test:788:7)"
    [35morigin[39m: "uncaughtException"
    err: {
      "type": "Error",
      "message": "expected isolated exception",
      "stack":
          Error: expected isolated exception
              at TestContext.<anonymous> (file:///home/runner/workspace/.local/campaign-remaining-source/artifacts/api-server/src/lib/processHandlers.test.ts:46:18)
              at Test.runInAsyncScope (node:async_hooks:214:14)
              at Test.run (node:internal/test_runner/test:1106:25)
              at Test.processPendingSubtests (node:internal/test_runner/test:788:18)
              at Test.postRun (node:internal/test_runner/test:1235:19)
              at Test.run (node:internal/test_runner/test:1163:12)
              at process.processTicksAndRejections (node:internal/process/task_queues:103:5)
              at async Test.processPendingSubtests (node:internal/test_runner/test:788:7)
    }
(node:31401) ExperimentalWarning: `--experimental-loader` may be removed in the future; instead use `register()`:
--import 'data:text/javascript,import { register } from "node:module"; import { pathToFileURL } from "node:url"; register("./test-loader.mjs", pathToFileURL("./"));'
(Use `node --trace-warnings ...` to show where the warning was created)
✔ production closeout route requires an authenticated admin (82.909029ms)
✔ production closeout route returns the same shared lender operation result (11.606683ms)
Failed to run production closeout Error: closeout unavailable
    at runProductionCloseout (file:///home/runner/workspace/.local/campaign-remaining-source/artifacts/api-server/src/lib/productionCloseoutRoute.test.ts:126:13)
    at file:///home/runner/workspace/.local/campaign-remaining-source/artifacts/api-server/src/routes/adminProductionCloseout.ts:41:28
    at process.processTicksAndRejections (node:internal/process/task_queues:103:5)
✔ production closeout route preserves operation failure results and handles unexpected 500s (18.380852ms)
(node:31401) ExperimentalWarning: `--experimental-loader` may be removed in the future; instead use `register()`:
--import 'data:text/javascript,import { register } from "node:module"; import { pathToFileURL } from "node:url"; register("./test-loader.mjs", pathToFileURL("./"));'
(Use `node --trace-warnings ...` to show where the warning was created)
(node:31421) ExperimentalWarning: `--experimental-loader` may be removed in the future; instead use `register()`:
--import 'data:text/javascript,import { register } from "node:module"; import { pathToFileURL } from "node:url"; register("./test-loader.mjs", pathToFileURL("./"));'
(Use `node --trace-warnings ...` to show where the warning was created)
✔ production closeout executes operations in the required order (1.310271ms)
✔ production closeout stops on the first failure and reports skipped operations (0.352712ms)
(node:31432) ExperimentalWarning: `--experimental-loader` may be removed in the future; instead use `register()`:
--import 'data:text/javascript,import { register } from "node:module"; import { pathToFileURL } from "node:url"; register("./test-loader.mjs", pathToFileURL("./"));'
(Use `node --trace-warnings ...` to show where the warning was created)
✔ public application, status, chooser, and unsubscribe page markup has no placeholder contacts (2.709346ms)
✔ rendered applicant-facing emails and voicemail follow-up SMS never contain placeholder contacts (7.550015ms)
(node:31432) ExperimentalWarning: `--experimental-loader` may be removed in the future; instead use `register()`:
--import 'data:text/javascript,import { register } from "node:module"; import { pathToFileURL } from "node:url"; register("./test-loader.mjs", pathToFileURL("./"));'
(Use `node --trace-warnings ...` to show where the warning was created)
(node:31444) ExperimentalWarning: `--experimental-loader` may be removed in the future; instead use `register()`:
--import 'data:text/javascript,import { register } from "node:module"; import { pathToFileURL } from "node:url"; register("./test-loader.mjs", pathToFileURL("./"));'
(Use `node --trace-warnings ...` to show where the warning was created)
✔ CRM notification types map to their exact preference events (1.016539ms)
✔ generic status_changed notifications do not infer a browser event (0.166823ms)
✔ push master-off suppresses web push while event preference remains independent (0.192147ms)
✔ expired web-push responses are prunable, other failures are retained (0.147482ms)
(node:31444) ExperimentalWarning: `--experimental-loader` may be removed in the future; instead use `register()`:
--import 'data:text/javascript,import { register } from "node:module"; import { pathToFileURL } from "node:url"; register("./test-loader.mjs", pathToFileURL("./"));'
(Use `node --trace-warnings ...` to show where the warning was created)
(node:31461) ExperimentalWarning: `--experimental-loader` may be removed in the future; instead use `register()`:
--import 'data:text/javascript,import { register } from "node:module"; import { pathToFileURL } from "node:url"; register("./test-loader.mjs", pathToFileURL("./"));'
(Use `node --trace-warnings ...` to show where the warning was created)
✔ authenticated subscription route round-trips through upsert and unsubscribe handlers (59.962476ms)
✔ push subscription origins accept known providers and reject lookalikes/insecure URLs (0.376245ms)
(node:31461) ExperimentalWarning: `--experimental-loader` may be removed in the future; instead use `register()`:
--import 'data:text/javascript,import { register } from "node:module"; import { pathToFileURL } from "node:url"; register("./test-loader.mjs", pathToFileURL("./"));'
(Use `node --trace-warnings ...` to show where the warning was created)
✔ concurrent first claims of one endpoint cannot transfer its owner (31.406294ms)
(node:31472) ExperimentalWarning: `--experimental-loader` may be removed in the future; instead use `register()`:
--import 'data:text/javascript,import { register } from "node:module"; import { pathToFileURL } from "node:url"; register("./test-loader.mjs", pathToFileURL("./"));'
(Use `node --trace-warnings ...` to show where the warning was created)
✔ server rate points calculation matches Maxim fixture (1.994347ms)
✔ server calculation accounts for payment in advance (0.396098ms)
(node:31482) ExperimentalWarning: `--experimental-loader` may be removed in the future; instead use `register()`:
--import 'data:text/javascript,import { register } from "node:module"; import { pathToFileURL } from "node:url"; register("./test-loader.mjs", pathToFileURL("./"));'
(Use `node --trace-warnings ...` to show where the warning was created)
✔ Ray reserved email mapping is exact and old Rahmare mapping is gone (0.689439ms)
✔ Ray greeting fallback uses the canonical display name (0.159093ms)
✔ QR generators receive canonical web payloads through injected spies (1.146137ms)
(node:31482) ExperimentalWarning: `--experimental-loader` may be removed in the future; instead use `register()`:
--import 'data:text/javascript,import { register } from "node:module"; import { pathToFileURL } from "node:url"; register("./test-loader.mjs", pathToFileURL("./"));'
(Use `node --trace-warnings ...` to show where the warning was created)
✔ injected QR router serves the expected binary content types (31.799745ms)
(node:31500) ExperimentalWarning: `--experimental-loader` may be removed in the future; instead use `register()`:
--import 'data:text/javascript,import { register } from "node:module"; import { pathToFileURL } from "node:url"; register("./test-loader.mjs", pathToFileURL("./"));'
(Use `node --trace-warnings ...` to show where the warning was created)
✔ retirement auth is admin-only and generic PUT requires retirement for an existing slug (4.557643ms)
✔ retirement is idempotent and permanently reserves the prior slug (2.300515ms)
✔ retirement rejects active and retired targets (1.249655ms)
✔ failed update rolls back reservation and never writes history (0.759033ms)
(node:31500) ExperimentalWarning: `--experimental-loader` may be removed in the future; instead use `register()`:
--import 'data:text/javascript,import { register } from "node:module"; import { pathToFileURL } from "node:url"; register("./test-loader.mjs", pathToFileURL("./"));'
(Use `node --trace-warnings ...` to show where the warning was created)
✔ retired public resolver responds with a canonical 301 (59.219969ms)
(node:31513) ExperimentalWarning: `--experimental-loader` may be removed in the future; instead use `register()`:
--import 'data:text/javascript,import { register } from "node:module"; import { pathToFileURL } from "node:url"; register("./test-loader.mjs", pathToFileURL("./"));'
(Use `node --trace-warnings ...` to show where the warning was created)
✔ safe auth lookup preserves an initialized user id (0.970515ms)
✔ safe auth lookup does not mask an earlier request error (0.204185ms)
(node:31523) ExperimentalWarning: `--experimental-loader` may be removed in the future; instead use `register()`:
--import 'data:text/javascript,import { register } from "node:module"; import { pathToFileURL } from "node:url"; register("./test-loader.mjs", pathToFileURL("./"));'
(Use `node --trace-warnings ...` to show where the warning was created)
✔ admin errors page rejects malformed input with its field (2.067988ms)
✔ governance purge confirmation rejects malformed input with its field (0.371102ms)
✔ analytics rep rejects malformed input with its field (0.378489ms)
✔ credit log date rejects malformed input with its field (0.67794ms)
✔ deal list sort rejects malformed input with its field (1.794936ms)
✔ lead list status rejects malformed input with its field (1.178553ms)
✔ notification page rejects malformed input with its field (0.696328ms)
✔ PII log category rejects malformed input with its field (0.425803ms)
(node:31523) ExperimentalWarning: `--experimental-loader` may be removed in the future; instead use `register()`:
--import 'data:text/javascript,import { register } from "node:module"; import { pathToFileURL } from "node:url"; register("./test-loader.mjs", pathToFileURL("./"));'
(Use `node --trace-warnings ...` to show where the warning was created)
(node:31537) ExperimentalWarning: `--experimental-loader` may be removed in the future; instead use `register()`:
--import 'data:text/javascript,import { register } from "node:module"; import { pathToFileURL } from "node:url"; register("./test-loader.mjs", pathToFileURL("./"));'
(Use `node --trace-warnings ...` to show where the warning was created)
✔ boot-critical routes precede Clerk and global validation middleware (1.183455ms)
(node:31537) ExperimentalWarning: `--experimental-loader` may be removed in the future; instead use `register()`:
--import 'data:text/javascript,import { register } from "node:module"; import { pathToFileURL } from "node:url"; register("./test-loader.mjs", pathToFileURL("./"));'
(Use `node --trace-warnings ...` to show where the warning was created)
[19:04:24.495] [32mINFO[39m (31537): [36mSENTRY_DSN not set — Sentry error tracking disabled[39m
[19:04:24.506] [32mINFO[39m (31537): [36mClerk production proxy FAPI host resolved[39m
    [35mclerkFapiHost[39m: "frontend-api.clerk.dev"
    [35mpublishableKeyHost[39m: "select-humpback-65.clerk.accounts.dev"
    [35mpublishableKeyPrefix[39m: "pk_test"
    [35msecretKeyPrefix[39m: "sk_test"
    [35mproxyRevision[39m: "2026-09-19.1"
(node:31551) ExperimentalWarning: `--experimental-loader` may be removed in the future; instead use `register()`:
--import 'data:text/javascript,import { register } from "node:module"; import { pathToFileURL } from "node:url"; register("./test-loader.mjs", pathToFileURL("./"));'
(Use `node --trace-warnings ...` to show where the warning was created)
✔ proxy forwards signed raw bytes and preserves host and one-hop forwarding headers (35.262255ms)
✔ proxy streams headers and response chunks before the upstream finishes (17.525024ms)
✔ proxy returns an explicit 503 when the private runtime connection fails (11.598585ms)
✔ proxy forwards the socket address as a single fallback hop when X-Forwarded-For is absent (10.511569ms)
✔ proxy aborts the public response if an upstream stream fails after headers (20.654086ms)
✔ aborting the public response closes the corresponding upstream response (10.914945ms)
✔ aborting an incoming upload cancels the forwarded upstream request (6.132005ms)
(node:31565) ExperimentalWarning: `--experimental-loader` may be removed in the future; instead use `register()`:
--import 'data:text/javascript,import { register } from "node:module"; import { pathToFileURL } from "node:url"; register("./test-loader.mjs", pathToFileURL("./"));'
(Use `node --trace-warnings ...` to show where the warning was created)
{"applied":["037_partner_flows_and_texting.sql","047_partner_contacts_prerequisite.sql","038_partner_texting.sql","039_ridgestone_partner_profile.sql","040_release_schema_parity.sql","041_push_notifications.sql","042_push_delivery_ledger.sql","043_align_push_schema.sql","044_notification_delivery_claims.sql","045_application_equipment_category_homeowner.sql","046_complete_partner_contacts_recovery.sql","048_financing_campaign_draft.sql","049_lender_underwriting_intelligence.sql","050_lender_guideline_versions.sql","051_users_role_default_pending.sql","052_reusable_campaign_launcher.sql","053_campaign_preview_approval_snapshots.sql","054_campaign_preview_recipient_snapshots.sql","055_campaign_launch_execution_leases.sql","056_campaign_flyer.sql","057_telephony_settings.sql","058_telephony_business_defaults.sql","059_inbound_voice_settings.sql","060_inbound_voice_array_defaults.sql","061_telephony_completion.sql","062_email_readiness_daily_cap.sql","063_lead_vertical.sql","064_collateral_flyer_library.sql","065_campaign_flyer_link_vendor_template.sql","066_bundled_vendor_equipment_flyers.sql","067_campaign_attribution.sql","068_campaign_attribution_fk_names.sql","069_campaign_attribution_recovery.sql"],"superseded":["036_partners_contacts.sql"],"alreadyApplied":["000_baseline.sql","001_create_credit_tables.sql","002_rep_slugs.sql","003_deals.sql","004_deal_intended_rep_slug.sql","005_lead_distribution_settings.sql","006_drip_sequence_ownership.sql","007_lead_staleness_threshold.sql","008_email_safety_settings.sql","009_email_send_failure_reason.sql","010_email_webhook_events.sql","011_email_rate_slots.sql","012_application_signature.sql","013_retired_rep_slugs.sql","014_application_optional_fields.sql","015_application_consent_text_version.sql","016_user_titles.sql","017_deal_notes_gm_split.sql","018_lender_matcher_gates.sql","019_document_categories.sql","020_lender_submissions.sql","021_lead_package_config.sql","022_lender_submission_package_snapshots.sql","023_routing_and_marketing_ownership.sql","024_email_compliance_daily_budget.sql","025_usfa_intake.sql","026_usfa_intake_runtime_support.sql","028_merge_going_to_funding_stage.sql","029_deal_approvals.sql","030_add_application_collateral.sql","031_collateral_library.sql","032_finance_application_collateral.sql","033_lender_submission_review_fields.sql","034_application_sms_consent.sql","035_user_identities.sql","036_partners_contacts.sql"],"schema":{"failed":null}}
✔ production-partial partner recovery reaches the current migration head (4589.552662ms)
✔ boot migration runner applies two pending files in numeric order and records them (6.70815ms)
✔ a failing second file keeps the first file applied and recorded (4.405983ms)
✔ a failed entry with a checksum mismatch is reported without retrying (4.807492ms)
✔ dry-run reads a legacy schema_migrations ledger without mutating it (6.200831ms)
✔ a mismatch blocks pending files collected before it (2.790237ms)
✔ a persisted checksum-matching non-duplicate failure remains failed and stops following files (5.081339ms)
✔ a failed migration reports prior applied work and boot still releases its coordinator (4.516992ms)
✔ a checksum-matching duplicate-object failure is superseded (12.249014ms)
✔ a timed-out advisory lock records degraded startup and releases the client (0.775552ms)
(node:31572) ExperimentalWarning: `--experimental-loader` may be removed in the future; instead use `register()`:
--import 'data:text/javascript,import { register } from "node:module"; import { pathToFileURL } from "node:url"; register("./test-loader.mjs", pathToFileURL("./"));'
(Use `node --trace-warnings ...` to show where the warning was created)
(node:31572) ExperimentalWarning: `--experimental-loader` may be removed in the future; instead use `register()`:
--import 'data:text/javascript,import { register } from "node:module"; import { pathToFileURL } from "node:url"; register("./test-loader.mjs", pathToFileURL("./"));'
(Use `node --trace-warnings ...` to show where the warning was created)
✔ scrub A fixture stores normalized EIN, server consent version, optional secondary owner, and both signature methods (74.189612ms)
✔ scrub A fixture reports named validation fields and creates the working-capital statement task (29.960718ms)
✔ scrub A migration dry-run discovers baseline then the append-only 001–022 set without writing (55.334905ms)
✔ scrub A selected-package preview has no submission write path (12.318286ms)
✔ scrub A package-config route persists, returns, and resets selection in an isolated repository (1.409317ms)
✔ scrub A administrator can override a recent lender submission and records the submission activity (11.832938ms)
(node:31589) ExperimentalWarning: `--experimental-loader` may be removed in the future; instead use `register()`:
--import 'data:text/javascript,import { register } from "node:module"; import { pathToFileURL } from "node:url"; register("./test-loader.mjs", pathToFileURL("./"));'
(Use `node --trace-warnings ...` to show where the warning was created)
✔ routing defaults to manual and only rotates ordinary website inbound leads (2.521585ms)
✔ automatic stale reassignment requires both opt-in flags and a rotating source (0.313937ms)
✔ representatives cannot manage other resources but can read administrator-owned resources (0.37996ms)
✔ stale reassignment uses a core select builder, never an aliased relational findMany (0.795879ms)
(node:31589) ExperimentalWarning: `--experimental-loader` may be removed in the future; instead use `register()`:
--import 'data:text/javascript,import { register } from "node:module"; import { pathToFileURL } from "node:url"; register("./test-loader.mjs", pathToFileURL("./"));'
(Use `node --trace-warnings ...` to show where the warning was created)
✔ drip API returns 403 when a rep reads, updates, or deletes another rep's sequence (78.131028ms)
✔ drip API permits a rep to read an admin sequence but forbids editing it (17.414895ms)
✔ drip enrollment API returns 403 for a lead assigned to another representative (7.65069ms)
✔ drip enrollment API rejects an admin sequence containing another rep's private template (26.831908ms)
✔ drip API returns 400 for malformed sequence and nested step bodies (15.192088ms)
✔ template API returns 403 for another rep's read, update, and delete (71.541793ms)
✔ template API permits a rep to read an admin template but forbids editing it (18.538439ms)
(node:31606) ExperimentalWarning: `--experimental-loader` may be removed in the future; instead use `register()`:
--import 'data:text/javascript,import { register } from "node:module"; import { pathToFileURL } from "node:url"; register("./test-loader.mjs", pathToFileURL("./"));'
(Use `node --trace-warnings ...` to show where the warning was created)
✔ the actual provider dispatch sink sends a signed unsubscribe footer and legal address (3.149985ms)
✔ a no-flyer campaign message has text/plain, minimal HTML, and zero attachments (0.966365ms)
(node:31606) ExperimentalWarning: `--experimental-loader` may be removed in the future; instead use `register()`:
--import 'data:text/javascript,import { register } from "node:module"; import { pathToFileURL } from "node:url"; register("./test-loader.mjs", pathToFileURL("./"));'
(Use `node --trace-warnings ...` to show where the warning was created)
✔ correlated webhook suppresses the persisted recipient, not a mismatched event email (44.670581ms)
✔ valid SendGrid ECDSA signature passes through exact raw-body verification (30.801546ms)
✔ invalid webhook signatures return 401 before any delivery or suppression mutation (7.34573ms)
✔ signed webhook route suppresses the matched lead for every H event (33.313453ms)
✔ admin test-send route sends fixed CEO message from funding address and returns mocked provider id (14.063092ms)
✔ shared locked daily bulk/drip reservation allows 75 combined attempts and denies the rest (1.916333ms)
✔ bulk and drip production call sites opt into the shared 60-message reservation (3.641052ms)
✔ email-delivery settings rejects null and malformed F fields with a named issue before database access (2.56388ms)
(node:31627) ExperimentalWarning: `--experimental-loader` may be removed in the future; instead use `register()`:
--import 'data:text/javascript,import { register } from "node:module"; import { pathToFileURL } from "node:url"; register("./test-loader.mjs", pathToFileURL("./"));'
(Use `node --trace-warnings ...` to show where the warning was created)
✔ rep performance keeps active reps plus historical owners and falls back to the email name (1244.358763ms)
✔ average funding time's production predicate rejects cycles under 24 hours (4.426013ms)
✔ deal export HTTP handler retains representative ownership scope while admins can select a representative (182.291435ms)
(node:31627) ExperimentalWarning: `--experimental-loader` may be removed in the future; instead use `register()`:
--import 'data:text/javascript,import { register } from "node:module"; import { pathToFileURL } from "node:url"; register("./test-loader.mjs", pathToFileURL("./"));'
(Use `node --trace-warnings ...` to show where the warning was created)
✔ retired public rep slugs use a permanent canonical redirect while unknown slugs stay generic (293.092001ms)
✔ lender packages select statements only from their persisted category, never their filename (22.493598ms)
✔ submission's actual handler refuses a same lender/lead submission inside 24 hours before building or sending (136.933045ms)
(node:31646) ExperimentalWarning: `--experimental-loader` may be removed in the future; instead use `register()`:
--import 'data:text/javascript,import { register } from "node:module"; import { pathToFileURL } from "node:url"; register("./test-loader.mjs", pathToFileURL("./"));'
(Use `node --trace-warnings ...` to show where the warning was created)
✔ accepts Calvin source ownership with a missing marker for repair (1.165444ms)
✔ accepts a real Calvin assignee with the Calvin marker (0.320084ms)
✔ accepts an already-unassigned Calvin reservation (0.230339ms)
✔ unchanged seeded ownership produces no corrections or assignment activity inputs (1.234894ms)
✔ closeout preserves a real Calvin assignment instead of creating a clear/reconcile loop (0.368538ms)
✔ tolerates converted or deleted seed rows and reports only matching markers (0.220354ms)
✔ fails closeout only when no matching seeded rows remain (0.490525ms)
✔ normalizes funding duration to a nonnegative whole day or null (0.204564ms)
(node:31664) ExperimentalWarning: `--experimental-loader` may be removed in the future; instead use `register()`:
--import 'data:text/javascript,import { register } from "node:module"; import { pathToFileURL } from "node:url"; register("./test-loader.mjs", pathToFileURL("./"));'
(Use `node --trace-warnings ...` to show where the warning was created)
✔ Sentry remains unloaded without a DSN and retains its privacy-safe capture setup when enabled (2.388762ms)
(node:31664) ExperimentalWarning: `--experimental-loader` may be removed in the future; instead use `register()`:
--import 'data:text/javascript,import { register } from "node:module"; import { pathToFileURL } from "node:url"; register("./test-loader.mjs", pathToFileURL("./"));'
(Use `node --trace-warnings ...` to show where the warning was created)
[19:04:25.065] [32mINFO[39m (31664): [36mSENTRY_DSN not set — Sentry error tracking disabled[39m
[19:04:25.065] [32mINFO[39m (31664): [36mSentry error tracking initialized[39m
(node:31680) ExperimentalWarning: `--experimental-loader` may be removed in the future; instead use `register()`:
--import 'data:text/javascript,import { register } from "node:module"; import { pathToFileURL } from "node:url"; register("./test-loader.mjs", pathToFileURL("./"));'
(Use `node --trace-warnings ...` to show where the warning was created)
✔ unchecked SMS consent stays false and leaves timestamp and IP empty (1.626626ms)
✔ checked SMS consent records timestamp and IP and makes the lead eligible (0.153122ms)
✔ legacy or incomplete consent records remain ineligible (0.1275ms)
(node:31688) ExperimentalWarning: `--experimental-loader` may be removed in the future; instead use `register()`:
--import 'data:text/javascript,import { register } from "node:module"; import { pathToFileURL } from "node:url"; register("./test-loader.mjs", pathToFileURL("./"));'
(Use `node --trace-warnings ...` to show where the warning was created)
✔ normal leads select compiles stale condition with a stable correlated alias (3.985229ms)
✔ latest activity sort expressions compile with an explicit activity alias (0.775982ms)
✔ active stages compile as inArray parameters rather than raw SQL (1.38329ms)
✔ two-phase lead and deal ID queries keep correlated SQL out of relational hydration (2.072277ms)
(node:31700) ExperimentalWarning: `--experimental-loader` may be removed in the future; instead use `register()`:
--import 'data:text/javascript,import { register } from "node:module"; import { pathToFileURL } from "node:url"; register("./test-loader.mjs", pathToFileURL("./"));'
(Use `node --trace-warnings ...` to show where the warning was created)
✔ stale display boundary is a strict less-than comparison (0.589108ms)
(node:31709) ExperimentalWarning: `--experimental-loader` may be removed in the future; instead use `register()`:
--import 'data:text/javascript,import { register } from "node:module"; import { pathToFileURL } from "node:url"; register("./test-loader.mjs", pathToFileURL("./"));'
(Use `node --trace-warnings ...` to show where the warning was created)
✔ startup gate keeps deployment liveness healthy while booting (33.212869ms)
✔ startup gate rejects business traffic until the application is ready (11.669281ms)
✔ startup gate hands the same listener to the application once ready (5.254712ms)
✔ failed initialization stays observable and does not admit business traffic (12.846945ms)
✔ liveness stays independent of production email configuration and ready listener (9.431855ms)
(node:31717) ExperimentalWarning: `--experimental-loader` may be removed in the future; instead use `register()`:
--import 'data:text/javascript,import { register } from "node:module"; import { pathToFileURL } from "node:url"; register("./test-loader.mjs", pathToFileURL("./"));'
(Use `node --trace-warnings ...` to show where the warning was created)
(node:31717) ExperimentalWarning: `--experimental-loader` may be removed in the future; instead use `register()`:
--import 'data:text/javascript,import { register } from "node:module"; import { pathToFileURL } from "node:url"; register("./test-loader.mjs", pathToFileURL("./"));'
(Use `node --trace-warnings ...` to show where the warning was created)
✔ rep can create a task assigned to themself on their lead (58.449423ms)
✔ rep cannot create a task assigned to another user (13.361801ms)
✔ manager can create a task assigned to any active user (7.783462ms)
✔ manager cannot create a task for an inactive user (24.532408ms)
✔ PATCH allows a manager to reassign to an active user (10.932215ms)
✔ PATCH rejects a rep assigning a task to another user without updating it (7.991028ms)
✔ PATCH rejects assignment to an inactive user (11.466681ms)
(node:31727) ExperimentalWarning: `--experimental-loader` may be removed in the future; instead use `register()`:
--import 'data:text/javascript,import { register } from "node:module"; import { pathToFileURL } from "node:url"; register("./test-loader.mjs", pathToFileURL("./"));'
(Use `node --trace-warnings ...` to show where the warning was created)
✔ audio upload grants bind the file, greeting, administrator and expiry (2.013337ms)
✔ greeting accepts only an MP3 signature under 2 MB (1.808ms)
(node:31727) ExperimentalWarning: `--experimental-loader` may be removed in the future; instead use `register()`:
--import 'data:text/javascript,import { register } from "node:module"; import { pathToFileURL } from "node:url"; register("./test-loader.mjs", pathToFileURL("./"));'
(Use `node --trace-warnings ...` to show where the warning was created)
(node:31735) ExperimentalWarning: `--experimental-loader` may be removed in the future; instead use `register()`:
--import 'data:text/javascript,import { register } from "node:module"; import { pathToFileURL } from "node:url"; register("./test-loader.mjs", pathToFileURL("./"));'
(Use `node --trace-warnings ...` to show where the warning was created)
✔ browser calls use the configured voice caller ID (0.806966ms)
✔ browser call caller ID falls back to the client identity when unset (0.151241ms)
✔ SMS replies use the owned inbound number for the existing thread (0.255458ms)
✔ both owned numbers are valid inbound destinations (0.13922ms)
✔ new SMS and unowned inbound threads use the configured sender (0.198731ms)
(node:31743) ExperimentalWarning: `--experimental-loader` may be removed in the future; instead use `register()`:
--import 'data:text/javascript,import { register } from "node:module"; import { pathToFileURL } from "node:url"; register("./test-loader.mjs", pathToFileURL("./"));'
(Use `node --trace-warnings ...` to show where the warning was created)
✔ uses a valid TWILIO_PHONE_NUMBER fallback when settings are unset (5.919125ms)
✔ uses the business default when the environment fallback is absent or invalid (0.910624ms)
✔ persisted numbers override the environment fallback independently (0.13895ms)
(node:31752) ExperimentalWarning: `--experimental-loader` may be removed in the future; instead use `register()`:
--import 'data:text/javascript,import { register } from "node:module"; import { pathToFileURL } from "node:url"; register("./test-loader.mjs", pathToFileURL("./"));'
(Use `node --trace-warnings ...` to show where the warning was created)
✔ historical outcomes are a bounded explainable signal (1.47515ms)
✔ unsupported economics stay null instead of being invented (0.201615ms)
✔ bank-derived revenue keeps bank-statement provenance and source IDs (0.35978ms)
(node:31762) ExperimentalWarning: `--experimental-loader` may be removed in the future; instead use `register()`:
--import 'data:text/javascript,import { register } from "node:module"; import { pathToFileURL } from "node:url"; register("./test-loader.mjs", pathToFileURL("./"));'
(Use `node --trace-warnings ...` to show where the warning was created)
✔ identity resolution prefers a linked identity and falls back to the legacy clerk id (0.628191ms)
✔ merge reference policy moves every requested source reference to the target (0.324176ms)
✔ merge refuses inactive targets and only requires confirmation for reassignment (0.443862ms)
✔ reserved email attaches to the active reserved-slug owner, not a new user (0.121532ms)
✔ merge keeps target slug and retires and clears the source slug (0.670383ms)
(node:31774) ExperimentalWarning: `--experimental-loader` may be removed in the future; instead use `register()`:
--import 'data:text/javascript,import { register } from "node:module"; import { pathToFileURL } from "node:url"; register("./test-loader.mjs", pathToFileURL("./"));'
(Use `node --trace-warnings ...` to show where the warning was created)
✔ USFA mapper normalizes the exact Doe Street vendor row (2.736734ms)
(node:31774) ExperimentalWarning: `--experimental-loader` may be removed in the future; instead use `register()`:
--import 'data:text/javascript,import { register } from "node:module"; import { pathToFileURL } from "node:url"; register("./test-loader.mjs", pathToFileURL("./"));'
(Use `node --trace-warnings ...` to show where the warning was created)
✔ USFA source migration leaves existing companies and runtime support to later migrations (9.981567ms)
✔ mapper preserves the exact 28-header contract and handles score/revenue bands (0.675627ms)
✔ mapper zero-pads EIN and zip, flags short EIN, and keeps SSN/DOB out of lead data (0.29931ms)
✔ dedupe plan prefers external id and excludes the vendor's test address from email matching (0.369353ms)
✔ mapper rejects rows without an external id and marks malformed primary phones (0.709922ms)
✔ comments, alternate phone, and statement metadata never fetch or embed statement contents (0.344082ms)
✔ mapper preserves all four Sheet statement links and creates one task even with no links (0.556207ms)
✔ USFA poller requires every exact vendor header (0.536038ms)
✔ USFA poller is safely disarmed when service-account secret is absent (3.930011ms)
✔ USFA connection test reads only the configured header row and counts returned columns (0.37353ms)
✔ USFA connection test fails safely for missing configuration and sanitizes provider auth errors (0.410596ms)
✔ USFA import creates exactly one task per lead, assigned to the rep or the shared admin queue (0.712357ms)
✔ USFA ingestion commits before global admin notification and persists duplicate intake history (4.312784ms)
✔ USFA invite claim is conditional: exactly one winner and replay is rejected (1.072722ms)
✔ USFA error receipts are retried while successful receipts remain idempotent (2.131634ms)
✔ extracts a PDF attachment and vendor identity without fetching statement links (1.030407ms)
✔ does not treat a message without a PDF as an application (0.179571ms)
✔ delegated Gmail worker is safely disarmed without credentials (1.404636ms)
✔ Gmail listing paginates every page without any write operation (0.313977ms)
✔ Gmail retries use one deterministic object key and source-level idempotency guard (5.925123ms)
✔ USFA leads are blocked from marketing until explicit consent is confirmed (0.226057ms)
✔ all SMS and drip entry points recheck the shared USFA consent guard (5.505907ms)
✔ USFA webhook signature is HMAC-SHA256 over the exact raw body (0.6425ms)
✔ USFA webhook rejects an invalid signature through the real Express route (41.820206ms)
✔ USFA webhook schema requires id and a monthly numeric revenue (3.105596ms)
(node:31782) ExperimentalWarning: `--experimental-loader` may be removed in the future; instead use `register()`:
--import 'data:text/javascript,import { register } from "node:module"; import { pathToFileURL } from "node:url"; register("./test-loader.mjs", pathToFileURL("./"));'
(Use `node --trace-warnings ...` to show where the warning was created)
✔ voicemail playback tokens round-trip and carry a document id (2.239321ms)
✔ voicemail playback tokens reject tampering and expiry (0.415952ms)
✔ missed-call text-back has the exact opt-out copy and uses the New York call date (17.006243ms)
✔ missed-call text-back guard recognizes business hours and rejects after-hours (0.555892ms)
✔ handleMissedCall text-back guard requires opt-in, consent, and an unanswered call (2.822471ms)
(node:31782) ExperimentalWarning: `--experimental-loader` may be removed in the future; instead use `register()`:
--import 'data:text/javascript,import { register } from "node:module"; import { pathToFileURL } from "node:url"; register("./test-loader.mjs", pathToFileURL("./"));'
(Use `node --trace-warnings ...` to show where the warning was created)
(node:31797) ExperimentalWarning: `--experimental-loader` may be removed in the future; instead use `register()`:
--import 'data:text/javascript,import { register } from "node:module"; import { pathToFileURL } from "node:url"; register("./test-loader.mjs", pathToFileURL("./"));'
(Use `node --trace-warnings ...` to show where the warning was created)
✔ shutdown resolves after an already-observed unexpected worker exit (14.99178ms)
✔ worker exit while public requests drain cannot strand shutdown (36.37324ms)
✔ normal shutdown asks a live worker to close and waits for exit (32.489848ms)
ℹ tests 471
ℹ suites 2
ℹ pass 470
ℹ fail 0
ℹ cancelled 0
ℹ skipped 1
ℹ todo 0
ℹ duration_ms 53460.875823

> @workspace/mbs-crm@0.0.0 test /home/runner/workspace/.local/campaign-remaining-source/artifacts/mbs-crm
> node --test --experimental-strip-types src/lib/*.test.ts

✔ resolves server API paths without duplicating the API prefix (1.41057ms)
✔ resolves relative paths and preserves absolute URLs (0.270321ms)
✔ keeps one API prefix for every collateral action (0.220093ms)
✔ appearance defaults to light and never loads another account's preference (1.503089ms)
✔ system follows OS while explicit modes override it (0.186412ms)
✔ invalid and inaccessible storage preferences are safe (0.29468ms)
✔ formats EIN input as digits with a dash and a nine-digit limit (0.903823ms)
✔ maps validation fields to steps and human labels (0.286126ms)
✔ invalid response shapes become a normal submission error (0.477667ms)
✔ unknown response fields show only the sanitized server error (0.945088ms)
✔ sanitizes the generic Invalid input message (0.437936ms)
✔ assignment directory includes all staff roles and orders by displayed name, not role (11.066661ms)
✔ brand takeover uses canonical marks and no removed wordmark (1.394137ms)
✔ every branded surface renders the correct light or reverse image src (8.661344ms)
✔ listed pages select the expected variant and preserve requested sizing (1.232893ms)
✔ favicon and PWA metadata point at the canonical icon set (0.35916ms)
✔ build ID is read only from the generated HTML marker (1.541516ms)
✔ Deals audience has exactly the three required choices with All leads first (1.674501ms)
✔ source options use database values, including imported tags, with sorted lead counts (15.757371ms)
✔ rep options exclude inactive, merged and placeholder users, dedupe by id (0.4494ms)
✔ flyer metadata options use the API's exact enum values (1.761519ms)
✔ legacy representative labels are normalized for display and registration (0.245208ms)
✔ upload URL requests reject more than 50 files before sending (0.457143ms)
✔ campaign flyer validation accepts supported files and rejects invalid type, size, and empty files (1.167408ms)
✔ audience rules serialize guided control values into the API contract (1.087896ms)
✔ preview freshness requires a matching saved version and token (0.225983ms)
✔ readiness reports every exact blocker instead of only disabling approval (0.510468ms)
✔ a fresh zero-recipient preview blocks approval and explains filters versus eligibility (0.312177ms)
✔ complete saved content, active template, fresh non-empty preview, and affirmation are ready (0.259042ms)
✔ campaign dirty state ignores object key order but detects a real edit (10.06042ms)
✔ launch confirmation uses the approved snapshot after reload, never a newer preview (0.238665ms)
✔ manual lead selections merge unique IDs and enforce the combined pick limit (18.434589ms)
✔ select-all result cap rejects oversized search results with an explicit refinement message (0.436263ms)
✔ null tracking fields render as not tracked while zero stays zero (16.746102ms)
✔ referrer payload sets exactly one typed id and clears both (0.883126ms)
✔ metric rows label opens as approximate and money rows as referred deals (0.408903ms)
✔ referrer keys are typed (0.562595ms)
✔ failed lazy route import reloads at most once per build in a browser session (0.940909ms)
✔ blocked session storage prevents an unbounded reload loop (0.190249ms)
✔ Communications Call uses the real PhoneLink click handler for mobile, unavailable and ready desktop devices (903.395203ms)
✔ dashboard uses the approved empty-state copy (1.058586ms)
✔ latest approval is deterministic by created time then id (1.411318ms)
✔ adding Maxim approval, selecting latest, and opening calculator prefills fields (0.999907ms)
✔ approval expiry reports whole days remaining (0.83023ms)
✔ kanban has exactly nine supported deal-stage columns (1.407124ms)
✔ compact Kanban sizing keeps nine columns at least 120px wide (0.14702ms)
✔ compact is the default while explicit per-user preferences still win (0.130902ms)
✔ compact Kanban fits the actual board area at 1280px and 1440px (0.082134ms)
✔ uses the exact built-in view stage predicates and serialization (0.755744ms)
✔ formats split GM without changing the underlying amount (14.782914ms)
✔ totals nullable fields after exact view filtering (0.290204ms)
✔ dialog dropdowns portal above dialog content (10.283936ms)
✔ sanitizes document filenames before browser download (1.093204ms)
✔ parseNullableCurrency returns null for empty/whitespace (1.206161ms)
✔ parseNullableCurrency returns numeric value for valid inputs (0.191327ms)
✔ parseNullableCurrency returns null for non-numeric strings (0.15824ms)
✔ computePageSize floors rows and clamps (0.914892ms)
✔ computePageSize is stable for identical input (0.232187ms)
✔ measured taller rows and headers reduce the page budget (0.173777ms)
✔ remapPage keeps the first visible record (0.141393ms)
✔ clampPage prevents invalid ranges (0.171025ms)
✔ pageRange reports accurate bounds (0.758637ms)
✔ desktop loads 50 at a time, stopping at the last or empty page (0.803535ms)
✔ scrolling appends records in order without duplicating moving records (0.968632ms)
✔ SMS consent opens the canonical legal pages in new tabs (0.756596ms)
✔ emptyForm initializes default partner properties correctly (1.058949ms)
✔ lenderToForm correctly maps api data to form data (0.463675ms)
✔ formToPayload correctly strips and transforms form data (0.97089ms)
✔ formToPayload nullifies referralSplitPct for non-broker-in partners (0.22539ms)
✔ builder waits for config and documents before filtering saved document IDs (1.242839ms)
✔ upload selection, reset defaults, and a reopened saved config preserve the expected state (0.441756ms)
✔ uses and sanitizes the RFC 5987 filename from the response header (1.495206ms)
✔ removes path traversal and enforces a PDF filename (0.339332ms)
✔ uses a safe fallback when the response has no filename (0.300163ms)
✔ only admins see the safe lender-package failure reason (1.003106ms)
✔ summary reports approved and declined submissions exactly (1.24798ms)
✔ declined matches are hidden unless requested (0.971402ms)
✔ stage prompts are optional and never automatic (0.27403ms)
✔ list data never exposes a non-array value to list consumers (1.961988ms)
✔ list payload accepts only arrays or configured array envelopes (0.407602ms)
✔ directory access waits for identity; reps cannot expose cached users or manually refetch (12.40961ms)
✔ lists every active pending user as an eligible merge source (1.576423ms)
✔ lists only active non-pending users as merge targets (0.24522ms)
✔ accepts only a selected eligible source and eligible target (0.348988ms)
✔ distinguishes source loading, request failure, empty, and ready states (0.241399ms)
✔ Enter followed by blur starts exactly one note mutation (4.881382ms)
✔ unchanged note starts no mutation (0.300418ms)
✔ notification errors include status and server reason for admins (1.251938ms)
✔ notification errors do not expose server diagnostics to non-admins (0.250841ms)
✔ notification errors retain the HTTP status when no reason is available (0.179462ms)
✔ rep notification click-through targets the linked lead (1.112859ms)
✔ admin notification click-through targets the linked lead (0.21863ms)
✔ notification click-through stays put when no lead is linked (0.228156ms)
✔ partner submission UI exposes partner types and broker attribution (11.419355ms)
✔ partner contact UI sends through the business SMS endpoint (4.285288ms)
✔ formats ordered production closeout success summaries (2.532525ms)
✔ formats a lender seed summary with missing update targets separately (0.249812ms)
✔ uses the exact lender count/name structure for first and repeat runs (0.319831ms)
✔ formats failed and skipped closeout statuses (0.465544ms)
✔ formats manual lender fallback mutation errors for the destructive toast (0.371757ms)
✔ reads status from generated API errors (1.055759ms)
✔ formats a visible HTTP status or clearly identifies a network error (0.251055ms)
✔ prefers a server API reason and falls back to the error message (0.419224ms)
✔ converts nominal APR to effective APR, simple rate, and payment (1.200147ms)
✔ effective APR round-trips to nominal APR (0.348189ms)
✔ simple-interest source preserves total payback and solves APR (0.305984ms)
✔ converts a 1.30 factor over 12 months to implied APR (0.322659ms)
✔ MCA factor and APR conversions round-trip for weekly offers (0.2357ms)
✔ rejects invalid terms, rates, and factors (0.162793ms)
✔ handles zero-cost financing without NaN or Infinity (0.182486ms)
✔ deal-linked query parsing reads the browser search string (1.298635ms)
✔ Maxim arrears fixture matches requested rates and commission (1.357269ms)
✔ one payment in advance changes the implied nominal rate (0.249146ms)
✔ reverse points produces the target commission and payment (0.20606ms)
✔ schedule conserves balance (0.418056ms)
✔ all seven record actions remain defined and meet mobile touch sizing (1.187386ms)
✔ lead actions always reach their functional record sections from every tab (0.197645ms)
✔ deal action eligibility is contact/link-based, never stage-based (0.227119ms)
✔ desktop phone uses softphone only when device is registered (0.981514ms)
✔ mobile web phone always uses tel even when a desktop device is registered (0.722437ms)
✔ softphone must be registered and idle; active calls and incoming calls fall back to tel (0.178917ms)
✔ mobile web detection handles narrow viewports and mobile device landscape (0.531505ms)
✔ email opens CRM composer for linked lead and mailto otherwise (0.946841ms)
✔ formats lead identity company first and tolerates missing or blank fields (1.288418ms)
✔ contactName trims and combines available name parts only (0.186661ms)
✔ deal cards accept authorized server business labels and explicit missing-contact states (0.820132ms)
✔ formats deal identity using authorized linked lead fields with neutral fallback (0.262874ms)
✔ identifies import failures without leaking URL credentials or values (1.035564ms)
✔ unknown errors do not display arbitrary exception data (0.650831ms)
✔ classifies common render errors using fixed safe descriptions (0.354503ms)
✔ Ray Settings action sends the complete canonical identity payload (1.276489ms)
✔ retired chooser response drives canonical attribution (0.233406ms)
✔ unknown chooser response stays unpersonalized (0.097481ms)
✔ chooser subtext uses only the representative first name (0.177575ms)
✔ chooser Continue href uses the canonical slug without a type query (0.161551ms)
✔ returns an async result without loading a DOM sanitizer for empty content (1.45662ms)
✔ removes hostile event handlers, executable elements, and javascript URLs (834.014126ms)
✔ preserves safe email formatting and links (14.537278ms)
✔ explicitly permits only intended formatting tags, attributes, and URI schemes (0.969367ms)
✔ sanitizes malformed namespace and tag nesting before preview insertion (32.8964ms)
✔ 25 options render in a 300px scrollable list; searching Max shows only Maxim (560.969283ms)
✔ new service worker update is announced only after installed with an existing controller (0.929004ms)
✔ notification click focuses a matching client, otherwise opens the exact deep link (0.593973ms)
✔ service worker keeps API fetches network-only and cleans only its cache namespace (15.841446ms)
✔ navigation and entry bundle bypass HTTP cache; offline navigation prefers cached shell then offline page (32.973566ms)
✔ entry bundle is network-first with no-store even when an old entry is cached (2.670529ms)
✔ hashed assets are cache-first and failed uncached assets still resolve to a Response (3.23293ms)
✔ HTML fallbacks for hashed JS and CSS assets return 503 and are never cached (3.724991ms)
✔ API and other network-only failures resolve to Responses rather than rejected fetch events (2.184195ms)
✔ repeated hover events do not restart opening and slow down the sidebar (1.264456ms)
✔ a quick pointer reversal cancels opening; stale callbacks cannot reopen (0.153529ms)
✔ re-entry cancels closing without flicker (0.103231ms)
✔ an open portaled layer or pressed pointer blocks both pending and new intents (0.096434ms)
✔ press cancellation and explicit keyboard/pin state supersede pending hover (0.300681ms)
✔ unpin reconciliation closes retained hover state after leaving while pinned (0.092841ms)
✔ unpin reconciliation preserves owned keyboard focus until blur (0.273887ms)
✔ draw serialization uses the live canvas and reports failures explicitly (0.951317ms)
✔ draw readiness transitions from missing to ready and back after clear (0.580514ms)
✔ typed readiness requires at least two trimmed characters (0.121023ms)
✔ Text is disabled when consent is not fully recorded (0.972136ms)
✔ Text is enabled only with consent, timestamp, and IP (0.323362ms)
✔ dense contact tables use breakpoint-scoped readable widths, not global card nowrap (1.084248ms)
✔ email sizing hooks preserve the existing composer and mobile/card wrapping (0.389182ms)
✔ both record lists opt into table scrolling with a readable email header (1.346713ms)
✔ refreshes the device token when a simulated short-TTL token nears expiry (6.503637ms)
✔ expired tokens and abnormal socket closes update the token and re-register once (0.71091ms)
✔ upgrades an in-flight expiry refresh when recovery requires re-registration (0.190617ms)
✔ recovery retries are bounded and report the final error (0.278824ms)
✔ USFA connection inputs hydrate from persisted settings after a reload (1.029115ms)
✔ USFA connection inputs handle an unconfigured sheet with the default tab (0.112961ms)
✔ USFA settings load errors expose their HTTP status or network failure (0.15075ms)
ℹ tests 171
ℹ suites 0
ℹ pass 171
ℹ fail 0
ℹ cancelled 0
ℹ skipped 0
ℹ todo 0
ℹ duration_ms 2378.577794

> @workspace/scripts@0.0.0 test /home/runner/workspace/.local/campaign-remaining-source/scripts
> tsx --test ./src/*.test.ts

✔ repository contact copy contains no retired contact strings outside test fixtures (1337.477721ms)
✔ contact guard catches retired email, domain, and phone in ordinary source (0.80492ms)
✔ diffs ledger rows, tables, and every column signature (3.176873ms)
✔ diff formatting is deterministic and redacts values (9.583753ms)
✔ parser excludes schema_migrations from tables and detects missing/malformed ledgers (0.945356ms)
✔ URL guard rejects clone, non-PostgreSQL, and malformed URLs without echoing secrets (0.878317ms)
✔ PostgreSQL connection is split into environment fields without retaining inherited targets (0.482357ms)
✔ snapshot runner uses a temporary SQL file, read-only transaction, timeout, and cleans it up (24.958579ms)
✔ snapshot runner does not expose database URL in query failures (6.925384ms)
✔ local URL validation permits loopback and rejects remote credentials without echoing them (1.793811ms)
✔ backup selection is newest, with deterministic tie ordering and schema fallback (27.118351ms)
✔ application JSON backups are rejected clearly (1.497232ms)
✔ count formatting is stable and metadata-safe (0.214301ms)
✔ default configuration is injectable and rooted in workspace .local (0.345405ms)
✔ metadata serialization contains only safe connection and fingerprint fields (0.226009ms)
✔ metadata fingerprint is not a source path or basename (0.303314ms)
✔ JSON rejection is independent of extension and BOM (3.632113ms)
✔ gzip rejection is independent of extension (1.965366ms)
✔ fallback selection works when production backup directory is absent (2.010398ms)
✔ explicit invalid source does not silently fall back (1.163434ms)
✔ custom configuration keeps all managed paths beneath its clone root (0.413589ms)
✔ generated local connection has no password (0.1925ms)
✔ realpath containment rejects managed symlink paths (5.519973ms)
✔ lifecycle stop refuses a symlink before invoking pg_ctl (2.341028ms)
✔ lifecycle initialization rejects an ownership marker before destructive calls (6.625606ms)
✔ owned stale-major plus indeterminate pg_ctl status aborts and preserves data (10.242199ms)
✔ owned stale-major plus definite stopped status safely reinitializes after ownership match (11.058369ms)
✔ stop command failure preserves data and returns a redacted fixed error (5.39497ms)
✔ start identity mismatch performs no database cutover and finalizer attempts stop (8.828713ms)
DB clone source: backup
Public base tables: 0
Public columns: 0
Schema migrations ledger rows: 0
DB CLONE PASS
✔ automatic candidate flow retries older valid SQL only after newest staging restore fails (8.583085ms)
✔ explicit invalid or restore-failed source never falls back or drops production clone (5.428643ms)
✔ reversible cutover rolls back when second rename fails and never drops backup (9.135122ms)
✔ restore and capture stderr never expose fake secret or source path (9.348839ms)
✔ backup parent directory symlink is rejected before restore or process calls (1.782ms)
DB clone source: backup
Public base tables: 1
Public columns: 1
Schema migrations ledger rows: 0
DB CLONE PASS
✔ real integration restores a one-table SQL clone and stops cleanly (19671.975873ms)
✔ cloneProduction symlink path finalizer invokes zero pg_ctl (3.153697ms)
✔ marker ownership mismatch invokes zero destructive calls (26.362202ms)
✔ existing-clone start failure attempts safe shutdown (36.529978ms)
✔ schema path guard detects CLI, package script, filter, and API push paths (1.673177ms)
✔ schema path guard ignores ordinary product push references (0.313772ms)
✔ model-sync simulation is allowed only in its guarded isolated-cluster worker (0.300149ms)
✔ schema path guard permits only the audited schema parity inspection (0.144114ms)
✔ schema path guard scans source and deployment configuration only (0.226003ms)
✔ numberMigrations is strict, sorted, and rejects aliases (3.467414ms)
✔ baseline and an earlier creator permit later column use (20222.559182ms)
✔ same-file table, foreign key, index, and insert are accepted (9143.99837ms)
✔ forward table and unqualified column dependencies are reported (23450.876879ms)
✔ missing table and column dependencies are reported (17263.383263ms)
✔ quoted public names, aliases, CTEs, and non-dynamic DO pass (10662.110229ms)
✔ CTE column lists in INSERT seeds are not treated as missing tables (9953.087661ms)
✔ dynamic DO SQL is rejected before migration execution (19711.433872ms)
✔ lazy DO branches are validated even when false (18819.153681ms)
✔ guarded procedural statements are not skipped (18659.608926ms)
✔ native statement attribution uses the failing statement (10728.890598ms)
✔ unqualified missing columns use the structurally inferred table (18031.794973ms)
✔ opaque numbered function bodies fail closed (9226.257607ms)
✔ column reference counting is explicit and deduplicated (0.787954ms)
✔ migration analysis ignores relation-like prose inside SQL string literals (0.258818ms)
✔ applied finite rename projection is exact-byte scoped and unknown dynamic SQL remains rejected (130.989737ms)
✔ workspace corpus has the expected baseline and migration counts (15383.020182ms)
✔ migration lint accepts every supported idempotency guard (3.497194ms)
✔ migration lint rejects unguarded schema creation and alteration (0.741924ms)
✔ unrelated catalog queries and wrong-name guards do not waive new DDL (0.984005ms)
✔ constraint guards are statement-scoped and support tagged blocks and nesting (0.691295ms)
✔ quoted constraint replacement has a matching idempotent drop guard (0.594006ms)
✔ string comment markers, fake IF strings and ELSE branches cannot hide new DDL (0.430159ms)
✔ guarded SQL spacing and concurrent index creation are accepted (0.518308ms)
✔ post-merge applies a pending migration to the development ledger before the guard (54.959869ms)
PREFLIGHT 1/11: schema path guard
PREFLIGHT 2/11: recovery guard
PREFLIGHT 3/11: typecheck
PREFLIGHT 4/11: full suite
PREFLIGHT 5/11: migration lint
PREFLIGHT 6/11: schema parity
PREFLIGHT 7/11: built-app smoke
PREFLIGHT 8/11: migration dependency lint
PREFLIGHT 9/11: production database clone
PREFLIGHT 10/11: migration rehearsal
✔ preflight keeps migration safety gates explicit and ordered (1.08587ms)
✔ preflight stops at a failed migration safety gate (5.53388ms)
✔ failure lines are single-line, named, and never undefined (1.139573ms)
✔ restore deletion fails when its explicit replacement is missing (1.529198ms)
✔ dirty worktree migrate.ts cannot alter the committed-tree guard result (9.1862ms)
ℹ tests 73
ℹ suites 0
ℹ pass 73
ℹ fail 0
ℹ cancelled 0
ℹ skipped 0
ℹ todo 0
ℹ duration_ms 201928.285289
✔ a newly applied migration must be visible in the development ledger (1.909786ms)
✔ a migration failure stops the post-merge command before ledger verification (0.433135ms)
✔ a migration missing from the durable ledger fails verification (0.13998ms)
✔ the migration target must match the development database identity (0.329295ms)
✔ missing independent development identity refuses all migration targets (0.229427ms)
✔ catalog comparison preserves logical grouping and literal case (1.00096ms)
✔ dependency scanner recognizes unique, IF NOT EXISTS, and multiple top-level creates (2.770477ms)
✔ dependency scanner ignores ordinary strings, comments, nested comments, and dollar bodies (0.321454ms)
✔ dependency scanner handles E strings and fails closed for malformed constructs (0.428384ms)
✔ migration analyzer ignores CTEs in the real 002 migration (151.765226ms)
✔ migration analyzer treats FK SET NULL as an action, not DELETE DML (20.92005ms)
✔ migration analyzer does not treat LATERAL as a table (0.610149ms)
✔ all current migrations form a parseable analyzer corpus (86.39963ms)
✔ 029 ignores timestamp WITH time zone and finds its real relations (13.515762ms)
✔ 040 DO body dependencies are analyzed while function bodies stay opaque (13.23478ms)
✔ migration analyzer handles recursive, multiple, quoted, and nested CTEs (0.416616ms)
✔ missing relation extraction traverses wrapped causes and message fallback (0.672028ms)
✔ runMigrations reorders one unique creator, retries, and skips it later (17.571238ms)
✔ runMigrations adopts baseline checksum on populated schemas without executing its DDL (5.244911ms)
✔ runMigrations stops with no creator and with ambiguous creators (7.911269ms)
✔ runMigrations persists creator failure and blocker retry failure (8.596111ms)
✔ runMigrations resolves structured quoted qualified identifiers and message fallback (5.385653ms)
✔ malformed CREATE syntax is rejected by the reorder scanner (0.366081ms)
✔ migration rehearsal URL guard accepts only the managed local clone (1.225736ms)
✔ dependency simulation rejects a later creator but accepts an earlier creator (2.074622ms)
✔ ledger diff reports added, changed, removed, and state changes (0.420513ms)
✔ partner model exposes the requested controlled vocabularies (1.486882ms)
✔ partner migration is append-only and contains safe backfill and seed (8.879691ms)
✔ partner flow and texting migrations are append-only and separately scoped (7.338155ms)
✔ Ridgestone profile migration preserves the exact supplied partner data (2.346432ms)
✔ schema parity check accepts only isolated local CI databases (1.203232ms)
✔ existing-schema parity accepts only migration rehearsal databases (0.397006ms)
✔ schema parity check accepts a throwaway database on the development host (0.125162ms)
✔ schema parity check loads tables from every schema module (481.767989ms)
✔ migration parity covers every table without exclusions (1.086674ms)
✔ schema parity check ignores only paired Drizzle naming artifacts (0.310217ms)
✔ schema parity check preserves changed constraint and index semantics (0.08766ms)
✔ schema migrations model preserves the production ledger definition (1.741388ms)
✔ notification settings model matches migration 041 (0.38949ms)
✔ applications model preserves migration 045 columns and check constraint (0.798162ms)
✔ migration 028 moves going-to-funding deals and writes system stage history (352.997301ms)
ℹ tests 41
ℹ suites 0
ℹ pass 41
ℹ fail 0
ℹ cancelled 0
ℹ skipped 0
ℹ todo 0
ℹ duration_ms 4470.916168
PREFLIGHT 5/11: migration lint

> workspace@0.0.0 lint:migrations /home/runner/workspace/.local/campaign-remaining-source
> pnpm --filter @workspace/scripts run lint:migrations && pnpm --filter @workspace/scripts run lint:migration-dependencies


> @workspace/scripts@0.0.0 lint:migrations /home/runner/workspace/.local/campaign-remaining-source/scripts
> tsx ./src/lint-migrations.ts

Migration idempotency lint passed.

> @workspace/scripts@0.0.0 lint:migration-dependencies /home/runner/workspace/.local/campaign-remaining-source/scripts
> tsx ./src/lint-migration-dependencies.ts

baseline tables: 31
baseline columns: 320
migrations checked: 69
table references checked: 210
column references checked: 411
MIGRATION DEPENDENCY LINT PASS
PREFLIGHT 6/11: schema parity

> workspace@0.0.0 check:schema /home/runner/workspace/.local/campaign-remaining-source
> pnpm --filter @workspace/scripts exec tsx ./src/check-schema.ts

[⣷] Pulling schema from database...
[2K[1G[⣯] Pulling schema from database...
[2K[1G[⣟] Pulling schema from database...
[2K[1G[⡿] Pulling schema from database...
[2K[1G[⢿] Pulling schema from database...
[2K[1G[⣻] Pulling schema from database...
[2K[1G[⣽] Pulling schema from database...
[2K[1G[⣷] Pulling schema from database...
[2K[1G[⣯] Pulling schema from database...
[2K[1G[⣟] Pulling schema from database...
[2K[1G[⡿] Pulling schema from database...
[2K[1G[⢿] Pulling schema from database...
[2K[1G[⣻] Pulling schema from database...
[2K[1G[⣽] Pulling schema from database...
[2K[1G[⣷] Pulling schema from database...
[2K[1G[⣯] Pulling schema from database...
[2K[1G[⣟] Pulling schema from database...
[2K[1G[⡿] Pulling schema from database...
[2K[1G[⢿] Pulling schema from database...
[2K[1G[✓] Pulling schema from database...
Schema parity OK: SQL runner and complete Drizzle schema set match
PREFLIGHT 7/11: built-app smoke

> workspace@0.0.0 smoke /home/runner/workspace/.local/campaign-remaining-source
> pnpm run test:built-collateral && pnpm run test:built-startup && playwright test --config playwright.smoke.config.ts


> workspace@0.0.0 test:built-collateral /home/runner/workspace/.local/campaign-remaining-source
> pnpm --filter @workspace/api-server run test:built-collateral


> @workspace/api-server@0.0.0 test:built-collateral /home/runner/workspace/.local/campaign-remaining-source/artifacts/api-server
> pnpm run build && cd ../.. && node artifacts/api-server/test-built-collateral.mjs


> @workspace/api-server@0.0.0 build /home/runner/workspace/.local/campaign-remaining-source/artifacts/api-server
> node ./build.mjs


  dist/chunks/runtime-U5W7PRR7.mjs    9.5mb ⚠️
  dist/chunks/chunk-JJ6QVOZV.mjs      2.6mb ⚠️
  dist/chunks/chunk-RUNYXFDT.mjs      2.0mb ⚠️
  dist/chunks/esm-KUD6TZZ6.mjs        1.7mb ⚠️
  dist/chunks/excel-ZZULIAHE.mjs      1.6mb ⚠️
  dist/chunks/esm-JJSRRVUZ.mjs      992.6kb
  dist/chunks/chunk-NSK6RYXM.mjs    932.3kb
  dist/chunks/chunk-CJPBNUHV.mjs    158.1kb
  dist/chunks/chunk-WGINKKAP.mjs    127.6kb
  dist/chunks/chunk-OVRPXVGM.mjs    117.7kb
  dist/pino-pretty.mjs               84.6kb
  dist/chunks/chunk-RICIZEEN.mjs     51.8kb
  dist/chunks/chunk-T2GMKMES.mjs     22.5kb
  dist/chunks/chunk-RIS63LTX.mjs     21.9kb
  dist/chunks/chunk-7E3CCQC2.mjs     11.5kb
  dist/pino-worker.mjs                9.1kb
  dist/index.mjs                      6.2kb
  dist/thread-stream-worker.mjs       4.2kb
  dist/chunks/chunk-R5GPNPTX.mjs      3.8kb
  dist/chunks/chunk-ATFS5275.mjs      3.5kb
  ...and 58 more output files...

⚡ Done in 5132ms

> workspace@0.0.0 test:built-startup /home/runner/workspace/.local/campaign-remaining-source
> node scripts/test-built-startup.mjs

{
  "label": "built-startup-regression",
  "entry": "/home/runner/workspace/.local/campaign-remaining-source/artifacts/api-server/dist/index.mjs",
  "first200Ms": 97,
  "listenerMs": 72,
  "applicationReadyMs": 7141,
  "maxProbeMs": 29,
  "successfulProbes": 271,
  "failedProbes": 2,
  "failedAfterFirst200": 0
}
BUILT STARTUP LIVENESS PASS
[WebServer] (node:35526) Warning: The 'NO_COLOR' env is ignored due to the 'FORCE_COLOR' env being set.
[WebServer] (Use `node --trace-warnings ...` to show where the warning was created)
[WebServer] (node:35538) Warning: The 'NO_COLOR' env is ignored due to the 'FORCE_COLOR' env being set.
[WebServer] (Use `node --trace-warnings ...` to show where the warning was created)
[WebServer] (node:35554) Warning: The 'NO_COLOR' env is ignored due to the 'FORCE_COLOR' env being set.
[WebServer] (Use `node --trace-warnings ...` to show where the warning was created)
[WebServer] (node:35574) Warning: The 'NO_COLOR' env is ignored due to the 'FORCE_COLOR' env being set.
[WebServer] (Use `node --trace-warnings ...` to show where the warning was created)
[WebServer] 
[WebServer]   dist/chunks/runtime-U5W7PRR7.mjs    9.5mb ⚠️
[WebServer]   dist/chunks/chunk-JJ6QVOZV.mjs      2.6mb ⚠️
[WebServer]   dist/chunks/chunk-RUNYXFDT.mjs      2.0mb ⚠️
[WebServer]   dist/chunks/esm-KUD6TZZ6.mjs        1.7mb ⚠️
[WebServer]   dist/chunks/excel-ZZULIAHE.mjs      1.6mb ⚠️
[WebServer]   dist/chunks/esm-JJSRRVUZ.mjs      992.6kb
[WebServer]   dist/chunks/chunk-NSK6RYXM.mjs    932.3kb
[WebServer]   dist/chunks/chunk-CJPBNUHV.mjs    158.1kb
[WebServer]   dist/chunks/chunk-WGINKKAP.mjs    127.6kb
[WebServer]   dist/chunks/chunk-OVRPXVGM.mjs    117.7kb
[WebServer]   dist/pino-pretty.mjs               84.6kb
[WebServer]   dist/chunks/chunk-RICIZEEN.mjs     51.8kb
[WebServer]   dist/chunks/chunk-T2GMKMES.mjs     22.5kb
[WebServer]   dist/chunks/chunk-RIS63LTX.mjs     21.9kb
[WebServer]   dist/chunks/chunk-7E3CCQC2.mjs     11.5kb
[WebServer]   dist/pino-worker.mjs                9.1kb
[WebServer]   dist/index.mjs                      6.2kb
[WebServer]   dist/thread-stream-worker.mjs       4.2kb
[WebServer]   dist/chunks/chunk-R5GPNPTX.mjs      3.8kb
[WebServer]   dist/chunks/chunk-ATFS5275.mjs      3.5kb
[WebServer]   ...and 58 more output files...
[WebServer] 
[WebServer] ⚡ Done in 1828ms
[WebServer] (node:35614) Warning: The 'NO_COLOR' env is ignored due to the 'FORCE_COLOR' env being set.
[WebServer] (Use `node --trace-warnings ...` to show where the warning was created)
[WebServer] (node:35627) Warning: The 'NO_COLOR' env is ignored due to the 'FORCE_COLOR' env being set.
[WebServer] (Use `node --trace-warnings ...` to show where the warning was created)
[WebServer] src/components/ui/tooltip.tsx (2:0): Error when using sourcemap for reporting an error: Can't resolve original location of error.
[WebServer] src/components/ui/dropdown-menu.tsx (2:0): Error when using sourcemap for reporting an error: Can't resolve original location of error.
[WebServer] src/components/ui/sheet.tsx (2:0): Error when using sourcemap for reporting an error: Can't resolve original location of error.
[WebServer] src/components/ui/select.tsx (2:0): Error when using sourcemap for reporting an error: Can't resolve original location of error.
[WebServer] src/components/ui/label.tsx (2:0): Error when using sourcemap for reporting an error: Can't resolve original location of error.
[WebServer] src/components/ui/command.tsx (2:0): Error when using sourcemap for reporting an error: Can't resolve original location of error.
[WebServer] 
[WebServer] (!) Some chunks are larger than 500 kB after minification. Consider:
[WebServer] - Using dynamic import() to code-split the application
[WebServer] - Use build.rollupOptions.output.manualChunks to improve chunking: https://rollupjs.org/configuration-options/#output-manualchunks
[WebServer] - Adjust chunk size limit for this warning via build.chunkSizeWarningLimit.
[WebServer] (node:35554) Warning: The 'NO_COLOR' env is ignored due to the 'FORCE_COLOR' env being set.
[WebServer] (Use `node --trace-warnings ...` to show where the warning was created)
[WebServer] (node:35670) Warning: The 'NO_COLOR' env is ignored due to the 'FORCE_COLOR' env being set.
[WebServer] (Use `node --trace-warnings ...` to show where the warning was created)
[WebServer] (node:35670) Warning: The 'NO_COLOR' env is ignored due to the 'FORCE_COLOR' env being set.
[WebServer] (Use `node --trace-warnings ...` to show where the warning was created)

Running 1 test using 1 worker

(node:35683) Warning: The 'NO_COLOR' env is ignored due to the 'FORCE_COLOR' env being set.
(Use `node --trace-warnings ...` to show where the warning was created)
  ✓  1 tests/smoke.spec.ts:3:5 › production smoke paths (4.5s)

  1 passed (30.9s)
PREFLIGHT 8/11: migration dependency lint

> workspace@0.0.0 lint:migration-dependencies /home/runner/workspace/.local/campaign-remaining-source
> pnpm --filter @workspace/scripts run lint:migration-dependencies


> @workspace/scripts@0.0.0 lint:migration-dependencies /home/runner/workspace/.local/campaign-remaining-source/scripts
> tsx ./src/lint-migration-dependencies.ts

baseline tables: 31
baseline columns: 320
migrations checked: 69
table references checked: 210
column references checked: 411
MIGRATION DEPENDENCY LINT PASS
PREFLIGHT 9/11: production database clone

> workspace@0.0.0 db:clone-prod /home/runner/workspace/.local/campaign-remaining-source
> pnpm --silent --dir scripts exec tsx ./src/dbCloneProd.ts

DB clone source: schema-only
Public base tables: 31
Public columns: 320
Schema migrations ledger rows: 0
DB CLONE PASS
PREFLIGHT 10/11: migration rehearsal

> workspace@0.0.0 migrate:rehearse /home/runner/workspace/.local/campaign-remaining-source
> pnpm --silent --dir scripts exec tsx ./src/migrate-rehearse.ts

Applied names/count: 002_rep_slugs.sql, 003_deals.sql, 004_deal_intended_rep_slug.sql, 006_drip_sequence_ownership.sql, 009_email_send_failure_reason.sql, 010_email_webhook_events.sql, 011_email_rate_slots.sql, 012_application_signature.sql, 013_retired_rep_slugs.sql, 014_application_optional_fields.sql, 015_application_consent_text_version.sql, 016_user_titles.sql, 017_deal_notes_gm_split.sql, 018_lender_matcher_gates.sql, 019_document_categories.sql, 020_lender_submissions.sql, 021_lead_package_config.sql, 022_lender_submission_package_snapshots.sql, 023_routing_and_marketing_ownership.sql, 024_email_compliance_daily_budget.sql, 025_usfa_intake.sql, 026_usfa_intake_runtime_support.sql, 028_merge_going_to_funding_stage.sql, 029_deal_approvals.sql, 030_add_application_collateral.sql, 031_collateral_library.sql, 032_finance_application_collateral.sql, 033_lender_submission_review_fields.sql, 034_application_sms_consent.sql, 035_user_identities.sql, 036_partners_contacts.sql, 037_partner_flows_and_texting.sql, 038_partner_texting.sql, 039_ridgestone_partner_profile.sql, 040_release_schema_parity.sql, 041_push_notifications.sql, 042_push_delivery_ledger.sql, 043_align_push_schema.sql, 044_notification_delivery_claims.sql, 045_application_equipment_category_homeowner.sql, 046_complete_partner_contacts_recovery.sql, 047_partner_contacts_prerequisite.sql, 048_financing_campaign_draft.sql, 049_lender_underwriting_intelligence.sql, 050_lender_guideline_versions.sql, 051_users_role_default_pending.sql, 052_reusable_campaign_launcher.sql, 053_campaign_preview_approval_snapshots.sql, 054_campaign_preview_recipient_snapshots.sql, 055_campaign_launch_execution_leases.sql, 056_campaign_flyer.sql, 057_telephony_settings.sql, 058_telephony_business_defaults.sql, 059_inbound_voice_settings.sql, 060_inbound_voice_array_defaults.sql, 061_telephony_completion.sql, 062_email_readiness_daily_cap.sql, 063_lead_vertical.sql, 064_collateral_flyer_library.sql, 065_campaign_flyer_link_vendor_template.sql, 066_bundled_vendor_equipment_flyers.sql, 067_campaign_attribution.sql, 068_campaign_attribution_fk_names.sql, 069_campaign_attribution_recovery.sql / 64
Superseded names/count: none / 0
Failed: none
Ledger before/after counts: 0/69
Added ledger rows: 000_baseline, 001_create_credit_tables, 002_rep_slugs, 003_deals, 004_deal_intended_rep_slug, 005_lead_distribution_settings, 006_drip_sequence_ownership, 007_lead_staleness_threshold, 008_email_safety_settings, 009_email_send_failure_reason, 010_email_webhook_events, 011_email_rate_slots, 012_application_signature, 013_retired_rep_slugs, 014_application_optional_fields, 015_application_consent_text_version, 016_user_titles, 017_deal_notes_gm_split, 018_lender_matcher_gates, 019_document_categories, 020_lender_submissions, 021_lead_package_config, 022_lender_submission_package_snapshots, 023_routing_and_marketing_ownership, 024_email_compliance_daily_budget, 025_usfa_intake, 026_usfa_intake_runtime_support, 028_merge_going_to_funding_stage, 029_deal_approvals, 030_add_application_collateral, 031_collateral_library, 032_finance_application_collateral, 033_lender_submission_review_fields, 034_application_sms_consent, 035_user_identities, 036_partners_contacts, 037_partner_flows_and_texting, 038_partner_texting, 039_ridgestone_partner_profile, 040_release_schema_parity, 041_push_notifications, 042_push_delivery_ledger, 043_align_push_schema, 044_notification_delivery_claims, 045_application_equipment_category_homeowner, 046_complete_partner_contacts_recovery, 047_partner_contacts_prerequisite, 048_financing_campaign_draft, 049_lender_underwriting_intelligence, 050_lender_guideline_versions, 051_users_role_default_pending, 052_reusable_campaign_launcher, 053_campaign_preview_approval_snapshots, 054_campaign_preview_recipient_snapshots, 055_campaign_launch_execution_leases, 056_campaign_flyer, 057_telephony_settings, 058_telephony_business_defaults, 059_inbound_voice_settings, 060_inbound_voice_array_defaults, 061_telephony_completion, 062_email_readiness_daily_cap, 063_lead_vertical, 064_collateral_flyer_library, 065_campaign_flyer_link_vendor_template, 066_bundled_vendor_equipment_flyers, 067_campaign_attribution, 068_campaign_attribution_fk_names, 069_campaign_attribution_recovery
Changed ledger rows: none
Removed ledger rows: none
Applied names/count: 000_baseline.sql, 001_create_credit_tables.sql, 002_rep_slugs.sql, 003_deals.sql, 004_deal_intended_rep_slug.sql, 005_lead_distribution_settings.sql, 006_drip_sequence_ownership.sql, 007_lead_staleness_threshold.sql, 008_email_safety_settings.sql, 009_email_send_failure_reason.sql, 010_email_webhook_events.sql, 011_email_rate_slots.sql, 012_application_signature.sql, 013_retired_rep_slugs.sql, 014_application_optional_fields.sql, 015_application_consent_text_version.sql, 016_user_titles.sql, 017_deal_notes_gm_split.sql, 018_lender_matcher_gates.sql, 019_document_categories.sql, 020_lender_submissions.sql, 021_lead_package_config.sql, 022_lender_submission_package_snapshots.sql, 023_routing_and_marketing_ownership.sql, 024_email_compliance_daily_budget.sql, 025_usfa_intake.sql, 026_usfa_intake_runtime_support.sql, 028_merge_going_to_funding_stage.sql, 029_deal_approvals.sql, 030_add_application_collateral.sql, 031_collateral_library.sql, 032_finance_application_collateral.sql, 033_lender_submission_review_fields.sql, 034_application_sms_consent.sql, 035_user_identities.sql, 036_partners_contacts.sql, 037_partner_flows_and_texting.sql, 038_partner_texting.sql, 039_ridgestone_partner_profile.sql, 040_release_schema_parity.sql, 041_push_notifications.sql, 042_push_delivery_ledger.sql, 043_align_push_schema.sql, 044_notification_delivery_claims.sql, 045_application_equipment_category_homeowner.sql, 046_complete_partner_contacts_recovery.sql, 047_partner_contacts_prerequisite.sql, 048_financing_campaign_draft.sql, 049_lender_underwriting_intelligence.sql, 050_lender_guideline_versions.sql, 051_users_role_default_pending.sql, 052_reusable_campaign_launcher.sql, 053_campaign_preview_approval_snapshots.sql, 054_campaign_preview_recipient_snapshots.sql, 055_campaign_launch_execution_leases.sql, 056_campaign_flyer.sql, 057_telephony_settings.sql, 058_telephony_business_defaults.sql, 059_inbound_voice_settings.sql, 060_inbound_voice_array_defaults.sql, 061_telephony_completion.sql, 062_email_readiness_daily_cap.sql, 063_lead_vertical.sql, 064_collateral_flyer_library.sql, 065_campaign_flyer_link_vendor_template.sql, 066_bundled_vendor_equipment_flyers.sql, 067_campaign_attribution.sql, 068_campaign_attribution_fk_names.sql, 069_campaign_attribution_recovery.sql / 69
Superseded names/count: none / 0
Failed: none
Ledger before/after counts: 0/69
Added ledger rows: 000_baseline, 001_create_credit_tables, 002_rep_slugs, 003_deals, 004_deal_intended_rep_slug, 005_lead_distribution_settings, 006_drip_sequence_ownership, 007_lead_staleness_threshold, 008_email_safety_settings, 009_email_send_failure_reason, 010_email_webhook_events, 011_email_rate_slots, 012_application_signature, 013_retired_rep_slugs, 014_application_optional_fields, 015_application_consent_text_version, 016_user_titles, 017_deal_notes_gm_split, 018_lender_matcher_gates, 019_document_categories, 020_lender_submissions, 021_lead_package_config, 022_lender_submission_package_snapshots, 023_routing_and_marketing_ownership, 024_email_compliance_daily_budget, 025_usfa_intake, 026_usfa_intake_runtime_support, 028_merge_going_to_funding_stage, 029_deal_approvals, 030_add_application_collateral, 031_collateral_library, 032_finance_application_collateral, 033_lender_submission_review_fields, 034_application_sms_consent, 035_user_identities, 036_partners_contacts, 037_partner_flows_and_texting, 038_partner_texting, 039_ridgestone_partner_profile, 040_release_schema_parity, 041_push_notifications, 042_push_delivery_ledger, 043_align_push_schema, 044_notification_delivery_claims, 045_application_equipment_category_homeowner, 046_complete_partner_contacts_recovery, 047_partner_contacts_prerequisite, 048_financing_campaign_draft, 049_lender_underwriting_intelligence, 050_lender_guideline_versions, 051_users_role_default_pending, 052_reusable_campaign_launcher, 053_campaign_preview_approval_snapshots, 054_campaign_preview_recipient_snapshots, 055_campaign_launch_execution_leases, 056_campaign_flyer, 057_telephony_settings, 058_telephony_business_defaults, 059_inbound_voice_settings, 060_inbound_voice_array_defaults, 061_telephony_completion, 062_email_readiness_daily_cap, 063_lead_vertical, 064_collateral_flyer_library, 065_campaign_flyer_link_vendor_template, 066_bundled_vendor_equipment_flyers, 067_campaign_attribution, 068_campaign_attribution_fk_names, 069_campaign_attribution_recovery
Changed ledger rows: none
Removed ledger rows: none
[⣷] Pulling schema from database...
[2K[1G[⣯] Pulling schema from database...
[2K[1G[⣟] Pulling schema from database...
[2K[1G[⡿] Pulling schema from database...
[2K[1G[⢿] Pulling schema from database...
[2K[1G[⣻] Pulling schema from database...
[2K[1G[⣽] Pulling schema from database...
[2K[1G[⣷] Pulling schema from database...
[2K[1G[⣯] Pulling schema from database...
[2K[1G[⣟] Pulling schema from database...
[2K[1G[⡿] Pulling schema from database...
[2K[1G[⢿] Pulling schema from database...
[2K[1G[⣻] Pulling schema from database...
[2K[1G[⣽] Pulling schema from database...
[2K[1G[⣷] Pulling schema from database...
[2K[1G[⣯] Pulling schema from database...
[2K[1G[⣟] Pulling schema from database...
[2K[1G[⡿] Pulling schema from database...
[2K[1G[✓] Pulling schema from database...
Schema parity OK: SQL runner and complete Drizzle schema set match
EMPTY-SCHEMA users.role default: pending
EMPTY-SCHEMA 000-TO-LATEST REHEARSAL PASS
[⣷] Pulling schema from database...
[2K[1G[⣯] Pulling schema from database...
[2K[1G[⣟] Pulling schema from database...
[2K[1G[⡿] Pulling schema from database...
[2K[1G[⢿] Pulling schema from database...
[2K[1G[⣻] Pulling schema from database...
[2K[1G[⣽] Pulling schema from database...
[2K[1G[⣷] Pulling schema from database...
[2K[1G[⣯] Pulling schema from database...
[2K[1G[⣟] Pulling schema from database...
[2K[1G[⡿] Pulling schema from database...
[2K[1G[⢿] Pulling schema from database...
[2K[1G[⣻] Pulling schema from database...
[2K[1G[⣽] Pulling schema from database...
[2K[1G[⣷] Pulling schema from database...
[2K[1G[⣯] Pulling schema from database...
[2K[1G[⣟] Pulling schema from database...
[2K[1G[✓] Pulling schema from database...
Schema parity OK: SQL runner and complete Drizzle schema set match
POPULATED-SCHEMA initial no-ledger reconciliation: applied=64, ledger=69|1, baseline SQL skipped
POPULATED-SCHEMA retry: applied=0, adopted=000_baseline (a07aee3fbf5a174ff94c05859a401cac808b0c89435fd834e4bae09e75117902), constraints/indexes unchanged (63/746|246|196)
BOOT {"status":"ok","phase":"ready"}
{"level":"info","event":"api_startup_listener_ready","port":45733}
{"level":30,"time":1791400291479,"pid":37387,"hostname":"repl","msg":"SENTRY_DSN not set — Sentry error tracking disabled"}
{"level":30,"time":1791400291485,"pid":37387,"hostname":"repl","clerkFapiHost":"frontend-api.clerk.dev","publishableKeyHost":"select-humpback-65.clerk.accounts.dev","publishableKeyPrefix":"pk_test","secretKeyPrefix":"sk_test","proxyRevision":"2026-09-19.1","msg":"Clerk production proxy FAPI host resolved"}
{"level":40,"time":1791400291487,"pid":37387,"hostname":"repl","msg":"ALLOWED_ORIGINS is not set in production — all CORS origins will be rejected"}
{"level":30,"time":1791400291583,"pid":37387,"hostname":"repl","msg":"schema OK — applied 0 (), 69 total"}
{"level":30,"time":1791400291585,"pid":37387,"hostname":"repl","msg":"Drip automation is disarmed"}
{"level":30,"time":1791400291586,"pid":37387,"hostname":"repl","msg":"USFA sheet poller disarmed: Google service account credentials are not configured or invalid"}
{"level":30,"time":1791400291587,"pid":37387,"hostname":"repl","msg":"USFA application poller disarmed: Gmail delegation or Object Storage is not configured"}
{"level":"info","event":"api_application_ready","port":45733}

CATALOG DRIFT REJECTION PASS
ATTRIBUTION-REHEARSAL {"scenario":"production-profile","sourceKind":"isolated-metadata-matched-fixture-not-production-data","ledgerBefore":{"count":67,"rows":[{"name":"000_baseline","checksum":"a07aee3fbf5a174ff94c05859a401cac808b0c89435fd834e4bae09e75117902","state":"applied"},{"name":"001_create_credit_tables","checksum":"5a3914c1b6bad5369a994291aac3617ceda45e98b0401a50a2cb861662f8c881","state":"applied"},{"name":"002_rep_slugs","checksum":"46d83e32152a948c363f6ca17dc92bd9d9f2a91c79f08929af4c9035384c9672","state":"applied"},{"name":"003_deals","checksum":"ed582ec3e291049d0c411d9793704802cccd64cae108a7a00735890b28eaa233","state":"applied"},{"name":"004_deal_intended_rep_slug","checksum":"34b24e6e50cdfe1ea9922f458f33309c92c6e9680fe138eb1172e4fe49a7c26c","state":"applied"},{"name":"005_lead_distribution_settings","checksum":"f3ea1cd2887f39f9cc5d2cd66c3a1626d36b43c0b84e5fef0a0e4946dc2d46a4","state":"applied"},{"name":"006_drip_sequence_ownership","checksum":"09459bd62d55597d4758b75d593810755d14a6076c186127d5134614cb0380ba","state":"applied"},{"name":"007_lead_staleness_threshold","checksum":"2771bb13b11489bf588742b6e2f461474e4f17e2835abeee158be1652f9ebb95","state":"applied"},{"name":"008_email_safety_settings","checksum":"9d9805015f069ad2bb33abff0150018397a02a4caf0b8d6de28400a9e54d2400","state":"applied"},{"name":"009_email_send_failure_reason","checksum":"b6e7000f176009602ea54453ef8fec4e0dd379024caa68f7d26292ef8b5765f0","state":"applied"},{"name":"010_email_webhook_events","checksum":"c215003f45148264d1bd30add3e2d82d017a7492e10ea51da1f348a808eaa9d3","state":"applied"},{"name":"011_email_rate_slots","checksum":"b4efc9d24cb78f72f9baa9809823c3e75159c9cc66ba0c0361a4d98d45ddbdb4","state":"applied"},{"name":"012_application_signature","checksum":"5c42b2d9a3f7c5dd7e06f132413384e331077ad632883e12bc609cbd2eee2c8d","state":"applied"},{"name":"013_retired_rep_slugs","checksum":"88acbb2d9265cc349e3aaf0e8ef79f1f2edb4af417d0e6bcbdfa8e4d6f1b7c30","state":"applied"},{"name":"014_application_optional_fields","checksum":"2fc4bea96e83512ab1ddd4c9bb670a2ef55b5836fb5ac8ae02cf9e0872fe0f45","state":"applied"},{"name":"015_application_consent_text_version","checksum":"bb518329ba39771c0697155d75cb9701219b16c05d6468a795c48e770261edee","state":"applied"},{"name":"016_user_titles","checksum":"043ede312d09b85daf6f60cbebcc74adb99ff68d2a9c322ab3932f4ca0db4e83","state":"applied"},{"name":"017_deal_notes_gm_split","checksum":"cb8cc5ef51ea9baae90858fa774cf5dab6e1f86cf948a9a75718b41d67a005b7","state":"applied"},{"name":"018_lender_matcher_gates","checksum":"cc7df9b47f0119b2ddc249086feaf6084d78964bb6fec0e96239765c80c502cd","state":"applied"},{"name":"019_document_categories","checksum":"681bbfb3858c481d6d0cbe15d9c5f4129a783f28816a628a445dfeefc760d374","state":"applied"},{"name":"020_lender_submissions","checksum":"1ef5d4e359cd3626037a5ea45a08087aaf783b8816ad2b7e5be0301476719f48","state":"applied"},{"name":"021_lead_package_config","checksum":"ce5c5a0a00688d29b7bc5c5f4e35ad2797088defb969e36fd4d2c0cc1693e5f3","state":"applied"},{"name":"022_lender_submission_package_snapshots","checksum":"fc16b93c7a074a22888d8197a6a88b9bb8ff71283d912e3325add8ad330116f3","state":"applied"},{"name":"023_routing_and_marketing_ownership","checksum":"08da9afb034d57bc56219d1444cf5557775c23f71a8732169aa8ee244f0541ad","state":"applied"},{"name":"024_email_compliance_daily_budget","checksum":"bad7383e9ed8df253c20bd4bd8725a8773dc1d034fcba1c7417e3234fd14f530","state":"applied"},{"name":"025_usfa_intake","checksum":"6bb0033bd971fcf0d0a2274b01c78556799af5ee9738ec6b0d9f08f2b1170a50","state":"applied"},{"name":"026_usfa_intake_runtime_support","checksum":"9d13c871f3c5799751e2698cd6771636b6e4b337ef9098f8e7b5674a69888b55","state":"applied"},{"name":"028_merge_going_to_funding_stage","checksum":"09d6ed0446929d5f0f8c47a7799a2ea8b006854a919a8702cd0dafb4bcc0dce4","state":"applied"},{"name":"029_deal_approvals","checksum":"90b2d5390a2560b35c2f15981cd3087de9ea3d3b937b55edbaffa819b46a3c39","state":"applied"},{"name":"030_add_application_collateral","checksum":"33c910dadd587a5cc37c2f499c4f185a9b8e3cdb624a515b9ae2b967fb583fdb","state":"applied"},{"name":"031_collateral_library","checksum":"adbd86747569c0b02956d5b38debfc81e326c874aa7bbede7a73398d95fde4b3","state":"applied"},{"name":"032_finance_application_collateral","checksum":"57c07e85f37a80aae9c0c2ea3f2f2445887b4728386f4dfcfe3f0e776c25804c","state":"applied"},{"name":"033_lender_submission_review_fields","checksum":"1de8df04ade0e8160715e4716908b05ba4e2425a85c4c5cb951083ca827efa6d","state":"applied"},{"name":"034_application_sms_consent","checksum":"1831bc9ac93e3e9dfd6234caef56c3e0ccdf06d18fa623db53a192a8224623b5","state":"applied"},{"name":"035_user_identities","checksum":"184edad6d31e1bf079ab45da6fd691608d37783cb710d5a031c21dc7067cbdbd","state":"applied"},{"name":"036_partners_contacts","checksum":"35f6d26c0369bd046876d06ad7abfe636c499ddf4d4786bdb4c28e19f59952c9","state":"applied"},{"name":"037_partner_flows_and_texting","checksum":"31de09eb3327b34727006e986f2d593a71c6851ffc832674bda61beac6b8b223","state":"applied"},{"name":"038_partner_texting","checksum":"3bb622d378f1f73eef3accec85e51608cddb7e9cf08f1b10c7056642ecaeb29d","state":"applied"},{"name":"039_ridgestone_partner_profile","checksum":"4a1bba89fc6a725f23ce8468df1ebad33d27c4b92315816a7392c7c0f59bc23c","state":"applied"},{"name":"040_release_schema_parity","checksum":"5828af4a1b3664252cd0eb52506626bf14948bf5851e6882c2842ae44dbcb179","state":"applied"},{"name":"041_push_notifications","checksum":"2e45ec1de0773fb243dd51d60ba27df5a4a107aa4af86b5774d097349ba996b0","state":"applied"},{"name":"042_push_delivery_ledger","checksum":"d2f191455da390cbdebcd3b87aa377fbcb08044b9707078b2d39ddf0f4ee6e7a","state":"applied"},{"name":"043_align_push_schema","checksum":"73e384983cab81b55914dc905884eb2c4229169b699b8618fafa26ad7027365b","state":"applied"},{"name":"044_notification_delivery_claims","checksum":"efaec622e931eb624efec6a658a473bd09159e704b317e602e9a1a16d3c6a295","state":"applied"},{"name":"045_application_equipment_category_homeowner","checksum":"5e04725aaa480af54a339ba1d1414d35ea4033cba59825b79276aca6c29a7fc9","state":"applied"},{"name":"046_complete_partner_contacts_recovery","checksum":"598d709d7fac1b3f4497cc6da7118b7b12b4bbdb87c26f1ec534c3989230751c","state":"applied"},{"name":"047_partner_contacts_prerequisite","checksum":"d9c8ade860b0dd7d4dd7281c437a0b961f3b6cd3d305f87ade6fa18c78364399","state":"applied"},{"name":"048_financing_campaign_draft","checksum":"e32cc9a267265db14871d7980065623138873a1b0a019fe2f28f6261b0a898b7","state":"applied"},{"name":"049_lender_underwriting_intelligence","checksum":"ac06ab7c7670b7884d100e849a404a0dca67d2d48fc2fe90cdbe8df9753b5624","state":"applied"},{"name":"050_lender_guideline_versions","checksum":"38e3ec493dfb3963c10cece011d62ebed00daeb6b253943f35ba094559dcd458","state":"applied"},{"name":"051_users_role_default_pending","checksum":"04cee486a4d7fcd49bb92db32f230baa7f8af7016d6d31912367b354d7d204e4","state":"applied"},{"name":"052_reusable_campaign_launcher","checksum":"cfd8d92a060e40ce3710a761f674325d43078fac3cfea6144c74b51bd9f87959","state":"applied"},{"name":"053_campaign_preview_approval_snapshots","checksum":"cac7747dfd8f3aa3467bfb26c30ddde4e736b10ef2882a1d4d25d9b9e2f03e27","state":"applied"},{"name":"054_campaign_preview_recipient_snapshots","checksum":"efc6aaf9e7a82359f63d725c5963d1ffba1f8b70e45db9d2b9e3e42a10890ddc","state":"applied"},{"name":"055_campaign_launch_execution_leases","checksum":"2bc3bc65a6b5ee415a7be5298e77412fd6df21aafe61e136fca0610924c829af","state":"applied"},{"name":"056_campaign_flyer","checksum":"4cddc8265dc8e756366b921a5e174fc2a01e0415902025cff5462f203e9294f3","state":"applied"},{"name":"057_telephony_settings","checksum":"a4687cf976ff9c566c1bc415d62dd69aa21b8e5e5ba9830b976669a3a45ef343","state":"applied"},{"name":"058_telephony_business_defaults","checksum":"8f06131c93a39bd45f852e9a9ee54e2902e2685924b56749d1da4fffacfff018","state":"applied"},{"name":"059_inbound_voice_settings","checksum":"6099effcdbb354a180973b1be07d9a001d5111bfb3d3ce6e1b1b8c7562ef9955","state":"applied"},{"name":"060_inbound_voice_array_defaults","checksum":"4f119252a69277b176a7dd109395be85ff71aeb2529fee7b1fdc42ab34da4162","state":"applied"},{"name":"061_telephony_completion","checksum":"8df6562600dbe97028914991d1a1676d959dff39a13714c66217baab42e661a2","state":"applied"},{"name":"062_email_readiness_daily_cap","checksum":"e477ea7fe3fe02de4e97a67d5c507cad004b93a65efb9f0bd28921b913967470","state":"applied"},{"name":"063_lead_vertical","checksum":"58327cfc2b57fc66b0c8576e114625dab4e742d1eb7fba436e801080c4166f05","state":"applied"},{"name":"064_collateral_flyer_library","checksum":"6ee2b26ee412d85fa177a3c2cf5dcf0dad693cbab1836dedc081f36842eed29a","state":"applied"},{"name":"065_campaign_flyer_link_vendor_template","checksum":"e8296fc3f597f8e2e60e073eff6b466ee2e5a25e80ad86375ef7d2416c1f2b6b","state":"applied"},{"name":"066_bundled_vendor_equipment_flyers","checksum":"8cdd91542020c136efbaf0a703bb7aa3b93a14472d97b4e50455bfaa0994a26e","state":"applied"},{"name":"067_campaign_attribution","checksum":"f2990978aa8e8a905a11dd746986b21e89a97d428474651a703d97559b2988ba","state":"failed"}]},"ledgerAfter":{"count":69,"rows":[{"name":"000_baseline","checksum":"a07aee3fbf5a174ff94c05859a401cac808b0c89435fd834e4bae09e75117902","state":"applied"},{"name":"001_create_credit_tables","checksum":"5a3914c1b6bad5369a994291aac3617ceda45e98b0401a50a2cb861662f8c881","state":"applied"},{"name":"002_rep_slugs","checksum":"46d83e32152a948c363f6ca17dc92bd9d9f2a91c79f08929af4c9035384c9672","state":"applied"},{"name":"003_deals","checksum":"ed582ec3e291049d0c411d9793704802cccd64cae108a7a00735890b28eaa233","state":"applied"},{"name":"004_deal_intended_rep_slug","checksum":"34b24e6e50cdfe1ea9922f458f33309c92c6e9680fe138eb1172e4fe49a7c26c","state":"applied"},{"name":"005_lead_distribution_settings","checksum":"f3ea1cd2887f39f9cc5d2cd66c3a1626d36b43c0b84e5fef0a0e4946dc2d46a4","state":"applied"},{"name":"006_drip_sequence_ownership","checksum":"09459bd62d55597d4758b75d593810755d14a6076c186127d5134614cb0380ba","state":"applied"},{"name":"007_lead_staleness_threshold","checksum":"2771bb13b11489bf588742b6e2f461474e4f17e2835abeee158be1652f9ebb95","state":"applied"},{"name":"008_email_safety_settings","checksum":"9d9805015f069ad2bb33abff0150018397a02a4caf0b8d6de28400a9e54d2400","state":"applied"},{"name":"009_email_send_failure_reason","checksum":"b6e7000f176009602ea54453ef8fec4e0dd379024caa68f7d26292ef8b5765f0","state":"applied"},{"name":"010_email_webhook_events","checksum":"c215003f45148264d1bd30add3e2d82d017a7492e10ea51da1f348a808eaa9d3","state":"applied"},{"name":"011_email_rate_slots","checksum":"b4efc9d24cb78f72f9baa9809823c3e75159c9cc66ba0c0361a4d98d45ddbdb4","state":"applied"},{"name":"012_application_signature","checksum":"5c42b2d9a3f7c5dd7e06f132413384e331077ad632883e12bc609cbd2eee2c8d","state":"applied"},{"name":"013_retired_rep_slugs","checksum":"88acbb2d9265cc349e3aaf0e8ef79f1f2edb4af417d0e6bcbdfa8e4d6f1b7c30","state":"applied"},{"name":"014_application_optional_fields","checksum":"2fc4bea96e83512ab1ddd4c9bb670a2ef55b5836fb5ac8ae02cf9e0872fe0f45","state":"applied"},{"name":"015_application_consent_text_version","checksum":"bb518329ba39771c0697155d75cb9701219b16c05d6468a795c48e770261edee","state":"applied"},{"name":"016_user_titles","checksum":"043ede312d09b85daf6f60cbebcc74adb99ff68d2a9c322ab3932f4ca0db4e83","state":"applied"},{"name":"017_deal_notes_gm_split","checksum":"cb8cc5ef51ea9baae90858fa774cf5dab6e1f86cf948a9a75718b41d67a005b7","state":"applied"},{"name":"018_lender_matcher_gates","checksum":"cc7df9b47f0119b2ddc249086feaf6084d78964bb6fec0e96239765c80c502cd","state":"applied"},{"name":"019_document_categories","checksum":"681bbfb3858c481d6d0cbe15d9c5f4129a783f28816a628a445dfeefc760d374","state":"applied"},{"name":"020_lender_submissions","checksum":"1ef5d4e359cd3626037a5ea45a08087aaf783b8816ad2b7e5be0301476719f48","state":"applied"},{"name":"021_lead_package_config","checksum":"ce5c5a0a00688d29b7bc5c5f4e35ad2797088defb969e36fd4d2c0cc1693e5f3","state":"applied"},{"name":"022_lender_submission_package_snapshots","checksum":"fc16b93c7a074a22888d8197a6a88b9bb8ff71283d912e3325add8ad330116f3","state":"applied"},{"name":"023_routing_and_marketing_ownership","checksum":"08da9afb034d57bc56219d1444cf5557775c23f71a8732169aa8ee244f0541ad","state":"applied"},{"name":"024_email_compliance_daily_budget","checksum":"bad7383e9ed8df253c20bd4bd8725a8773dc1d034fcba1c7417e3234fd14f530","state":"applied"},{"name":"025_usfa_intake","checksum":"6bb0033bd971fcf0d0a2274b01c78556799af5ee9738ec6b0d9f08f2b1170a50","state":"applied"},{"name":"026_usfa_intake_runtime_support","checksum":"9d13c871f3c5799751e2698cd6771636b6e4b337ef9098f8e7b5674a69888b55","state":"applied"},{"name":"028_merge_going_to_funding_stage","checksum":"09d6ed0446929d5f0f8c47a7799a2ea8b006854a919a8702cd0dafb4bcc0dce4","state":"applied"},{"name":"029_deal_approvals","checksum":"90b2d5390a2560b35c2f15981cd3087de9ea3d3b937b55edbaffa819b46a3c39","state":"applied"},{"name":"030_add_application_collateral","checksum":"33c910dadd587a5cc37c2f499c4f185a9b8e3cdb624a515b9ae2b967fb583fdb","state":"applied"},{"name":"031_collateral_library","checksum":"adbd86747569c0b02956d5b38debfc81e326c874aa7bbede7a73398d95fde4b3","state":"applied"},{"name":"032_finance_application_collateral","checksum":"57c07e85f37a80aae9c0c2ea3f2f2445887b4728386f4dfcfe3f0e776c25804c","state":"applied"},{"name":"033_lender_submission_review_fields","checksum":"1de8df04ade0e8160715e4716908b05ba4e2425a85c4c5cb951083ca827efa6d","state":"applied"},{"name":"034_application_sms_consent","checksum":"1831bc9ac93e3e9dfd6234caef56c3e0ccdf06d18fa623db53a192a8224623b5","state":"applied"},{"name":"035_user_identities","checksum":"184edad6d31e1bf079ab45da6fd691608d37783cb710d5a031c21dc7067cbdbd","state":"applied"},{"name":"036_partners_contacts","checksum":"35f6d26c0369bd046876d06ad7abfe636c499ddf4d4786bdb4c28e19f59952c9","state":"applied"},{"name":"037_partner_flows_and_texting","checksum":"31de09eb3327b34727006e986f2d593a71c6851ffc832674bda61beac6b8b223","state":"applied"},{"name":"038_partner_texting","checksum":"3bb622d378f1f73eef3accec85e51608cddb7e9cf08f1b10c7056642ecaeb29d","state":"applied"},{"name":"039_ridgestone_partner_profile","checksum":"4a1bba89fc6a725f23ce8468df1ebad33d27c4b92315816a7392c7c0f59bc23c","state":"applied"},{"name":"040_release_schema_parity","checksum":"5828af4a1b3664252cd0eb52506626bf14948bf5851e6882c2842ae44dbcb179","state":"applied"},{"name":"041_push_notifications","checksum":"2e45ec1de0773fb243dd51d60ba27df5a4a107aa4af86b5774d097349ba996b0","state":"applied"},{"name":"042_push_delivery_ledger","checksum":"d2f191455da390cbdebcd3b87aa377fbcb08044b9707078b2d39ddf0f4ee6e7a","state":"applied"},{"name":"043_align_push_schema","checksum":"73e384983cab81b55914dc905884eb2c4229169b699b8618fafa26ad7027365b","state":"applied"},{"name":"044_notification_delivery_claims","checksum":"efaec622e931eb624efec6a658a473bd09159e704b317e602e9a1a16d3c6a295","state":"applied"},{"name":"045_application_equipment_category_homeowner","checksum":"5e04725aaa480af54a339ba1d1414d35ea4033cba59825b79276aca6c29a7fc9","state":"applied"},{"name":"046_complete_partner_contacts_recovery","checksum":"598d709d7fac1b3f4497cc6da7118b7b12b4bbdb87c26f1ec534c3989230751c","state":"applied"},{"name":"047_partner_contacts_prerequisite","checksum":"d9c8ade860b0dd7d4dd7281c437a0b961f3b6cd3d305f87ade6fa18c78364399","state":"applied"},{"name":"048_financing_campaign_draft","checksum":"e32cc9a267265db14871d7980065623138873a1b0a019fe2f28f6261b0a898b7","state":"applied"},{"name":"049_lender_underwriting_intelligence","checksum":"ac06ab7c7670b7884d100e849a404a0dca67d2d48fc2fe90cdbe8df9753b5624","state":"applied"},{"name":"050_lender_guideline_versions","checksum":"38e3ec493dfb3963c10cece011d62ebed00daeb6b253943f35ba094559dcd458","state":"applied"},{"name":"051_users_role_default_pending","checksum":"04cee486a4d7fcd49bb92db32f230baa7f8af7016d6d31912367b354d7d204e4","state":"applied"},{"name":"052_reusable_campaign_launcher","checksum":"cfd8d92a060e40ce3710a761f674325d43078fac3cfea6144c74b51bd9f87959","state":"applied"},{"name":"053_campaign_preview_approval_snapshots","checksum":"cac7747dfd8f3aa3467bfb26c30ddde4e736b10ef2882a1d4d25d9b9e2f03e27","state":"applied"},{"name":"054_campaign_preview_recipient_snapshots","checksum":"efc6aaf9e7a82359f63d725c5963d1ffba1f8b70e45db9d2b9e3e42a10890ddc","state":"applied"},{"name":"055_campaign_launch_execution_leases","checksum":"2bc3bc65a6b5ee415a7be5298e77412fd6df21aafe61e136fca0610924c829af","state":"applied"},{"name":"056_campaign_flyer","checksum":"4cddc8265dc8e756366b921a5e174fc2a01e0415902025cff5462f203e9294f3","state":"applied"},{"name":"057_telephony_settings","checksum":"a4687cf976ff9c566c1bc415d62dd69aa21b8e5e5ba9830b976669a3a45ef343","state":"applied"},{"name":"058_telephony_business_defaults","checksum":"8f06131c93a39bd45f852e9a9ee54e2902e2685924b56749d1da4fffacfff018","state":"applied"},{"name":"059_inbound_voice_settings","checksum":"6099effcdbb354a180973b1be07d9a001d5111bfb3d3ce6e1b1b8c7562ef9955","state":"applied"},{"name":"060_inbound_voice_array_defaults","checksum":"4f119252a69277b176a7dd109395be85ff71aeb2529fee7b1fdc42ab34da4162","state":"applied"},{"name":"061_telephony_completion","checksum":"8df6562600dbe97028914991d1a1676d959dff39a13714c66217baab42e661a2","state":"applied"},{"name":"062_email_readiness_daily_cap","checksum":"e477ea7fe3fe02de4e97a67d5c507cad004b93a65efb9f0bd28921b913967470","state":"applied"},{"name":"063_lead_vertical","checksum":"58327cfc2b57fc66b0c8576e114625dab4e742d1eb7fba436e801080c4166f05","state":"applied"},{"name":"064_collateral_flyer_library","checksum":"6ee2b26ee412d85fa177a3c2cf5dcf0dad693cbab1836dedc081f36842eed29a","state":"applied"},{"name":"065_campaign_flyer_link_vendor_template","checksum":"e8296fc3f597f8e2e60e073eff6b466ee2e5a25e80ad86375ef7d2416c1f2b6b","state":"applied"},{"name":"066_bundled_vendor_equipment_flyers","checksum":"8cdd91542020c136efbaf0a703bb7aa3b93a14472d97b4e50455bfaa0994a26e","state":"applied"},{"name":"067_campaign_attribution","checksum":"f2990978aa8e8a905a11dd746986b21e89a97d428474651a703d97559b2988ba","state":"superseded"},{"name":"068_campaign_attribution_fk_names","checksum":"061300fbfd0a7a899ca5141094b960b1507703247aa103264912e62ce688df66","state":"applied"},{"name":"069_campaign_attribution_recovery","checksum":"6cec18c4f246402baa5387fd182ae181cf2ba3fa11d34472b1101bdcc883c7f0","state":"applied"}]},"ddlBatches":0,"postgresDdlStatements":0,"catalogBefore":"602c484a50ed26f015e0359013d3b604b089b958f53b84905319e561df6cd9a3","catalogAfter":"602c484a50ed26f015e0359013d3b604b089b958f53b84905319e561df6cd9a3","boot":{"http":200,"phase":"ready","schemaFailure":false},"verdict":"PASS"}
[⣷] Pulling schema from database...
[2K[1G[⣯] Pulling schema from database...
[2K[1G[⣟] Pulling schema from database...
[2K[1G[⡿] Pulling schema from database...
[2K[1G[✓] Pulling schema from database...
MODEL-SYNC statements=135
BOOT {"status":"ok","phase":"ready"}
{"level":"info","event":"api_startup_listener_ready","port":45887}
{"level":30,"time":1791400301509,"pid":37414,"hostname":"repl","msg":"SENTRY_DSN not set — Sentry error tracking disabled"}
{"level":30,"time":1791400301518,"pid":37414,"hostname":"repl","clerkFapiHost":"frontend-api.clerk.dev","publishableKeyHost":"select-humpback-65.clerk.accounts.dev","publishableKeyPrefix":"pk_test","secretKeyPrefix":"sk_test","proxyRevision":"2026-09-19.1","msg":"Clerk production proxy FAPI host resolved"}
{"level":40,"time":1791400301521,"pid":37414,"hostname":"repl","msg":"ALLOWED_ORIGINS is not set in production — all CORS origins will be rejected"}
{"level":30,"time":1791400301617,"pid":37414,"hostname":"repl","msg":"schema OK — applied 0 (), 69 total"}
{"level":30,"time":1791400301620,"pid":37414,"hostname":"repl","msg":"Drip automation is disarmed"}
{"level":30,"time":1791400301621,"pid":37414,"hostname":"repl","msg":"USFA sheet poller disarmed: Google service account credentials are not configured or invalid"}
{"level":30,"time":1791400301621,"pid":37414,"hostname":"repl","msg":"USFA application poller disarmed: Gmail delegation or Object Storage is not configured"}
{"level":"info","event":"api_application_ready","port":45887}
{"level":30,"time":1791400301648,"pid":37414,"hostname":"repl","msg":"Seeded 6 default workflow rules"}

ATTRIBUTION-REHEARSAL {"scenario":"publish-model-sync","sourceKind":"isolated-metadata-matched-fixture-not-production-data","ledgerBefore":{"count":66,"rows":[{"name":"000_baseline","checksum":"a07aee3fbf5a174ff94c05859a401cac808b0c89435fd834e4bae09e75117902","state":"applied"},{"name":"001_create_credit_tables","checksum":"5a3914c1b6bad5369a994291aac3617ceda45e98b0401a50a2cb861662f8c881","state":"applied"},{"name":"002_rep_slugs","checksum":"46d83e32152a948c363f6ca17dc92bd9d9f2a91c79f08929af4c9035384c9672","state":"applied"},{"name":"003_deals","checksum":"ed582ec3e291049d0c411d9793704802cccd64cae108a7a00735890b28eaa233","state":"applied"},{"name":"004_deal_intended_rep_slug","checksum":"34b24e6e50cdfe1ea9922f458f33309c92c6e9680fe138eb1172e4fe49a7c26c","state":"applied"},{"name":"005_lead_distribution_settings","checksum":"f3ea1cd2887f39f9cc5d2cd66c3a1626d36b43c0b84e5fef0a0e4946dc2d46a4","state":"applied"},{"name":"006_drip_sequence_ownership","checksum":"09459bd62d55597d4758b75d593810755d14a6076c186127d5134614cb0380ba","state":"applied"},{"name":"007_lead_staleness_threshold","checksum":"2771bb13b11489bf588742b6e2f461474e4f17e2835abeee158be1652f9ebb95","state":"applied"},{"name":"008_email_safety_settings","checksum":"9d9805015f069ad2bb33abff0150018397a02a4caf0b8d6de28400a9e54d2400","state":"applied"},{"name":"009_email_send_failure_reason","checksum":"b6e7000f176009602ea54453ef8fec4e0dd379024caa68f7d26292ef8b5765f0","state":"applied"},{"name":"010_email_webhook_events","checksum":"c215003f45148264d1bd30add3e2d82d017a7492e10ea51da1f348a808eaa9d3","state":"applied"},{"name":"011_email_rate_slots","checksum":"b4efc9d24cb78f72f9baa9809823c3e75159c9cc66ba0c0361a4d98d45ddbdb4","state":"applied"},{"name":"012_application_signature","checksum":"5c42b2d9a3f7c5dd7e06f132413384e331077ad632883e12bc609cbd2eee2c8d","state":"applied"},{"name":"013_retired_rep_slugs","checksum":"88acbb2d9265cc349e3aaf0e8ef79f1f2edb4af417d0e6bcbdfa8e4d6f1b7c30","state":"applied"},{"name":"014_application_optional_fields","checksum":"2fc4bea96e83512ab1ddd4c9bb670a2ef55b5836fb5ac8ae02cf9e0872fe0f45","state":"applied"},{"name":"015_application_consent_text_version","checksum":"bb518329ba39771c0697155d75cb9701219b16c05d6468a795c48e770261edee","state":"applied"},{"name":"016_user_titles","checksum":"043ede312d09b85daf6f60cbebcc74adb99ff68d2a9c322ab3932f4ca0db4e83","state":"applied"},{"name":"017_deal_notes_gm_split","checksum":"cb8cc5ef51ea9baae90858fa774cf5dab6e1f86cf948a9a75718b41d67a005b7","state":"applied"},{"name":"018_lender_matcher_gates","checksum":"cc7df9b47f0119b2ddc249086feaf6084d78964bb6fec0e96239765c80c502cd","state":"applied"},{"name":"019_document_categories","checksum":"681bbfb3858c481d6d0cbe15d9c5f4129a783f28816a628a445dfeefc760d374","state":"applied"},{"name":"020_lender_submissions","checksum":"1ef5d4e359cd3626037a5ea45a08087aaf783b8816ad2b7e5be0301476719f48","state":"applied"},{"name":"021_lead_package_config","checksum":"ce5c5a0a00688d29b7bc5c5f4e35ad2797088defb969e36fd4d2c0cc1693e5f3","state":"applied"},{"name":"022_lender_submission_package_snapshots","checksum":"fc16b93c7a074a22888d8197a6a88b9bb8ff71283d912e3325add8ad330116f3","state":"applied"},{"name":"023_routing_and_marketing_ownership","checksum":"08da9afb034d57bc56219d1444cf5557775c23f71a8732169aa8ee244f0541ad","state":"applied"},{"name":"024_email_compliance_daily_budget","checksum":"bad7383e9ed8df253c20bd4bd8725a8773dc1d034fcba1c7417e3234fd14f530","state":"applied"},{"name":"025_usfa_intake","checksum":"6bb0033bd971fcf0d0a2274b01c78556799af5ee9738ec6b0d9f08f2b1170a50","state":"applied"},{"name":"026_usfa_intake_runtime_support","checksum":"9d13c871f3c5799751e2698cd6771636b6e4b337ef9098f8e7b5674a69888b55","state":"applied"},{"name":"028_merge_going_to_funding_stage","checksum":"09d6ed0446929d5f0f8c47a7799a2ea8b006854a919a8702cd0dafb4bcc0dce4","state":"applied"},{"name":"029_deal_approvals","checksum":"90b2d5390a2560b35c2f15981cd3087de9ea3d3b937b55edbaffa819b46a3c39","state":"applied"},{"name":"030_add_application_collateral","checksum":"33c910dadd587a5cc37c2f499c4f185a9b8e3cdb624a515b9ae2b967fb583fdb","state":"applied"},{"name":"031_collateral_library","checksum":"adbd86747569c0b02956d5b38debfc81e326c874aa7bbede7a73398d95fde4b3","state":"applied"},{"name":"032_finance_application_collateral","checksum":"57c07e85f37a80aae9c0c2ea3f2f2445887b4728386f4dfcfe3f0e776c25804c","state":"applied"},{"name":"033_lender_submission_review_fields","checksum":"1de8df04ade0e8160715e4716908b05ba4e2425a85c4c5cb951083ca827efa6d","state":"applied"},{"name":"034_application_sms_consent","checksum":"1831bc9ac93e3e9dfd6234caef56c3e0ccdf06d18fa623db53a192a8224623b5","state":"applied"},{"name":"035_user_identities","checksum":"184edad6d31e1bf079ab45da6fd691608d37783cb710d5a031c21dc7067cbdbd","state":"applied"},{"name":"036_partners_contacts","checksum":"35f6d26c0369bd046876d06ad7abfe636c499ddf4d4786bdb4c28e19f59952c9","state":"applied"},{"name":"037_partner_flows_and_texting","checksum":"31de09eb3327b34727006e986f2d593a71c6851ffc832674bda61beac6b8b223","state":"applied"},{"name":"038_partner_texting","checksum":"3bb622d378f1f73eef3accec85e51608cddb7e9cf08f1b10c7056642ecaeb29d","state":"applied"},{"name":"039_ridgestone_partner_profile","checksum":"4a1bba89fc6a725f23ce8468df1ebad33d27c4b92315816a7392c7c0f59bc23c","state":"applied"},{"name":"040_release_schema_parity","checksum":"5828af4a1b3664252cd0eb52506626bf14948bf5851e6882c2842ae44dbcb179","state":"applied"},{"name":"041_push_notifications","checksum":"2e45ec1de0773fb243dd51d60ba27df5a4a107aa4af86b5774d097349ba996b0","state":"applied"},{"name":"042_push_delivery_ledger","checksum":"d2f191455da390cbdebcd3b87aa377fbcb08044b9707078b2d39ddf0f4ee6e7a","state":"applied"},{"name":"043_align_push_schema","checksum":"73e384983cab81b55914dc905884eb2c4229169b699b8618fafa26ad7027365b","state":"applied"},{"name":"044_notification_delivery_claims","checksum":"efaec622e931eb624efec6a658a473bd09159e704b317e602e9a1a16d3c6a295","state":"applied"},{"name":"045_application_equipment_category_homeowner","checksum":"5e04725aaa480af54a339ba1d1414d35ea4033cba59825b79276aca6c29a7fc9","state":"applied"},{"name":"046_complete_partner_contacts_recovery","checksum":"598d709d7fac1b3f4497cc6da7118b7b12b4bbdb87c26f1ec534c3989230751c","state":"applied"},{"name":"047_partner_contacts_prerequisite","checksum":"d9c8ade860b0dd7d4dd7281c437a0b961f3b6cd3d305f87ade6fa18c78364399","state":"applied"},{"name":"048_financing_campaign_draft","checksum":"e32cc9a267265db14871d7980065623138873a1b0a019fe2f28f6261b0a898b7","state":"applied"},{"name":"049_lender_underwriting_intelligence","checksum":"ac06ab7c7670b7884d100e849a404a0dca67d2d48fc2fe90cdbe8df9753b5624","state":"applied"},{"name":"050_lender_guideline_versions","checksum":"38e3ec493dfb3963c10cece011d62ebed00daeb6b253943f35ba094559dcd458","state":"applied"},{"name":"051_users_role_default_pending","checksum":"04cee486a4d7fcd49bb92db32f230baa7f8af7016d6d31912367b354d7d204e4","state":"applied"},{"name":"052_reusable_campaign_launcher","checksum":"cfd8d92a060e40ce3710a761f674325d43078fac3cfea6144c74b51bd9f87959","state":"applied"},{"name":"053_campaign_preview_approval_snapshots","checksum":"cac7747dfd8f3aa3467bfb26c30ddde4e736b10ef2882a1d4d25d9b9e2f03e27","state":"applied"},{"name":"054_campaign_preview_recipient_snapshots","checksum":"efc6aaf9e7a82359f63d725c5963d1ffba1f8b70e45db9d2b9e3e42a10890ddc","state":"applied"},{"name":"055_campaign_launch_execution_leases","checksum":"2bc3bc65a6b5ee415a7be5298e77412fd6df21aafe61e136fca0610924c829af","state":"applied"},{"name":"056_campaign_flyer","checksum":"4cddc8265dc8e756366b921a5e174fc2a01e0415902025cff5462f203e9294f3","state":"applied"},{"name":"057_telephony_settings","checksum":"a4687cf976ff9c566c1bc415d62dd69aa21b8e5e5ba9830b976669a3a45ef343","state":"applied"},{"name":"058_telephony_business_defaults","checksum":"8f06131c93a39bd45f852e9a9ee54e2902e2685924b56749d1da4fffacfff018","state":"applied"},{"name":"059_inbound_voice_settings","checksum":"6099effcdbb354a180973b1be07d9a001d5111bfb3d3ce6e1b1b8c7562ef9955","state":"applied"},{"name":"060_inbound_voice_array_defaults","checksum":"4f119252a69277b176a7dd109395be85ff71aeb2529fee7b1fdc42ab34da4162","state":"applied"},{"name":"061_telephony_completion","checksum":"8df6562600dbe97028914991d1a1676d959dff39a13714c66217baab42e661a2","state":"applied"},{"name":"062_email_readiness_daily_cap","checksum":"e477ea7fe3fe02de4e97a67d5c507cad004b93a65efb9f0bd28921b913967470","state":"applied"},{"name":"063_lead_vertical","checksum":"58327cfc2b57fc66b0c8576e114625dab4e742d1eb7fba436e801080c4166f05","state":"applied"},{"name":"064_collateral_flyer_library","checksum":"6ee2b26ee412d85fa177a3c2cf5dcf0dad693cbab1836dedc081f36842eed29a","state":"applied"},{"name":"065_campaign_flyer_link_vendor_template","checksum":"e8296fc3f597f8e2e60e073eff6b466ee2e5a25e80ad86375ef7d2416c1f2b6b","state":"applied"},{"name":"066_bundled_vendor_equipment_flyers","checksum":"8cdd91542020c136efbaf0a703bb7aa3b93a14472d97b4e50455bfaa0994a26e","state":"applied"}]},"ledgerAfter":{"count":69,"rows":[{"name":"000_baseline","checksum":"a07aee3fbf5a174ff94c05859a401cac808b0c89435fd834e4bae09e75117902","state":"applied"},{"name":"001_create_credit_tables","checksum":"5a3914c1b6bad5369a994291aac3617ceda45e98b0401a50a2cb861662f8c881","state":"applied"},{"name":"002_rep_slugs","checksum":"46d83e32152a948c363f6ca17dc92bd9d9f2a91c79f08929af4c9035384c9672","state":"applied"},{"name":"003_deals","checksum":"ed582ec3e291049d0c411d9793704802cccd64cae108a7a00735890b28eaa233","state":"applied"},{"name":"004_deal_intended_rep_slug","checksum":"34b24e6e50cdfe1ea9922f458f33309c92c6e9680fe138eb1172e4fe49a7c26c","state":"applied"},{"name":"005_lead_distribution_settings","checksum":"f3ea1cd2887f39f9cc5d2cd66c3a1626d36b43c0b84e5fef0a0e4946dc2d46a4","state":"applied"},{"name":"006_drip_sequence_ownership","checksum":"09459bd62d55597d4758b75d593810755d14a6076c186127d5134614cb0380ba","state":"applied"},{"name":"007_lead_staleness_threshold","checksum":"2771bb13b11489bf588742b6e2f461474e4f17e2835abeee158be1652f9ebb95","state":"applied"},{"name":"008_email_safety_settings","checksum":"9d9805015f069ad2bb33abff0150018397a02a4caf0b8d6de28400a9e54d2400","state":"applied"},{"name":"009_email_send_failure_reason","checksum":"b6e7000f176009602ea54453ef8fec4e0dd379024caa68f7d26292ef8b5765f0","state":"applied"},{"name":"010_email_webhook_events","checksum":"c215003f45148264d1bd30add3e2d82d017a7492e10ea51da1f348a808eaa9d3","state":"applied"},{"name":"011_email_rate_slots","checksum":"b4efc9d24cb78f72f9baa9809823c3e75159c9cc66ba0c0361a4d98d45ddbdb4","state":"applied"},{"name":"012_application_signature","checksum":"5c42b2d9a3f7c5dd7e06f132413384e331077ad632883e12bc609cbd2eee2c8d","state":"applied"},{"name":"013_retired_rep_slugs","checksum":"88acbb2d9265cc349e3aaf0e8ef79f1f2edb4af417d0e6bcbdfa8e4d6f1b7c30","state":"applied"},{"name":"014_application_optional_fields","checksum":"2fc4bea96e83512ab1ddd4c9bb670a2ef55b5836fb5ac8ae02cf9e0872fe0f45","state":"applied"},{"name":"015_application_consent_text_version","checksum":"bb518329ba39771c0697155d75cb9701219b16c05d6468a795c48e770261edee","state":"applied"},{"name":"016_user_titles","checksum":"043ede312d09b85daf6f60cbebcc74adb99ff68d2a9c322ab3932f4ca0db4e83","state":"applied"},{"name":"017_deal_notes_gm_split","checksum":"cb8cc5ef51ea9baae90858fa774cf5dab6e1f86cf948a9a75718b41d67a005b7","state":"applied"},{"name":"018_lender_matcher_gates","checksum":"cc7df9b47f0119b2ddc249086feaf6084d78964bb6fec0e96239765c80c502cd","state":"applied"},{"name":"019_document_categories","checksum":"681bbfb3858c481d6d0cbe15d9c5f4129a783f28816a628a445dfeefc760d374","state":"applied"},{"name":"020_lender_submissions","checksum":"1ef5d4e359cd3626037a5ea45a08087aaf783b8816ad2b7e5be0301476719f48","state":"applied"},{"name":"021_lead_package_config","checksum":"ce5c5a0a00688d29b7bc5c5f4e35ad2797088defb969e36fd4d2c0cc1693e5f3","state":"applied"},{"name":"022_lender_submission_package_snapshots","checksum":"fc16b93c7a074a22888d8197a6a88b9bb8ff71283d912e3325add8ad330116f3","state":"applied"},{"name":"023_routing_and_marketing_ownership","checksum":"08da9afb034d57bc56219d1444cf5557775c23f71a8732169aa8ee244f0541ad","state":"applied"},{"name":"024_email_compliance_daily_budget","checksum":"bad7383e9ed8df253c20bd4bd8725a8773dc1d034fcba1c7417e3234fd14f530","state":"applied"},{"name":"025_usfa_intake","checksum":"6bb0033bd971fcf0d0a2274b01c78556799af5ee9738ec6b0d9f08f2b1170a50","state":"applied"},{"name":"026_usfa_intake_runtime_support","checksum":"9d13c871f3c5799751e2698cd6771636b6e4b337ef9098f8e7b5674a69888b55","state":"applied"},{"name":"028_merge_going_to_funding_stage","checksum":"09d6ed0446929d5f0f8c47a7799a2ea8b006854a919a8702cd0dafb4bcc0dce4","state":"applied"},{"name":"029_deal_approvals","checksum":"90b2d5390a2560b35c2f15981cd3087de9ea3d3b937b55edbaffa819b46a3c39","state":"applied"},{"name":"030_add_application_collateral","checksum":"33c910dadd587a5cc37c2f499c4f185a9b8e3cdb624a515b9ae2b967fb583fdb","state":"applied"},{"name":"031_collateral_library","checksum":"adbd86747569c0b02956d5b38debfc81e326c874aa7bbede7a73398d95fde4b3","state":"applied"},{"name":"032_finance_application_collateral","checksum":"57c07e85f37a80aae9c0c2ea3f2f2445887b4728386f4dfcfe3f0e776c25804c","state":"applied"},{"name":"033_lender_submission_review_fields","checksum":"1de8df04ade0e8160715e4716908b05ba4e2425a85c4c5cb951083ca827efa6d","state":"applied"},{"name":"034_application_sms_consent","checksum":"1831bc9ac93e3e9dfd6234caef56c3e0ccdf06d18fa623db53a192a8224623b5","state":"applied"},{"name":"035_user_identities","checksum":"184edad6d31e1bf079ab45da6fd691608d37783cb710d5a031c21dc7067cbdbd","state":"applied"},{"name":"036_partners_contacts","checksum":"35f6d26c0369bd046876d06ad7abfe636c499ddf4d4786bdb4c28e19f59952c9","state":"applied"},{"name":"037_partner_flows_and_texting","checksum":"31de09eb3327b34727006e986f2d593a71c6851ffc832674bda61beac6b8b223","state":"applied"},{"name":"038_partner_texting","checksum":"3bb622d378f1f73eef3accec85e51608cddb7e9cf08f1b10c7056642ecaeb29d","state":"applied"},{"name":"039_ridgestone_partner_profile","checksum":"4a1bba89fc6a725f23ce8468df1ebad33d27c4b92315816a7392c7c0f59bc23c","state":"applied"},{"name":"040_release_schema_parity","checksum":"5828af4a1b3664252cd0eb52506626bf14948bf5851e6882c2842ae44dbcb179","state":"applied"},{"name":"041_push_notifications","checksum":"2e45ec1de0773fb243dd51d60ba27df5a4a107aa4af86b5774d097349ba996b0","state":"applied"},{"name":"042_push_delivery_ledger","checksum":"d2f191455da390cbdebcd3b87aa377fbcb08044b9707078b2d39ddf0f4ee6e7a","state":"applied"},{"name":"043_align_push_schema","checksum":"73e384983cab81b55914dc905884eb2c4229169b699b8618fafa26ad7027365b","state":"applied"},{"name":"044_notification_delivery_claims","checksum":"efaec622e931eb624efec6a658a473bd09159e704b317e602e9a1a16d3c6a295","state":"applied"},{"name":"045_application_equipment_category_homeowner","checksum":"5e04725aaa480af54a339ba1d1414d35ea4033cba59825b79276aca6c29a7fc9","state":"applied"},{"name":"046_complete_partner_contacts_recovery","checksum":"598d709d7fac1b3f4497cc6da7118b7b12b4bbdb87c26f1ec534c3989230751c","state":"applied"},{"name":"047_partner_contacts_prerequisite","checksum":"d9c8ade860b0dd7d4dd7281c437a0b961f3b6cd3d305f87ade6fa18c78364399","state":"applied"},{"name":"048_financing_campaign_draft","checksum":"e32cc9a267265db14871d7980065623138873a1b0a019fe2f28f6261b0a898b7","state":"applied"},{"name":"049_lender_underwriting_intelligence","checksum":"ac06ab7c7670b7884d100e849a404a0dca67d2d48fc2fe90cdbe8df9753b5624","state":"applied"},{"name":"050_lender_guideline_versions","checksum":"38e3ec493dfb3963c10cece011d62ebed00daeb6b253943f35ba094559dcd458","state":"applied"},{"name":"051_users_role_default_pending","checksum":"04cee486a4d7fcd49bb92db32f230baa7f8af7016d6d31912367b354d7d204e4","state":"applied"},{"name":"052_reusable_campaign_launcher","checksum":"cfd8d92a060e40ce3710a761f674325d43078fac3cfea6144c74b51bd9f87959","state":"applied"},{"name":"053_campaign_preview_approval_snapshots","checksum":"cac7747dfd8f3aa3467bfb26c30ddde4e736b10ef2882a1d4d25d9b9e2f03e27","state":"applied"},{"name":"054_campaign_preview_recipient_snapshots","checksum":"efc6aaf9e7a82359f63d725c5963d1ffba1f8b70e45db9d2b9e3e42a10890ddc","state":"applied"},{"name":"055_campaign_launch_execution_leases","checksum":"2bc3bc65a6b5ee415a7be5298e77412fd6df21aafe61e136fca0610924c829af","state":"applied"},{"name":"056_campaign_flyer","checksum":"4cddc8265dc8e756366b921a5e174fc2a01e0415902025cff5462f203e9294f3","state":"applied"},{"name":"057_telephony_settings","checksum":"a4687cf976ff9c566c1bc415d62dd69aa21b8e5e5ba9830b976669a3a45ef343","state":"applied"},{"name":"058_telephony_business_defaults","checksum":"8f06131c93a39bd45f852e9a9ee54e2902e2685924b56749d1da4fffacfff018","state":"applied"},{"name":"059_inbound_voice_settings","checksum":"6099effcdbb354a180973b1be07d9a001d5111bfb3d3ce6e1b1b8c7562ef9955","state":"applied"},{"name":"060_inbound_voice_array_defaults","checksum":"4f119252a69277b176a7dd109395be85ff71aeb2529fee7b1fdc42ab34da4162","state":"applied"},{"name":"061_telephony_completion","checksum":"8df6562600dbe97028914991d1a1676d959dff39a13714c66217baab42e661a2","state":"applied"},{"name":"062_email_readiness_daily_cap","checksum":"e477ea7fe3fe02de4e97a67d5c507cad004b93a65efb9f0bd28921b913967470","state":"applied"},{"name":"063_lead_vertical","checksum":"58327cfc2b57fc66b0c8576e114625dab4e742d1eb7fba436e801080c4166f05","state":"applied"},{"name":"064_collateral_flyer_library","checksum":"6ee2b26ee412d85fa177a3c2cf5dcf0dad693cbab1836dedc081f36842eed29a","state":"applied"},{"name":"065_campaign_flyer_link_vendor_template","checksum":"e8296fc3f597f8e2e60e073eff6b466ee2e5a25e80ad86375ef7d2416c1f2b6b","state":"applied"},{"name":"066_bundled_vendor_equipment_flyers","checksum":"8cdd91542020c136efbaf0a703bb7aa3b93a14472d97b4e50455bfaa0994a26e","state":"applied"},{"name":"067_campaign_attribution","checksum":"f2990978aa8e8a905a11dd746986b21e89a97d428474651a703d97559b2988ba","state":"superseded"},{"name":"068_campaign_attribution_fk_names","checksum":"061300fbfd0a7a899ca5141094b960b1507703247aa103264912e62ce688df66","state":"applied"},{"name":"069_campaign_attribution_recovery","checksum":"6cec18c4f246402baa5387fd182ae181cf2ba3fa11d34472b1101bdcc883c7f0","state":"applied"}]},"ddlBatches":0,"postgresDdlStatements":0,"catalogBefore":"3ac4d87cbde8b0f448aa8574203064cbc7c42a7208022fe051c5cc16e0f5a0de","catalogAfter":"3ac4d87cbde8b0f448aa8574203064cbc7c42a7208022fe051c5cc16e0f5a0de","boot":{"http":200,"phase":"ready","schemaFailure":false},"verdict":"PASS"}
BOOT {"status":"ok","phase":"ready"}
{"level":"info","event":"api_startup_listener_ready","port":46561}
{"level":30,"time":1791400309113,"pid":37432,"hostname":"repl","msg":"SENTRY_DSN not set — Sentry error tracking disabled"}
{"level":30,"time":1791400309119,"pid":37432,"hostname":"repl","clerkFapiHost":"frontend-api.clerk.dev","publishableKeyHost":"select-humpback-65.clerk.accounts.dev","publishableKeyPrefix":"pk_test","secretKeyPrefix":"sk_test","proxyRevision":"2026-09-19.1","msg":"Clerk production proxy FAPI host resolved"}
{"level":40,"time":1791400309121,"pid":37432,"hostname":"repl","msg":"ALLOWED_ORIGINS is not set in production — all CORS origins will be rejected"}
{"level":30,"time":1791400309207,"pid":37432,"hostname":"repl","msg":"schema OK — applied 0 (), 69 total"}
{"level":30,"time":1791400309208,"pid":37432,"hostname":"repl","msg":"Drip automation is disarmed"}
{"level":30,"time":1791400309209,"pid":37432,"hostname":"repl","msg":"USFA sheet poller disarmed: Google service account credentials are not configured or invalid"}
{"level":30,"time":1791400309210,"pid":37432,"hostname":"repl","msg":"USFA application poller disarmed: Gmail delegation or Object Storage is not configured"}
{"level":"info","event":"api_application_ready","port":46561}
{"level":30,"time":1791400309258,"pid":37432,"hostname":"repl","msg":"Seeded 6 default workflow rules"}

069 RAW SQL REPLAY TWICE: catalog unchanged PASS
ATTRIBUTION-REHEARSAL {"scenario":"partial-profile","sourceKind":"isolated-metadata-matched-fixture-not-production-data","ledgerBefore":{"count":67,"rows":[{"name":"000_baseline","checksum":"a07aee3fbf5a174ff94c05859a401cac808b0c89435fd834e4bae09e75117902","state":"applied"},{"name":"001_create_credit_tables","checksum":"5a3914c1b6bad5369a994291aac3617ceda45e98b0401a50a2cb861662f8c881","state":"applied"},{"name":"002_rep_slugs","checksum":"46d83e32152a948c363f6ca17dc92bd9d9f2a91c79f08929af4c9035384c9672","state":"applied"},{"name":"003_deals","checksum":"ed582ec3e291049d0c411d9793704802cccd64cae108a7a00735890b28eaa233","state":"applied"},{"name":"004_deal_intended_rep_slug","checksum":"34b24e6e50cdfe1ea9922f458f33309c92c6e9680fe138eb1172e4fe49a7c26c","state":"applied"},{"name":"005_lead_distribution_settings","checksum":"f3ea1cd2887f39f9cc5d2cd66c3a1626d36b43c0b84e5fef0a0e4946dc2d46a4","state":"applied"},{"name":"006_drip_sequence_ownership","checksum":"09459bd62d55597d4758b75d593810755d14a6076c186127d5134614cb0380ba","state":"applied"},{"name":"007_lead_staleness_threshold","checksum":"2771bb13b11489bf588742b6e2f461474e4f17e2835abeee158be1652f9ebb95","state":"applied"},{"name":"008_email_safety_settings","checksum":"9d9805015f069ad2bb33abff0150018397a02a4caf0b8d6de28400a9e54d2400","state":"applied"},{"name":"009_email_send_failure_reason","checksum":"b6e7000f176009602ea54453ef8fec4e0dd379024caa68f7d26292ef8b5765f0","state":"applied"},{"name":"010_email_webhook_events","checksum":"c215003f45148264d1bd30add3e2d82d017a7492e10ea51da1f348a808eaa9d3","state":"applied"},{"name":"011_email_rate_slots","checksum":"b4efc9d24cb78f72f9baa9809823c3e75159c9cc66ba0c0361a4d98d45ddbdb4","state":"applied"},{"name":"012_application_signature","checksum":"5c42b2d9a3f7c5dd7e06f132413384e331077ad632883e12bc609cbd2eee2c8d","state":"applied"},{"name":"013_retired_rep_slugs","checksum":"88acbb2d9265cc349e3aaf0e8ef79f1f2edb4af417d0e6bcbdfa8e4d6f1b7c30","state":"applied"},{"name":"014_application_optional_fields","checksum":"2fc4bea96e83512ab1ddd4c9bb670a2ef55b5836fb5ac8ae02cf9e0872fe0f45","state":"applied"},{"name":"015_application_consent_text_version","checksum":"bb518329ba39771c0697155d75cb9701219b16c05d6468a795c48e770261edee","state":"applied"},{"name":"016_user_titles","checksum":"043ede312d09b85daf6f60cbebcc74adb99ff68d2a9c322ab3932f4ca0db4e83","state":"applied"},{"name":"017_deal_notes_gm_split","checksum":"cb8cc5ef51ea9baae90858fa774cf5dab6e1f86cf948a9a75718b41d67a005b7","state":"applied"},{"name":"018_lender_matcher_gates","checksum":"cc7df9b47f0119b2ddc249086feaf6084d78964bb6fec0e96239765c80c502cd","state":"applied"},{"name":"019_document_categories","checksum":"681bbfb3858c481d6d0cbe15d9c5f4129a783f28816a628a445dfeefc760d374","state":"applied"},{"name":"020_lender_submissions","checksum":"1ef5d4e359cd3626037a5ea45a08087aaf783b8816ad2b7e5be0301476719f48","state":"applied"},{"name":"021_lead_package_config","checksum":"ce5c5a0a00688d29b7bc5c5f4e35ad2797088defb969e36fd4d2c0cc1693e5f3","state":"applied"},{"name":"022_lender_submission_package_snapshots","checksum":"fc16b93c7a074a22888d8197a6a88b9bb8ff71283d912e3325add8ad330116f3","state":"applied"},{"name":"023_routing_and_marketing_ownership","checksum":"08da9afb034d57bc56219d1444cf5557775c23f71a8732169aa8ee244f0541ad","state":"applied"},{"name":"024_email_compliance_daily_budget","checksum":"bad7383e9ed8df253c20bd4bd8725a8773dc1d034fcba1c7417e3234fd14f530","state":"applied"},{"name":"025_usfa_intake","checksum":"6bb0033bd971fcf0d0a2274b01c78556799af5ee9738ec6b0d9f08f2b1170a50","state":"applied"},{"name":"026_usfa_intake_runtime_support","checksum":"9d13c871f3c5799751e2698cd6771636b6e4b337ef9098f8e7b5674a69888b55","state":"applied"},{"name":"028_merge_going_to_funding_stage","checksum":"09d6ed0446929d5f0f8c47a7799a2ea8b006854a919a8702cd0dafb4bcc0dce4","state":"applied"},{"name":"029_deal_approvals","checksum":"90b2d5390a2560b35c2f15981cd3087de9ea3d3b937b55edbaffa819b46a3c39","state":"applied"},{"name":"030_add_application_collateral","checksum":"33c910dadd587a5cc37c2f499c4f185a9b8e3cdb624a515b9ae2b967fb583fdb","state":"applied"},{"name":"031_collateral_library","checksum":"adbd86747569c0b02956d5b38debfc81e326c874aa7bbede7a73398d95fde4b3","state":"applied"},{"name":"032_finance_application_collateral","checksum":"57c07e85f37a80aae9c0c2ea3f2f2445887b4728386f4dfcfe3f0e776c25804c","state":"applied"},{"name":"033_lender_submission_review_fields","checksum":"1de8df04ade0e8160715e4716908b05ba4e2425a85c4c5cb951083ca827efa6d","state":"applied"},{"name":"034_application_sms_consent","checksum":"1831bc9ac93e3e9dfd6234caef56c3e0ccdf06d18fa623db53a192a8224623b5","state":"applied"},{"name":"035_user_identities","checksum":"184edad6d31e1bf079ab45da6fd691608d37783cb710d5a031c21dc7067cbdbd","state":"applied"},{"name":"036_partners_contacts","checksum":"35f6d26c0369bd046876d06ad7abfe636c499ddf4d4786bdb4c28e19f59952c9","state":"applied"},{"name":"037_partner_flows_and_texting","checksum":"31de09eb3327b34727006e986f2d593a71c6851ffc832674bda61beac6b8b223","state":"applied"},{"name":"038_partner_texting","checksum":"3bb622d378f1f73eef3accec85e51608cddb7e9cf08f1b10c7056642ecaeb29d","state":"applied"},{"name":"039_ridgestone_partner_profile","checksum":"4a1bba89fc6a725f23ce8468df1ebad33d27c4b92315816a7392c7c0f59bc23c","state":"applied"},{"name":"040_release_schema_parity","checksum":"5828af4a1b3664252cd0eb52506626bf14948bf5851e6882c2842ae44dbcb179","state":"applied"},{"name":"041_push_notifications","checksum":"2e45ec1de0773fb243dd51d60ba27df5a4a107aa4af86b5774d097349ba996b0","state":"applied"},{"name":"042_push_delivery_ledger","checksum":"d2f191455da390cbdebcd3b87aa377fbcb08044b9707078b2d39ddf0f4ee6e7a","state":"applied"},{"name":"043_align_push_schema","checksum":"73e384983cab81b55914dc905884eb2c4229169b699b8618fafa26ad7027365b","state":"applied"},{"name":"044_notification_delivery_claims","checksum":"efaec622e931eb624efec6a658a473bd09159e704b317e602e9a1a16d3c6a295","state":"applied"},{"name":"045_application_equipment_category_homeowner","checksum":"5e04725aaa480af54a339ba1d1414d35ea4033cba59825b79276aca6c29a7fc9","state":"applied"},{"name":"046_complete_partner_contacts_recovery","checksum":"598d709d7fac1b3f4497cc6da7118b7b12b4bbdb87c26f1ec534c3989230751c","state":"applied"},{"name":"047_partner_contacts_prerequisite","checksum":"d9c8ade860b0dd7d4dd7281c437a0b961f3b6cd3d305f87ade6fa18c78364399","state":"applied"},{"name":"048_financing_campaign_draft","checksum":"e32cc9a267265db14871d7980065623138873a1b0a019fe2f28f6261b0a898b7","state":"applied"},{"name":"049_lender_underwriting_intelligence","checksum":"ac06ab7c7670b7884d100e849a404a0dca67d2d48fc2fe90cdbe8df9753b5624","state":"applied"},{"name":"050_lender_guideline_versions","checksum":"38e3ec493dfb3963c10cece011d62ebed00daeb6b253943f35ba094559dcd458","state":"applied"},{"name":"051_users_role_default_pending","checksum":"04cee486a4d7fcd49bb92db32f230baa7f8af7016d6d31912367b354d7d204e4","state":"applied"},{"name":"052_reusable_campaign_launcher","checksum":"cfd8d92a060e40ce3710a761f674325d43078fac3cfea6144c74b51bd9f87959","state":"applied"},{"name":"053_campaign_preview_approval_snapshots","checksum":"cac7747dfd8f3aa3467bfb26c30ddde4e736b10ef2882a1d4d25d9b9e2f03e27","state":"applied"},{"name":"054_campaign_preview_recipient_snapshots","checksum":"efc6aaf9e7a82359f63d725c5963d1ffba1f8b70e45db9d2b9e3e42a10890ddc","state":"applied"},{"name":"055_campaign_launch_execution_leases","checksum":"2bc3bc65a6b5ee415a7be5298e77412fd6df21aafe61e136fca0610924c829af","state":"applied"},{"name":"056_campaign_flyer","checksum":"4cddc8265dc8e756366b921a5e174fc2a01e0415902025cff5462f203e9294f3","state":"applied"},{"name":"057_telephony_settings","checksum":"a4687cf976ff9c566c1bc415d62dd69aa21b8e5e5ba9830b976669a3a45ef343","state":"applied"},{"name":"058_telephony_business_defaults","checksum":"8f06131c93a39bd45f852e9a9ee54e2902e2685924b56749d1da4fffacfff018","state":"applied"},{"name":"059_inbound_voice_settings","checksum":"6099effcdbb354a180973b1be07d9a001d5111bfb3d3ce6e1b1b8c7562ef9955","state":"applied"},{"name":"060_inbound_voice_array_defaults","checksum":"4f119252a69277b176a7dd109395be85ff71aeb2529fee7b1fdc42ab34da4162","state":"applied"},{"name":"061_telephony_completion","checksum":"8df6562600dbe97028914991d1a1676d959dff39a13714c66217baab42e661a2","state":"applied"},{"name":"062_email_readiness_daily_cap","checksum":"e477ea7fe3fe02de4e97a67d5c507cad004b93a65efb9f0bd28921b913967470","state":"applied"},{"name":"063_lead_vertical","checksum":"58327cfc2b57fc66b0c8576e114625dab4e742d1eb7fba436e801080c4166f05","state":"applied"},{"name":"064_collateral_flyer_library","checksum":"6ee2b26ee412d85fa177a3c2cf5dcf0dad693cbab1836dedc081f36842eed29a","state":"applied"},{"name":"065_campaign_flyer_link_vendor_template","checksum":"e8296fc3f597f8e2e60e073eff6b466ee2e5a25e80ad86375ef7d2416c1f2b6b","state":"applied"},{"name":"066_bundled_vendor_equipment_flyers","checksum":"8cdd91542020c136efbaf0a703bb7aa3b93a14472d97b4e50455bfaa0994a26e","state":"applied"},{"name":"067_campaign_attribution","checksum":"f2990978aa8e8a905a11dd746986b21e89a97d428474651a703d97559b2988ba","state":"failed"}]},"ledgerAfter":{"count":69,"rows":[{"name":"000_baseline","checksum":"a07aee3fbf5a174ff94c05859a401cac808b0c89435fd834e4bae09e75117902","state":"applied"},{"name":"001_create_credit_tables","checksum":"5a3914c1b6bad5369a994291aac3617ceda45e98b0401a50a2cb861662f8c881","state":"applied"},{"name":"002_rep_slugs","checksum":"46d83e32152a948c363f6ca17dc92bd9d9f2a91c79f08929af4c9035384c9672","state":"applied"},{"name":"003_deals","checksum":"ed582ec3e291049d0c411d9793704802cccd64cae108a7a00735890b28eaa233","state":"applied"},{"name":"004_deal_intended_rep_slug","checksum":"34b24e6e50cdfe1ea9922f458f33309c92c6e9680fe138eb1172e4fe49a7c26c","state":"applied"},{"name":"005_lead_distribution_settings","checksum":"f3ea1cd2887f39f9cc5d2cd66c3a1626d36b43c0b84e5fef0a0e4946dc2d46a4","state":"applied"},{"name":"006_drip_sequence_ownership","checksum":"09459bd62d55597d4758b75d593810755d14a6076c186127d5134614cb0380ba","state":"applied"},{"name":"007_lead_staleness_threshold","checksum":"2771bb13b11489bf588742b6e2f461474e4f17e2835abeee158be1652f9ebb95","state":"applied"},{"name":"008_email_safety_settings","checksum":"9d9805015f069ad2bb33abff0150018397a02a4caf0b8d6de28400a9e54d2400","state":"applied"},{"name":"009_email_send_failure_reason","checksum":"b6e7000f176009602ea54453ef8fec4e0dd379024caa68f7d26292ef8b5765f0","state":"applied"},{"name":"010_email_webhook_events","checksum":"c215003f45148264d1bd30add3e2d82d017a7492e10ea51da1f348a808eaa9d3","state":"applied"},{"name":"011_email_rate_slots","checksum":"b4efc9d24cb78f72f9baa9809823c3e75159c9cc66ba0c0361a4d98d45ddbdb4","state":"applied"},{"name":"012_application_signature","checksum":"5c42b2d9a3f7c5dd7e06f132413384e331077ad632883e12bc609cbd2eee2c8d","state":"applied"},{"name":"013_retired_rep_slugs","checksum":"88acbb2d9265cc349e3aaf0e8ef79f1f2edb4af417d0e6bcbdfa8e4d6f1b7c30","state":"applied"},{"name":"014_application_optional_fields","checksum":"2fc4bea96e83512ab1ddd4c9bb670a2ef55b5836fb5ac8ae02cf9e0872fe0f45","state":"applied"},{"name":"015_application_consent_text_version","checksum":"bb518329ba39771c0697155d75cb9701219b16c05d6468a795c48e770261edee","state":"applied"},{"name":"016_user_titles","checksum":"043ede312d09b85daf6f60cbebcc74adb99ff68d2a9c322ab3932f4ca0db4e83","state":"applied"},{"name":"017_deal_notes_gm_split","checksum":"cb8cc5ef51ea9baae90858fa774cf5dab6e1f86cf948a9a75718b41d67a005b7","state":"applied"},{"name":"018_lender_matcher_gates","checksum":"cc7df9b47f0119b2ddc249086feaf6084d78964bb6fec0e96239765c80c502cd","state":"applied"},{"name":"019_document_categories","checksum":"681bbfb3858c481d6d0cbe15d9c5f4129a783f28816a628a445dfeefc760d374","state":"applied"},{"name":"020_lender_submissions","checksum":"1ef5d4e359cd3626037a5ea45a08087aaf783b8816ad2b7e5be0301476719f48","state":"applied"},{"name":"021_lead_package_config","checksum":"ce5c5a0a00688d29b7bc5c5f4e35ad2797088defb969e36fd4d2c0cc1693e5f3","state":"applied"},{"name":"022_lender_submission_package_snapshots","checksum":"fc16b93c7a074a22888d8197a6a88b9bb8ff71283d912e3325add8ad330116f3","state":"applied"},{"name":"023_routing_and_marketing_ownership","checksum":"08da9afb034d57bc56219d1444cf5557775c23f71a8732169aa8ee244f0541ad","state":"applied"},{"name":"024_email_compliance_daily_budget","checksum":"bad7383e9ed8df253c20bd4bd8725a8773dc1d034fcba1c7417e3234fd14f530","state":"applied"},{"name":"025_usfa_intake","checksum":"6bb0033bd971fcf0d0a2274b01c78556799af5ee9738ec6b0d9f08f2b1170a50","state":"applied"},{"name":"026_usfa_intake_runtime_support","checksum":"9d13c871f3c5799751e2698cd6771636b6e4b337ef9098f8e7b5674a69888b55","state":"applied"},{"name":"028_merge_going_to_funding_stage","checksum":"09d6ed0446929d5f0f8c47a7799a2ea8b006854a919a8702cd0dafb4bcc0dce4","state":"applied"},{"name":"029_deal_approvals","checksum":"90b2d5390a2560b35c2f15981cd3087de9ea3d3b937b55edbaffa819b46a3c39","state":"applied"},{"name":"030_add_application_collateral","checksum":"33c910dadd587a5cc37c2f499c4f185a9b8e3cdb624a515b9ae2b967fb583fdb","state":"applied"},{"name":"031_collateral_library","checksum":"adbd86747569c0b02956d5b38debfc81e326c874aa7bbede7a73398d95fde4b3","state":"applied"},{"name":"032_finance_application_collateral","checksum":"57c07e85f37a80aae9c0c2ea3f2f2445887b4728386f4dfcfe3f0e776c25804c","state":"applied"},{"name":"033_lender_submission_review_fields","checksum":"1de8df04ade0e8160715e4716908b05ba4e2425a85c4c5cb951083ca827efa6d","state":"applied"},{"name":"034_application_sms_consent","checksum":"1831bc9ac93e3e9dfd6234caef56c3e0ccdf06d18fa623db53a192a8224623b5","state":"applied"},{"name":"035_user_identities","checksum":"184edad6d31e1bf079ab45da6fd691608d37783cb710d5a031c21dc7067cbdbd","state":"applied"},{"name":"036_partners_contacts","checksum":"35f6d26c0369bd046876d06ad7abfe636c499ddf4d4786bdb4c28e19f59952c9","state":"applied"},{"name":"037_partner_flows_and_texting","checksum":"31de09eb3327b34727006e986f2d593a71c6851ffc832674bda61beac6b8b223","state":"applied"},{"name":"038_partner_texting","checksum":"3bb622d378f1f73eef3accec85e51608cddb7e9cf08f1b10c7056642ecaeb29d","state":"applied"},{"name":"039_ridgestone_partner_profile","checksum":"4a1bba89fc6a725f23ce8468df1ebad33d27c4b92315816a7392c7c0f59bc23c","state":"applied"},{"name":"040_release_schema_parity","checksum":"5828af4a1b3664252cd0eb52506626bf14948bf5851e6882c2842ae44dbcb179","state":"applied"},{"name":"041_push_notifications","checksum":"2e45ec1de0773fb243dd51d60ba27df5a4a107aa4af86b5774d097349ba996b0","state":"applied"},{"name":"042_push_delivery_ledger","checksum":"d2f191455da390cbdebcd3b87aa377fbcb08044b9707078b2d39ddf0f4ee6e7a","state":"applied"},{"name":"043_align_push_schema","checksum":"73e384983cab81b55914dc905884eb2c4229169b699b8618fafa26ad7027365b","state":"applied"},{"name":"044_notification_delivery_claims","checksum":"efaec622e931eb624efec6a658a473bd09159e704b317e602e9a1a16d3c6a295","state":"applied"},{"name":"045_application_equipment_category_homeowner","checksum":"5e04725aaa480af54a339ba1d1414d35ea4033cba59825b79276aca6c29a7fc9","state":"applied"},{"name":"046_complete_partner_contacts_recovery","checksum":"598d709d7fac1b3f4497cc6da7118b7b12b4bbdb87c26f1ec534c3989230751c","state":"applied"},{"name":"047_partner_contacts_prerequisite","checksum":"d9c8ade860b0dd7d4dd7281c437a0b961f3b6cd3d305f87ade6fa18c78364399","state":"applied"},{"name":"048_financing_campaign_draft","checksum":"e32cc9a267265db14871d7980065623138873a1b0a019fe2f28f6261b0a898b7","state":"applied"},{"name":"049_lender_underwriting_intelligence","checksum":"ac06ab7c7670b7884d100e849a404a0dca67d2d48fc2fe90cdbe8df9753b5624","state":"applied"},{"name":"050_lender_guideline_versions","checksum":"38e3ec493dfb3963c10cece011d62ebed00daeb6b253943f35ba094559dcd458","state":"applied"},{"name":"051_users_role_default_pending","checksum":"04cee486a4d7fcd49bb92db32f230baa7f8af7016d6d31912367b354d7d204e4","state":"applied"},{"name":"052_reusable_campaign_launcher","checksum":"cfd8d92a060e40ce3710a761f674325d43078fac3cfea6144c74b51bd9f87959","state":"applied"},{"name":"053_campaign_preview_approval_snapshots","checksum":"cac7747dfd8f3aa3467bfb26c30ddde4e736b10ef2882a1d4d25d9b9e2f03e27","state":"applied"},{"name":"054_campaign_preview_recipient_snapshots","checksum":"efc6aaf9e7a82359f63d725c5963d1ffba1f8b70e45db9d2b9e3e42a10890ddc","state":"applied"},{"name":"055_campaign_launch_execution_leases","checksum":"2bc3bc65a6b5ee415a7be5298e77412fd6df21aafe61e136fca0610924c829af","state":"applied"},{"name":"056_campaign_flyer","checksum":"4cddc8265dc8e756366b921a5e174fc2a01e0415902025cff5462f203e9294f3","state":"applied"},{"name":"057_telephony_settings","checksum":"a4687cf976ff9c566c1bc415d62dd69aa21b8e5e5ba9830b976669a3a45ef343","state":"applied"},{"name":"058_telephony_business_defaults","checksum":"8f06131c93a39bd45f852e9a9ee54e2902e2685924b56749d1da4fffacfff018","state":"applied"},{"name":"059_inbound_voice_settings","checksum":"6099effcdbb354a180973b1be07d9a001d5111bfb3d3ce6e1b1b8c7562ef9955","state":"applied"},{"name":"060_inbound_voice_array_defaults","checksum":"4f119252a69277b176a7dd109395be85ff71aeb2529fee7b1fdc42ab34da4162","state":"applied"},{"name":"061_telephony_completion","checksum":"8df6562600dbe97028914991d1a1676d959dff39a13714c66217baab42e661a2","state":"applied"},{"name":"062_email_readiness_daily_cap","checksum":"e477ea7fe3fe02de4e97a67d5c507cad004b93a65efb9f0bd28921b913967470","state":"applied"},{"name":"063_lead_vertical","checksum":"58327cfc2b57fc66b0c8576e114625dab4e742d1eb7fba436e801080c4166f05","state":"applied"},{"name":"064_collateral_flyer_library","checksum":"6ee2b26ee412d85fa177a3c2cf5dcf0dad693cbab1836dedc081f36842eed29a","state":"applied"},{"name":"065_campaign_flyer_link_vendor_template","checksum":"e8296fc3f597f8e2e60e073eff6b466ee2e5a25e80ad86375ef7d2416c1f2b6b","state":"applied"},{"name":"066_bundled_vendor_equipment_flyers","checksum":"8cdd91542020c136efbaf0a703bb7aa3b93a14472d97b4e50455bfaa0994a26e","state":"applied"},{"name":"067_campaign_attribution","checksum":"f2990978aa8e8a905a11dd746986b21e89a97d428474651a703d97559b2988ba","state":"superseded"},{"name":"068_campaign_attribution_fk_names","checksum":"061300fbfd0a7a899ca5141094b960b1507703247aa103264912e62ce688df66","state":"applied"},{"name":"069_campaign_attribution_recovery","checksum":"6cec18c4f246402baa5387fd182ae181cf2ba3fa11d34472b1101bdcc883c7f0","state":"applied"}]},"ddlBatches":3,"postgresDdlStatements":3,"catalogBefore":"fac486ab1cb853b0237be9fa25c986ba7ba283d88c2636a858cf8bb88cbc2a1c","catalogAfter":"602c484a50ed26f015e0359013d3b604b089b958f53b84905319e561df6cd9a3","boot":{"http":200,"phase":"ready","schemaFailure":false},"verdict":"PASS"}
BOOT {"status":"ok","phase":"ready"}
{"level":"info","event":"api_startup_listener_ready","port":33623}
{"level":30,"time":1791400315736,"pid":37450,"hostname":"repl","msg":"SENTRY_DSN not set — Sentry error tracking disabled"}
{"level":30,"time":1791400315741,"pid":37450,"hostname":"repl","clerkFapiHost":"frontend-api.clerk.dev","publishableKeyHost":"select-humpback-65.clerk.accounts.dev","publishableKeyPrefix":"pk_test","secretKeyPrefix":"sk_test","proxyRevision":"2026-09-19.1","msg":"Clerk production proxy FAPI host resolved"}
{"level":40,"time":1791400315743,"pid":37450,"hostname":"repl","msg":"ALLOWED_ORIGINS is not set in production — all CORS origins will be rejected"}
{"level":30,"time":1791400315833,"pid":37450,"hostname":"repl","msg":"schema OK — applied 0 (), 69 total"}
{"level":30,"time":1791400315834,"pid":37450,"hostname":"repl","msg":"Drip automation is disarmed"}
{"level":30,"time":1791400315835,"pid":37450,"hostname":"repl","msg":"USFA sheet poller disarmed: Google service account credentials are not configured or invalid"}
{"level":30,"time":1791400315835,"pid":37450,"hostname":"repl","msg":"USFA application poller disarmed: Gmail delegation or Object Storage is not configured"}
{"level":"info","event":"api_application_ready","port":33623}
{"level":30,"time":1791400315855,"pid":37450,"hostname":"repl","msg":"Seeded 6 default workflow rules"}

ATTRIBUTION-REHEARSAL {"scenario":"fresh-empty","sourceKind":"isolated-metadata-matched-fixture-not-production-data","ledgerBefore":{"rows":[],"count":0},"ledgerAfter":{"count":69,"rows":[{"name":"000_baseline","checksum":"a07aee3fbf5a174ff94c05859a401cac808b0c89435fd834e4bae09e75117902","state":"applied"},{"name":"001_create_credit_tables","checksum":"5a3914c1b6bad5369a994291aac3617ceda45e98b0401a50a2cb861662f8c881","state":"applied"},{"name":"002_rep_slugs","checksum":"46d83e32152a948c363f6ca17dc92bd9d9f2a91c79f08929af4c9035384c9672","state":"applied"},{"name":"003_deals","checksum":"ed582ec3e291049d0c411d9793704802cccd64cae108a7a00735890b28eaa233","state":"applied"},{"name":"004_deal_intended_rep_slug","checksum":"34b24e6e50cdfe1ea9922f458f33309c92c6e9680fe138eb1172e4fe49a7c26c","state":"applied"},{"name":"005_lead_distribution_settings","checksum":"f3ea1cd2887f39f9cc5d2cd66c3a1626d36b43c0b84e5fef0a0e4946dc2d46a4","state":"applied"},{"name":"006_drip_sequence_ownership","checksum":"09459bd62d55597d4758b75d593810755d14a6076c186127d5134614cb0380ba","state":"applied"},{"name":"007_lead_staleness_threshold","checksum":"2771bb13b11489bf588742b6e2f461474e4f17e2835abeee158be1652f9ebb95","state":"applied"},{"name":"008_email_safety_settings","checksum":"9d9805015f069ad2bb33abff0150018397a02a4caf0b8d6de28400a9e54d2400","state":"applied"},{"name":"009_email_send_failure_reason","checksum":"b6e7000f176009602ea54453ef8fec4e0dd379024caa68f7d26292ef8b5765f0","state":"applied"},{"name":"010_email_webhook_events","checksum":"c215003f45148264d1bd30add3e2d82d017a7492e10ea51da1f348a808eaa9d3","state":"applied"},{"name":"011_email_rate_slots","checksum":"b4efc9d24cb78f72f9baa9809823c3e75159c9cc66ba0c0361a4d98d45ddbdb4","state":"applied"},{"name":"012_application_signature","checksum":"5c42b2d9a3f7c5dd7e06f132413384e331077ad632883e12bc609cbd2eee2c8d","state":"applied"},{"name":"013_retired_rep_slugs","checksum":"88acbb2d9265cc349e3aaf0e8ef79f1f2edb4af417d0e6bcbdfa8e4d6f1b7c30","state":"applied"},{"name":"014_application_optional_fields","checksum":"2fc4bea96e83512ab1ddd4c9bb670a2ef55b5836fb5ac8ae02cf9e0872fe0f45","state":"applied"},{"name":"015_application_consent_text_version","checksum":"bb518329ba39771c0697155d75cb9701219b16c05d6468a795c48e770261edee","state":"applied"},{"name":"016_user_titles","checksum":"043ede312d09b85daf6f60cbebcc74adb99ff68d2a9c322ab3932f4ca0db4e83","state":"applied"},{"name":"017_deal_notes_gm_split","checksum":"cb8cc5ef51ea9baae90858fa774cf5dab6e1f86cf948a9a75718b41d67a005b7","state":"applied"},{"name":"018_lender_matcher_gates","checksum":"cc7df9b47f0119b2ddc249086feaf6084d78964bb6fec0e96239765c80c502cd","state":"applied"},{"name":"019_document_categories","checksum":"681bbfb3858c481d6d0cbe15d9c5f4129a783f28816a628a445dfeefc760d374","state":"applied"},{"name":"020_lender_submissions","checksum":"1ef5d4e359cd3626037a5ea45a08087aaf783b8816ad2b7e5be0301476719f48","state":"applied"},{"name":"021_lead_package_config","checksum":"ce5c5a0a00688d29b7bc5c5f4e35ad2797088defb969e36fd4d2c0cc1693e5f3","state":"applied"},{"name":"022_lender_submission_package_snapshots","checksum":"fc16b93c7a074a22888d8197a6a88b9bb8ff71283d912e3325add8ad330116f3","state":"applied"},{"name":"023_routing_and_marketing_ownership","checksum":"08da9afb034d57bc56219d1444cf5557775c23f71a8732169aa8ee244f0541ad","state":"applied"},{"name":"024_email_compliance_daily_budget","checksum":"bad7383e9ed8df253c20bd4bd8725a8773dc1d034fcba1c7417e3234fd14f530","state":"applied"},{"name":"025_usfa_intake","checksum":"6bb0033bd971fcf0d0a2274b01c78556799af5ee9738ec6b0d9f08f2b1170a50","state":"applied"},{"name":"026_usfa_intake_runtime_support","checksum":"9d13c871f3c5799751e2698cd6771636b6e4b337ef9098f8e7b5674a69888b55","state":"applied"},{"name":"028_merge_going_to_funding_stage","checksum":"09d6ed0446929d5f0f8c47a7799a2ea8b006854a919a8702cd0dafb4bcc0dce4","state":"applied"},{"name":"029_deal_approvals","checksum":"90b2d5390a2560b35c2f15981cd3087de9ea3d3b937b55edbaffa819b46a3c39","state":"applied"},{"name":"030_add_application_collateral","checksum":"33c910dadd587a5cc37c2f499c4f185a9b8e3cdb624a515b9ae2b967fb583fdb","state":"applied"},{"name":"031_collateral_library","checksum":"adbd86747569c0b02956d5b38debfc81e326c874aa7bbede7a73398d95fde4b3","state":"applied"},{"name":"032_finance_application_collateral","checksum":"57c07e85f37a80aae9c0c2ea3f2f2445887b4728386f4dfcfe3f0e776c25804c","state":"applied"},{"name":"033_lender_submission_review_fields","checksum":"1de8df04ade0e8160715e4716908b05ba4e2425a85c4c5cb951083ca827efa6d","state":"applied"},{"name":"034_application_sms_consent","checksum":"1831bc9ac93e3e9dfd6234caef56c3e0ccdf06d18fa623db53a192a8224623b5","state":"applied"},{"name":"035_user_identities","checksum":"184edad6d31e1bf079ab45da6fd691608d37783cb710d5a031c21dc7067cbdbd","state":"applied"},{"name":"036_partners_contacts","checksum":"35f6d26c0369bd046876d06ad7abfe636c499ddf4d4786bdb4c28e19f59952c9","state":"applied"},{"name":"037_partner_flows_and_texting","checksum":"31de09eb3327b34727006e986f2d593a71c6851ffc832674bda61beac6b8b223","state":"applied"},{"name":"038_partner_texting","checksum":"3bb622d378f1f73eef3accec85e51608cddb7e9cf08f1b10c7056642ecaeb29d","state":"applied"},{"name":"039_ridgestone_partner_profile","checksum":"4a1bba89fc6a725f23ce8468df1ebad33d27c4b92315816a7392c7c0f59bc23c","state":"applied"},{"name":"040_release_schema_parity","checksum":"5828af4a1b3664252cd0eb52506626bf14948bf5851e6882c2842ae44dbcb179","state":"applied"},{"name":"041_push_notifications","checksum":"2e45ec1de0773fb243dd51d60ba27df5a4a107aa4af86b5774d097349ba996b0","state":"applied"},{"name":"042_push_delivery_ledger","checksum":"d2f191455da390cbdebcd3b87aa377fbcb08044b9707078b2d39ddf0f4ee6e7a","state":"applied"},{"name":"043_align_push_schema","checksum":"73e384983cab81b55914dc905884eb2c4229169b699b8618fafa26ad7027365b","state":"applied"},{"name":"044_notification_delivery_claims","checksum":"efaec622e931eb624efec6a658a473bd09159e704b317e602e9a1a16d3c6a295","state":"applied"},{"name":"045_application_equipment_category_homeowner","checksum":"5e04725aaa480af54a339ba1d1414d35ea4033cba59825b79276aca6c29a7fc9","state":"applied"},{"name":"046_complete_partner_contacts_recovery","checksum":"598d709d7fac1b3f4497cc6da7118b7b12b4bbdb87c26f1ec534c3989230751c","state":"applied"},{"name":"047_partner_contacts_prerequisite","checksum":"d9c8ade860b0dd7d4dd7281c437a0b961f3b6cd3d305f87ade6fa18c78364399","state":"applied"},{"name":"048_financing_campaign_draft","checksum":"e32cc9a267265db14871d7980065623138873a1b0a019fe2f28f6261b0a898b7","state":"applied"},{"name":"049_lender_underwriting_intelligence","checksum":"ac06ab7c7670b7884d100e849a404a0dca67d2d48fc2fe90cdbe8df9753b5624","state":"applied"},{"name":"050_lender_guideline_versions","checksum":"38e3ec493dfb3963c10cece011d62ebed00daeb6b253943f35ba094559dcd458","state":"applied"},{"name":"051_users_role_default_pending","checksum":"04cee486a4d7fcd49bb92db32f230baa7f8af7016d6d31912367b354d7d204e4","state":"applied"},{"name":"052_reusable_campaign_launcher","checksum":"cfd8d92a060e40ce3710a761f674325d43078fac3cfea6144c74b51bd9f87959","state":"applied"},{"name":"053_campaign_preview_approval_snapshots","checksum":"cac7747dfd8f3aa3467bfb26c30ddde4e736b10ef2882a1d4d25d9b9e2f03e27","state":"applied"},{"name":"054_campaign_preview_recipient_snapshots","checksum":"efc6aaf9e7a82359f63d725c5963d1ffba1f8b70e45db9d2b9e3e42a10890ddc","state":"applied"},{"name":"055_campaign_launch_execution_leases","checksum":"2bc3bc65a6b5ee415a7be5298e77412fd6df21aafe61e136fca0610924c829af","state":"applied"},{"name":"056_campaign_flyer","checksum":"4cddc8265dc8e756366b921a5e174fc2a01e0415902025cff5462f203e9294f3","state":"applied"},{"name":"057_telephony_settings","checksum":"a4687cf976ff9c566c1bc415d62dd69aa21b8e5e5ba9830b976669a3a45ef343","state":"applied"},{"name":"058_telephony_business_defaults","checksum":"8f06131c93a39bd45f852e9a9ee54e2902e2685924b56749d1da4fffacfff018","state":"applied"},{"name":"059_inbound_voice_settings","checksum":"6099effcdbb354a180973b1be07d9a001d5111bfb3d3ce6e1b1b8c7562ef9955","state":"applied"},{"name":"060_inbound_voice_array_defaults","checksum":"4f119252a69277b176a7dd109395be85ff71aeb2529fee7b1fdc42ab34da4162","state":"applied"},{"name":"061_telephony_completion","checksum":"8df6562600dbe97028914991d1a1676d959dff39a13714c66217baab42e661a2","state":"applied"},{"name":"062_email_readiness_daily_cap","checksum":"e477ea7fe3fe02de4e97a67d5c507cad004b93a65efb9f0bd28921b913967470","state":"applied"},{"name":"063_lead_vertical","checksum":"58327cfc2b57fc66b0c8576e114625dab4e742d1eb7fba436e801080c4166f05","state":"applied"},{"name":"064_collateral_flyer_library","checksum":"6ee2b26ee412d85fa177a3c2cf5dcf0dad693cbab1836dedc081f36842eed29a","state":"applied"},{"name":"065_campaign_flyer_link_vendor_template","checksum":"e8296fc3f597f8e2e60e073eff6b466ee2e5a25e80ad86375ef7d2416c1f2b6b","state":"applied"},{"name":"066_bundled_vendor_equipment_flyers","checksum":"8cdd91542020c136efbaf0a703bb7aa3b93a14472d97b4e50455bfaa0994a26e","state":"applied"},{"name":"067_campaign_attribution","checksum":"f2990978aa8e8a905a11dd746986b21e89a97d428474651a703d97559b2988ba","state":"applied"},{"name":"068_campaign_attribution_fk_names","checksum":"061300fbfd0a7a899ca5141094b960b1507703247aa103264912e62ce688df66","state":"applied"},{"name":"069_campaign_attribution_recovery","checksum":"6cec18c4f246402baa5387fd182ae181cf2ba3fa11d34472b1101bdcc883c7f0","state":"applied"}]},"ddlBatches":68,"postgresDdlStatements":65,"catalogBefore":"f3aaf7b36a1979fa8eb0d3f37b64b3bc600229946ec0294b71e0bf595c3a1036","catalogAfter":"602c484a50ed26f015e0359013d3b604b089b958f53b84905319e561df6cd9a3","boot":{"http":200,"phase":"ready","schemaFailure":false},"verdict":"PASS"}
ATTRIBUTION RECOVERY REHEARSAL PASS scenarios=4
MIGRATION REHEARSAL PASS
PREFLIGHT 11/11: database divergence

> workspace@0.0.0 db:divergence /home/runner/workspace/.local/campaign-remaining-source
> pnpm --silent --dir scripts exec tsx ./src/db-divergence.ts

Clone-only ledger rows: none
Dev-only ledger rows: none
Changed ledger rows: none
Clone-only tables: none
Dev-only tables: none
Clone-only columns: none
Dev-only columns: none
Changed columns: none
DB DIVERGENCE PASS
PREFLIGHT PASS
