
> workspace@0.0.0 preflight /home/runner/workspace
> pnpm --filter @workspace/scripts exec tsx ./src/preflight.ts

PREFLIGHT 1/11: schema path guard

> workspace@0.0.0 guard:schema-path /home/runner/workspace
> pnpm --filter @workspace/scripts exec tsx ./src/forbid-schema-push.ts

Schema path guard passed
PREFLIGHT 2/11: recovery guard

> workspace@0.0.0 recovery:guard /home/runner/workspace
> pnpm --filter @workspace/scripts run recovery:guard


> @workspace/scripts@0.0.0 recovery:guard /home/runner/workspace/scripts
> tsx ./src/recovery-guard.ts

Recovery guard passed.
PREFLIGHT 3/11: typecheck

> workspace@0.0.0 typecheck /home/runner/workspace
> pnpm run typecheck:libs && pnpm -r --filter "./artifacts/**" --filter "./scripts" --if-present run typecheck


> workspace@0.0.0 typecheck:libs /home/runner/workspace
> tsc --build

Scope: 5 of 11 workspace projects
artifacts/api-server typecheck$ tsc -p tsconfig.json --noEmit
artifacts/mbs-crm typecheck$ tsc -p tsconfig.json --noEmit
artifacts/mbs-crm-mobile typecheck$ tsc -p tsconfig.json --noEmit
artifacts/mockup-sandbox typecheck$ tsc -p tsconfig.json --noEmit
artifacts/mockup-sandbox typecheck: Done
scripts typecheck$ tsc -p tsconfig.json --noEmit
scripts typecheck: Done
artifacts/mbs-crm typecheck: Done
artifacts/mbs-crm-mobile typecheck: Done
artifacts/api-server typecheck: Done
PREFLIGHT 4/11: full suite

> workspace@0.0.0 test /home/runner/workspace
> pnpm --filter @workspace/api-server run test && pnpm --filter @workspace/mbs-crm run test && pnpm --filter @workspace/scripts run test && pnpm --filter @workspace/scripts exec tsx --test ../lib/db/src/*.test.ts


> @workspace/api-server@0.0.0 test /home/runner/workspace/artifacts/api-server
> node --test --experimental-strip-types --loader ./test-loader.mjs src/lib/*.test.ts

(node:20489) ExperimentalWarning: `--experimental-loader` may be removed in the future; instead use `register()`:
--import 'data:text/javascript,import { register } from "node:module"; import { pathToFileURL } from "node:url"; register("./test-loader.mjs", pathToFileURL("./"));'
(Use `node --trace-warnings ...` to show where the warning was created)
✔ migration status endpoint is forbidden for reps (58.086664ms)
(node:20489) ExperimentalWarning: `--experimental-loader` may be removed in the future; instead use `register()`:
--import 'data:text/javascript,import { register } from "node:module"; import { pathToFileURL } from "node:url"; register("./test-loader.mjs", pathToFileURL("./"));'
(Use `node --trace-warnings ...` to show where the warning was created)
(node:20490) ExperimentalWarning: `--experimental-loader` may be removed in the future; instead use `register()`:
--import 'data:text/javascript,import { register } from "node:module"; import { pathToFileURL } from "node:url"; register("./test-loader.mjs", pathToFileURL("./"));'
(Use `node --trace-warnings ...` to show where the warning was created)
✔ post-Clerk push health enforces anonymous, representative, and admin roles (85.049678ms)
(node:20490) ExperimentalWarning: `--experimental-loader` may be removed in the future; instead use `register()`:
--import 'data:text/javascript,import { register } from "node:module"; import { pathToFileURL } from "node:url"; register("./test-loader.mjs", pathToFileURL("./"));'
(Use `node --trace-warnings ...` to show where the warning was created)
(node:20491) ExperimentalWarning: `--experimental-loader` may be removed in the future; instead use `register()`:
--import 'data:text/javascript,import { register } from "node:module"; import { pathToFileURL } from "node:url"; register("./test-loader.mjs", pathToFileURL("./"));'
(Use `node --trace-warnings ...` to show where the warning was created)
✔ GET /api/analytics/reps includes active reps and active users assigned leads or deals only (2141.921534ms)
(node:20491) ExperimentalWarning: `--experimental-loader` may be removed in the future; instead use `register()`:
--import 'data:text/javascript,import { register } from "node:module"; import { pathToFileURL } from "node:url"; register("./test-loader.mjs", pathToFileURL("./"));'
(Use `node --trace-warnings ...` to show where the warning was created)
(node:20492) ExperimentalWarning: `--experimental-loader` may be removed in the future; instead use `register()`:
--import 'data:text/javascript,import { register } from "node:module"; import { pathToFileURL } from "node:url"; register("./test-loader.mjs", pathToFileURL("./"));'
(Use `node --trace-warnings ...` to show where the warning was created)
✔ application consent version is server-owned and persists the current disclosure version (0.998228ms)
(node:20493) ExperimentalWarning: `--experimental-loader` may be removed in the future; instead use `register()`:
--import 'data:text/javascript,import { register } from "node:module"; import { pathToFileURL } from "node:url"; register("./test-loader.mjs", pathToFileURL("./"));'
(Use `node --trace-warnings ...` to show where the warning was created)
✔ blank application uses the rep identity and exact disclosure/footer (2.5294ms)
✔ title is profile data and a blank title is not derived from role (0.51412ms)
✔ filled application masks both SSNs and never emits encrypted or plaintext SSN fields (1.253702ms)
(node:20494) ExperimentalWarning: `--experimental-loader` may be removed in the future; instead use `register()`:
--import 'data:text/javascript,import { register } from "node:module"; import { pathToFileURL } from "node:url"; register("./test-loader.mjs", pathToFileURL("./"));'
(Use `node --trace-warnings ...` to show where the warning was created)
✔ native form preserves complete consent and footer text, never plaintext SSNs (2804.295427ms)
✔ native form embeds Unicode Inter text, logo, ET dates, and mapped application type (1846.843221ms)
✔ application and prepared-by footer baselines are separated inside the bottom margin (0.229692ms)
✔ application form renders natively as one US Letter PDF (1673.200355ms)
✔ filled native application stays on one Letter page and masks SSNs (1533.128107ms)
✔ native historical applications embed PNG signatures without substituting signature evidence (1281.552443ms)
✔ native header uses work email, ordered phones, and required clearance (2.841156ms)
✔ Nate and Calvin header regions remain deterministic (2827.001273ms)
(node:20510) ExperimentalWarning: `--experimental-loader` may be removed in the future; instead use `register()`:
--import 'data:text/javascript,import { register } from "node:module"; import { pathToFileURL } from "node:url"; register("./test-loader.mjs", pathToFileURL("./"));'
(Use `node --trace-warnings ...` to show where the warning was created)
✔ typed signature accepts two trimmed characters (1.090977ms)
✔ typed signature rejects one character and names over 200 characters (0.199127ms)
✔ drawn signature accepts safe PNG data URLs and rejects malformed/non-image values (0.239166ms)
✔ application rules enforce consents and equipment description without requiring vendor (0.140861ms)
✔ signed application HTML escapes injection strings and signature metadata (36.11282ms)
✔ legacy applications do not invent a signature method or signed timestamp (5.652645ms)
(node:20547) ExperimentalWarning: `--experimental-loader` may be removed in the future; instead use `register()`:
--import 'data:text/javascript,import { register } from "node:module"; import { pathToFileURL } from "node:url"; register("./test-loader.mjs", pathToFileURL("./"));'
(Use `node --trace-warnings ...` to show where the warning was created)
(node:20547) ExperimentalWarning: `--experimental-loader` may be removed in the future; instead use `register()`:
--import 'data:text/javascript,import { register } from "node:module"; import { pathToFileURL } from "node:url"; register("./test-loader.mjs", pathToFileURL("./"));'
(Use `node --trace-warnings ...` to show where the warning was created)
✔ application submit attributes a rep-slug lead and records QR-card activity (120.095096ms)
✔ application submit persists and returns equipment category and homeownership (24.645874ms)
✔ application submit rejects explicit null category and homeownership values (36.71507ms)
✔ a second public application reuses its existing email lead, logs the re-application, and notifies its assigned rep (37.287174ms)
✔ a phone-only re-application sends only to the stored lead email, never the submitted unverified email (27.462259ms)
✔ conflicting email and phone identities return a named 400 without attaching an application (26.302146ms)
✔ each re-application retains its own immutable signed-document key (61.238768ms)
(node:20571) ExperimentalWarning: `--experimental-loader` may be removed in the future; instead use `register()`:
--import 'data:text/javascript,import { register } from "node:module"; import { pathToFileURL } from "node:url"; register("./test-loader.mjs", pathToFileURL("./"));'
(Use `node --trace-warnings ...` to show where the warning was created)
✔ production parser accepts and normalizes a nine-digit EIN (8.962485ms)
✔ production parser accepts the optional collateral boolean and defaults it when omitted (1.650275ms)
✔ production parser reports malformed EIN with its field and format message (13.613889ms)
✔ production parser turns a malformed non-object body into a named validation error (5.899657ms)
✔ production parser accepts a punctuated phone after trimming only (1.710692ms)
✔ validation response never returns the literal Invalid input (1.281632ms)
✔ optional Section 1 fields remain optional and SSNs normalize to digits (3.582272ms)
✔ invalid optional business start date is rejected without making other optional fields required (22.878062ms)
(node:20572) ExperimentalWarning: `--experimental-loader` may be removed in the future; instead use `register()`:
--import 'data:text/javascript,import { register } from "node:module"; import { pathToFileURL } from "node:url"; register("./test-loader.mjs", pathToFileURL("./"));'
(Use `node --trace-warnings ...` to show where the warning was created)
✖ the real API router has a gate before every private mutation (5769.705752ms)
(node:20572) ExperimentalWarning: `--experimental-loader` may be removed in the future; instead use `register()`:
--import 'data:text/javascript,import { register } from "node:module"; import { pathToFileURL } from "node:url"; register("./test-loader.mjs", pathToFileURL("./"));'
(Use `node --trace-warnings ...` to show where the warning was created)
✔ the production mutation gate accepts a Clerk-authenticated request (57.578144ms)
✔ creator-owned resources reject other reps (1.645851ms)
✔ unsigned inbound voice and voicemail callbacks are rejected before routing or storage (53.187191ms)
✔ a rep cannot self-assign a lead (15.367058ms)
✔ unsigned SendGrid webhooks are rejected in every environment (15.802619ms)
✔ unsigned Twilio callbacks are rejected before side effects (24.160416ms)
[18:44:53.501] [33mWARN[39m (20572): [36mSendGrid webhook signature rejected[39m
    [35mroute[39m: "/api/sendgrid/webhook"
    [35mreason[39m: "verification_key_missing"
    [35mhasSignatureHeader[39m: false
    [35mhasTimestampHeader[39m: false
    [35mhasRawBody[39m: true
    [35mrawBodyBytes[39m: 23
(node:20600) ExperimentalWarning: `--experimental-loader` may be removed in the future; instead use `register()`:
--import 'data:text/javascript,import { register } from "node:module"; import { pathToFileURL } from "node:url"; register("./test-loader.mjs", pathToFileURL("./"));'
(Use `node --trace-warnings ...` to show where the warning was created)
✔ brand helper serves the canonical light and reverse marks (238.1349ms)
✔ email and flyer branding use the hosted light mark and non-legacy alt (1.308213ms)
﹣ configured email logo URL returns HTTP 200 when online (0.210627ms) # Set RUN_ONLINE_TESTS=1 to check live hosting
(node:20613) ExperimentalWarning: `--experimental-loader` may be removed in the future; instead use `register()`:
--import 'data:text/javascript,import { register } from "node:module"; import { pathToFileURL } from "node:url"; register("./test-loader.mjs", pathToFileURL("./"));'
(Use `node --trace-warnings ...` to show where the warning was created)
✔ unconfigured browser telephony has an explicit successful readiness state (1.254707ms)
✔ voice and owned-number configuration are independent and secret-free (0.220771ms)
(node:20624) ExperimentalWarning: `--experimental-loader` may be removed in the future; instead use `register()`:
--import 'data:text/javascript,import { register } from "node:module"; import { pathToFileURL } from "node:url"; register("./test-loader.mjs", pathToFileURL("./"));'
(Use `node --trace-warnings ...` to show where the warning was created)
✔ flyer recording failure propagates rather than silently accepting a redirect (1.281806ms)
✔ Parse authentication is independent, constant-time digest matched, and rejects malformed credentials (0.757639ms)
✔ Reply exclusions, opaque envelope addresses, stable message dedupe and text-only rendering (0.971476ms)
✔ Signed referral context rejects edits, cross-purpose tokens and expiry (0.70639ms)
✔ KPI reconciliation deduplicates cohorts/deals, excludes pre-attribution milestones, labels unknown history and reuses rate calculator (3.755532ms)
✔ Real database attribution and Parse redelivery reconcile without live communications (414.056114ms)
(node:20632) ExperimentalWarning: `--experimental-loader` may be removed in the future; instead use `register()`:
--import 'data:text/javascript,import { register } from "node:module"; import { pathToFileURL } from "node:url"; register("./test-loader.mjs", pathToFileURL("./"));'
(Use `node --trace-warnings ...` to show where the warning was created)
✔ remaining audience excludes the original sent set, including repeated launch rows (2.842385ms)
✔ deferred, cancelled and internal unclaimed eligible rows are pending; SMS is not silently relaunched (0.762712ms)
✔ a sent or unresolved provider attempt blocks a stale queued recipient (0.343349ms)
✔ suppression and unsubscribe are rechecked; sent addresses cannot reenter through another lead (0.497759ms)
(node:20644) ExperimentalWarning: `--experimental-loader` may be removed in the future; instead use `register()`:
--import 'data:text/javascript,import { register } from "node:module"; import { pathToFileURL } from "node:url"; register("./test-loader.mjs", pathToFileURL("./"));'
(Use `node --trace-warnings ...` to show where the warning was created)
✔ campaign reply capture is optional; real sender retains Reply-To or tokenises only on opt-in (15.317729ms)
(node:20644) ExperimentalWarning: `--experimental-loader` may be removed in the future; instead use `register()`:
--import 'data:text/javascript,import { register } from "node:module"; import { pathToFileURL } from "node:url"; register("./test-loader.mjs", pathToFileURL("./"));'
(Use `node --trace-warnings ...` to show where the warning was created)
(node:20652) ExperimentalWarning: `--experimental-loader` may be removed in the future; instead use `register()`:
--import 'data:text/javascript,import { register } from "node:module"; import { pathToFileURL } from "node:url"; register("./test-loader.mjs", pathToFileURL("./"));'
(Use `node --trace-warnings ...` to show where the warning was created)
✔ campaign APIs are restricted to manager and admin roles (1.760683ms)
✔ campaign without a flyer produces plain text and one remote logo HTML alternative (0.740631ms)
✔ Link sends no attachment and renders an expiring URL in both email alternatives; Attach is unchanged (2.520749ms)
✔ vendor vertical mappings use imported lead vertical first and default to equipment (0.780886ms)
✔ flyer link defaults follow the selected flyer's audience in text and HTML (0.811491ms)
✔ flyer link overrides survive merge rendering, are HTML escaped, and are accepted for approval (1.224435ms)
✔ daily overflow is deferred to the next New York business day (20.895602ms)
✔ future scheduled launches are rejected when no delivery worker exists (0.203781ms)
✔ resume candidates exclude sent, uncertain, and early deferred rows (0.433296ms)
✔ audience classification preserves actionable email exclusion reasons (0.718461ms)
✔ campaign audience union deduplicates IDs, prioritizes picked origin, and sorts by ID (0.440519ms)
✔ campaign exclusion breakdown distinguishes consent, suppression, prior sends and duplicates (0.25851ms)
✔ a picked lead outside the filters is included but suppression excludes it with a visible reason (1.080236ms)
✔ manual picks without filters never expand into an all-leads campaign (0.151032ms)
✔ SMS preview explains missing, duplicate, consent, and unsupported launch outcomes (0.498844ms)
✔ editing a campaign invalidates its approval version (0.16925ms)
✔ repeat launch lifecycle is idempotent and transitions are explicit (0.229527ms)
✔ future scheduling advances the campaign, while an unscheduled dry run does not (0.108428ms)
✔ campaign content hashes are stable and change when approved template content changes (0.823899ms)
✔ campaign Reply-To defaults and participates in approval hash (0.115452ms)
✔ approval blocks unknown merge tokens before any provider send (0.24211ms)
✔ campaign flyer delivery uses the approved immutable creative (0.212501ms)
✔ approval requires the current hash and explicit claims affirmation (0.320792ms)
✔ approval and launch reject empty or malformed eligible audience counts (0.115477ms)
✔ provider-free validation reports no-send, tested address, audience count, and timestamp (0.11314ms)
✔ provider-free validation rejects inactive or missing content and exercises rendering (0.164699ms)
✔ approved audience remains the launch source after reload or newer preview changes (0.139162ms)
✔ assigned representative reply-to contract preserves routing (0.170842ms)
✔ same-key resume only selects eligible recipients and never retries uncertain queued rows (0.157456ms)
✔ recipient ledger summaries are cumulative across partial runs (0.139401ms)
✔ execution lease refuses active owners and allows expiry takeover (0.078575ms)
✔ resume continues past already-processed queued recipient (0.067121ms)
(node:20652) ExperimentalWarning: `--experimental-loader` may be removed in the future; instead use `register()`:
--import 'data:text/javascript,import { register } from "node:module"; import { pathToFileURL } from "node:url"; register("./test-loader.mjs", pathToFileURL("./"));'
(Use `node --trace-warnings ...` to show where the warning was created)
(node:20661) ExperimentalWarning: `--experimental-loader` may be removed in the future; instead use `register()`:
--import 'data:text/javascript,import { register } from "node:module"; import { pathToFileURL } from "node:url"; register("./test-loader.mjs", pathToFileURL("./"));'
(Use `node --trace-warnings ...` to show where the warning was created)
✔ Clerk publishable key origins are decoded for diagnostics only (1.439435ms)
✔ Clerk proxy always uses the documented proxy upstream (0.360919ms)
✔ production proxy emits a fatal diagnostic when its secret is missing (1.24516ms)
✔ production proxy logs the derived FAPI host and safe key prefixes once (0.32708ms)
✔ production proxy logs a full upstream exception and returns a short reason (0.714015ms)
✔ production proxy preserves an upstream failure status and logs response headers (1.411914ms)
✔ Clerk health probes the proxy upstream and caches the result (0.838886ms)
✔ Clerk health reports missing keys and an unreachable upstream (0.260614ms)
(node:20661) ExperimentalWarning: `--experimental-loader` may be removed in the future; instead use `register()`:
--import 'data:text/javascript,import { register } from "node:module"; import { pathToFileURL } from "node:url"; register("./test-loader.mjs", pathToFileURL("./"));'
(Use `node --trace-warnings ...` to show where the warning was created)
(node:20670) ExperimentalWarning: `--experimental-loader` may be removed in the future; instead use `register()`:
--import 'data:text/javascript,import { register } from "node:module"; import { pathToFileURL } from "node:url"; register("./test-loader.mjs", pathToFileURL("./"));'
(Use `node --trace-warnings ...` to show where the warning was created)
✔ reps cannot use admin collateral template policy (1.34854ms)
✔ collateral admin policy permits managers only through the explicit admin role (0.28705ms)
✔ rep collateral email policy only permits assigned leads (0.423307ms)
(node:20703) ExperimentalWarning: `--experimental-loader` may be removed in the future; instead use `register()`:
--import 'data:text/javascript,import { register } from "node:module"; import { pathToFileURL } from "node:url"; register("./test-loader.mjs", pathToFileURL("./"));'
(Use `node --trace-warnings ...` to show where the warning was created)
✔ collateral provider payload rewrites legacy CRM URLs, not unrelated destinations (4.093009ms)
(node:20703) ExperimentalWarning: `--experimental-loader` may be removed in the future; instead use `register()`:
--import 'data:text/javascript,import { register } from "node:module"; import { pathToFileURL } from "node:url"; register("./test-loader.mjs", pathToFileURL("./"));'
(Use `node --trace-warnings ...` to show where the warning was created)
(node:20715) ExperimentalWarning: `--experimental-loader` may be removed in the future; instead use `register()`:
--import 'data:text/javascript,import { register } from "node:module"; import { pathToFileURL } from "node:url"; register("./test-loader.mjs", pathToFileURL("./"));'
(Use `node --trace-warnings ...` to show where the warning was created)
✔ collateral merge fields prefer corporate email and omit absent optional values (44.240254ms)
✔ collateral merge fields omit optional title and phone lines (25.225125ms)
✔ QR encoder receives the exact rep URL and required brand-safe options (9.034609ms)
✔ PDF image overlay emits Letter output and explicitly rejects raster output without sharp (203.021433ms)
✔ image overlay does not mutate source bytes and retains artwork content above rep band (97.41659ms)
(node:20725) ExperimentalWarning: `--experimental-loader` may be removed in the future; instead use `register()`:
--import 'data:text/javascript,import { register } from "node:module"; import { pathToFileURL } from "node:url"; register("./test-loader.mjs", pathToFileURL("./"));'
(Use `node --trace-warnings ...` to show where the warning was created)
✔ commercial financing disclosure remains sourced from the immutable consent text artifact (0.852033ms)
✔ consentText.ts matches the canonical full-file SHA-256 fixture (0.796757ms)
✔ the disclosure acceptance checkbox has a required, artifact-owned label and version (0.157411ms)
✔ public disclosure payload exactly exposes the immutable artifact constants (0.577428ms)
(node:20737) ExperimentalWarning: `--experimental-loader` may be removed in the future; instead use `register()`:
--import 'data:text/javascript,import { register } from "node:module"; import { pathToFileURL } from "node:url"; register("./test-loader.mjs", pathToFileURL("./"));'
(Use `node --trace-warnings ...` to show where the warning was created)
✔ calls card fixture counts two voicemails, one callback, and one overdue record (727.936089ms)
(node:20747) ExperimentalWarning: `--experimental-loader` may be removed in the future; instead use `register()`:
--import 'data:text/javascript,import { register } from "node:module"; import { pathToFileURL } from "node:url"; register("./test-loader.mjs", pathToFileURL("./"));'
(Use `node --trace-warnings ...` to show where the warning was created)
(node:20747) ExperimentalWarning: `--experimental-loader` may be removed in the future; instead use `register()`:
--import 'data:text/javascript,import { register } from "node:module"; import { pathToFileURL } from "node:url"; register("./test-loader.mjs", pathToFileURL("./"));'
(Use `node --trace-warnings ...` to show where the warning was created)
✔ Migration 029 is append-only and preserves historical approvals (8.83616ms)
✔ latest approval selection uses created_at then id tie-break (0.289955ms)
✔ approval reminder creation is idempotent across duplicate captures (1.438384ms)
(node:20761) ExperimentalWarning: `--experimental-loader` may be removed in the future; instead use `register()`:
--import 'data:text/javascript,import { register } from "node:module"; import { pathToFileURL } from "node:url"; register("./test-loader.mjs", pathToFileURL("./"));'
(Use `node --trace-warnings ...` to show where the warning was created)
✔ deal labels retain unlinked business names without exposing private linked identities or numbers (1700.485297ms)
✔ rep deal-name search requires an unlinked deal or ownership of its linked lead (5.320139ms)
✔ deal contact projection scopes reps to their linked-lead ownership in one batch (2.947455ms)
✔ manager and admin contact projections do not apply rep ownership restrictions (0.986649ms)
(node:20761) ExperimentalWarning: `--experimental-loader` may be removed in the future; instead use `register()`:
--import 'data:text/javascript,import { register } from "node:module"; import { pathToFileURL } from "node:url"; register("./test-loader.mjs", pathToFileURL("./"));'
(Use `node --trace-warnings ...` to show where the warning was created)
(node:20772) ExperimentalWarning: `--experimental-loader` may be removed in the future; instead use `register()`:
--import 'data:text/javascript,import { register } from "node:module"; import { pathToFileURL } from "node:url"; register("./test-loader.mjs", pathToFileURL("./"));'
(Use `node --trace-warnings ...` to show where the warning was created)
(node:20772) ExperimentalWarning: `--experimental-loader` may be removed in the future; instead use `register()`:
--import 'data:text/javascript,import { register } from "node:module"; import { pathToFileURL } from "node:url"; register("./test-loader.mjs", pathToFileURL("./"));'
(Use `node --trace-warnings ...` to show where the warning was created)
✔ rep resolves an authorized funded deal to its lead and uploads against the lead id (1503.871609ms)
✔ visible deal does not disclose or authorize its other-rep lead (18.289058ms)
✔ linked deal explicitly reports missing contact identity without using its stored label (19.289715ms)
(node:20788) ExperimentalWarning: `--experimental-loader` may be removed in the future; instead use `register()`:
--import 'data:text/javascript,import { register } from "node:module"; import { pathToFileURL } from "node:url"; register("./test-loader.mjs", pathToFileURL("./"));'
(Use `node --trace-warnings ...` to show where the warning was created)
✔ production funded GM aggregate sums raw actualGm without split multiplication (1.154422ms)
(node:20804) ExperimentalWarning: `--experimental-loader` may be removed in the future; instead use `register()`:
--import 'data:text/javascript,import { register } from "node:module"; import { pathToFileURL } from "node:url"; register("./test-loader.mjs", pathToFileURL("./"));'
(Use `node --trace-warnings ...` to show where the warning was created)
✔ manager and admin deal readers can inspect submission metadata (1.722881ms)
✔ rep submission reads remain assignment-bound and pending users are denied (0.192474ms)
(node:20822) ExperimentalWarning: `--experimental-loader` may be removed in the future; instead use `register()`:
--import 'data:text/javascript,import { register } from "node:module"; import { pathToFileURL } from "node:url"; register("./test-loader.mjs", pathToFileURL("./"));'
(Use `node --trace-warnings ...` to show where the warning was created)
✔ deal CSV includes notes and split percentage values (1200.711738ms)
(node:20822) ExperimentalWarning: `--experimental-loader` may be removed in the future; instead use `register()`:
--import 'data:text/javascript,import { register } from "node:module"; import { pathToFileURL } from "node:url"; register("./test-loader.mjs", pathToFileURL("./"));'
(Use `node --trace-warnings ...` to show where the warning was created)
(node:20831) ExperimentalWarning: `--experimental-loader` may be removed in the future; instead use `register()`:
--import 'data:text/javascript,import { register } from "node:module"; import { pathToFileURL } from "node:url"; register("./test-loader.mjs", pathToFileURL("./"));'
(Use `node --trace-warnings ...` to show where the warning was created)
(node:20831) ExperimentalWarning: `--experimental-loader` may be removed in the future; instead use `register()`:
--import 'data:text/javascript,import { register } from "node:module"; import { pathToFileURL } from "node:url"; register("./test-loader.mjs", pathToFileURL("./"));'
(Use `node --trace-warnings ...` to show where the warning was created)
✔ Express deal update persists notes and exactly one notes_updated activity (97.111943ms)
✔ deal update rolls back notes when activity logging fails (23.076663ms)
Error: activity insert failed
    at Object.values (file:///home/runner/workspace/artifacts/api-server/src/lib/dealsUpdateRoute.test.ts:92:47)
    at logActivity (file:///home/runner/workspace/artifacts/api-server/src/lib/activityHelper.ts:17:43)
    at file:///home/runner/workspace/artifacts/api-server/src/routes/deals.ts:819:13
    at process.processTicksAndRejections (node:internal/process/task_queues:103:5)
    at async Object.transaction (file:///home/runner/workspace/artifacts/api-server/src/lib/dealsUpdateRoute.test.ts:79:16)
    at async file:///home/runner/workspace/artifacts/api-server/src/routes/deals.ts:792:16
✔ rate points save updates the correct GM field and writes complete activity in one transaction (20.590103ms)
(node:20832) ExperimentalWarning: `--experimental-loader` may be removed in the future; instead use `register()`:
--import 'data:text/javascript,import { register } from "node:module"; import { pathToFileURL } from "node:url"; register("./test-loader.mjs", pathToFileURL("./"));'
(Use `node --trace-warnings ...` to show where the warning was created)
✔ document download headers support Unicode names with an ASCII fallback (0.69202ms)
✔ document download headers encode control and quote characters (0.179003ms)
(node:20851) ExperimentalWarning: `--experimental-loader` may be removed in the future; instead use `register()`:
--import 'data:text/javascript,import { register } from "node:module"; import { pathToFileURL } from "node:url"; register("./test-loader.mjs", pathToFileURL("./"));'
(Use `node --trace-warnings ...` to show where the warning was created)
✔ legacy document category helper mirrors migration 019 key backfill (1.60723ms)
(node:20851) ExperimentalWarning: `--experimental-loader` may be removed in the future; instead use `register()`:
--import 'data:text/javascript,import { register } from "node:module"; import { pathToFileURL } from "node:url"; register("./test-loader.mjs", pathToFileURL("./"));'
(Use `node --trace-warnings ...` to show where the warning was created)
✔ a rep cannot update a document category for another rep's lead (53.699501ms)
✔ a rep can update a document category for their assigned lead (20.172992ms)
(node:20860) ExperimentalWarning: `--experimental-loader` may be removed in the future; instead use `register()`:
--import 'data:text/javascript,import { register } from "node:module"; import { pathToFileURL } from "node:url"; register("./test-loader.mjs", pathToFileURL("./"));'
(Use `node --trace-warnings ...` to show where the warning was created)
(node:20860) ExperimentalWarning: `--experimental-loader` may be removed in the future; instead use `register()`:
--import 'data:text/javascript,import { register } from "node:module"; import { pathToFileURL } from "node:url"; register("./test-loader.mjs", pathToFileURL("./"));'
(Use `node --trace-warnings ...` to show where the warning was created)
✔ authorized funded lead can upload a document through the real API route (1975.908608ms)
✔ authorized declined lead can upload a document through the real API route (22.116105ms)
✔ deal visibility does not authorize upload to a linked lead owned by another rep (28.292017ms)
(node:20871) ExperimentalWarning: `--experimental-loader` may be removed in the future; instead use `register()`:
--import 'data:text/javascript,import { register } from "node:module"; import { pathToFileURL } from "node:url"; register("./test-loader.mjs", pathToFileURL("./"));'
(Use `node --trace-warnings ...` to show where the warning was created)
(node:20871) ExperimentalWarning: `--experimental-loader` may be removed in the future; instead use `register()`:
--import 'data:text/javascript,import { register } from "node:module"; import { pathToFileURL } from "node:url"; register("./test-loader.mjs", pathToFileURL("./"));'
(Use `node --trace-warnings ...` to show where the warning was created)
✔ production origin validation and boot, root and deep health (3203.257452ms)
✔ provider payloads for direct, campaign/drip, image-free and application confirmation use public URLs (3.779709ms)
(node:20885) ExperimentalWarning: `--experimental-loader` may be removed in the future; instead use `register()`:
--import 'data:text/javascript,import { register } from "node:module"; import { pathToFileURL } from "node:url"; register("./test-loader.mjs", pathToFileURL("./"));'
(Use `node --trace-warnings ...` to show where the warning was created)
✔ shared limiter rejects the reservation that would exceed the cap (0.888189ms)
✔ limiter normalizes invalid capacities to safe bounds (0.099196ms)
(node:20895) ExperimentalWarning: `--experimental-loader` may be removed in the future; instead use `register()`:
--import 'data:text/javascript,import { register } from "node:module"; import { pathToFileURL } from "node:url"; register("./test-loader.mjs", pathToFileURL("./"));'
(Use `node --trace-warnings ...` to show where the warning was created)
✔ documents and strictly rejects unknown merge tokens (1.281736ms)
✔ data:image URIs are rejected separately from merge-token validation (0.258706ms)
✔ every inline starter template uses only supported merge tokens (0.471538ms)
✔ rendering uses Hi there fallback and omits a missing company phrase (0.967475ms)
✔ supported per-send footer tokens render without creating a second footer (0.294017ms)
✔ HTML and plain-text compliance footer is exact once and never data URI (10.735592ms)
✔ provider dispatch keeps test-send Reply-To on the admin address (0.804484ms)
(node:20895) ExperimentalWarning: `--experimental-loader` may be removed in the future; instead use `register()`:
--import 'data:text/javascript,import { register } from "node:module"; import { pathToFileURL } from "node:url"; register("./test-loader.mjs", pathToFileURL("./"));'
(Use `node --trace-warnings ...` to show where the warning was created)
(node:20907) ExperimentalWarning: `--experimental-loader` may be removed in the future; instead use `register()`:
--import 'data:text/javascript,import { register } from "node:module"; import { pathToFileURL } from "node:url"; register("./test-loader.mjs", pathToFileURL("./"));'
(Use `node --trace-warnings ...` to show where the warning was created)
✔ suppression uses a canonical case-insensitive email (0.84068ms)
✔ email engagement state never downgrades terminal statuses (0.113935ms)
✔ all provider suppression events classify as suppressing (0.128813ms)
(node:20915) ExperimentalWarning: `--experimental-loader` may be removed in the future; instead use `register()`:
--import 'data:text/javascript,import { register } from "node:module"; import { pathToFileURL } from "node:url"; register("./test-loader.mjs", pathToFileURL("./"));'
(Use `node --trace-warnings ...` to show where the warning was created)
✔ entity labels trim identity and prefer company before contact (0.596407ms)
(node:20928) ExperimentalWarning: `--experimental-loader` may be removed in the future; instead use `register()`:
--import 'data:text/javascript,import { register } from "node:module"; import { pathToFileURL } from "node:url"; register("./test-loader.mjs", pathToFileURL("./"));'
(Use `node --trace-warnings ...` to show where the warning was created)
✔ an Express flyer request returns 503 and records one correlatable 5xx event (55.260884ms)
(node:20941) ExperimentalWarning: `--experimental-loader` may be removed in the future; instead use `register()`:
--import 'data:text/javascript,import { register } from "node:module"; import { pathToFileURL } from "node:url"; register("./test-loader.mjs", pathToFileURL("./"));'
(Use `node --trace-warnings ...` to show where the warning was created)
✔ production flyer renderer defaults are pinned to two concurrent renders and 30 seconds (0.628387ms)
✔ flyer rendering keeps five queued requests at a maximum concurrency of two (25.918794ms)
✔ a flyer render timeout is represented as a 503 error and retains its active slot (27.700456ms)
✔ five callers receive 503 by their enqueue deadline when the two active renders never settle (9.189526ms)
✔ flyer renderer refuses a configuration above the two-render safety cap (0.450343ms)
(node:20956) ExperimentalWarning: `--experimental-loader` may be removed in the future; instead use `register()`:
--import 'data:text/javascript,import { register } from "node:module"; import { pathToFileURL } from "node:url"; register("./test-loader.mjs", pathToFileURL("./"));'
(Use `node --trace-warnings ...` to show where the warning was created)
✔ 5xx recorder logs and persists request correlation fields and an error stack (5.192316ms)
✔ 5xx recorder deliberately ignores non-server responses (1.769488ms)
(node:20964) ExperimentalWarning: `--experimental-loader` may be removed in the future; instead use `register()`:
--import 'data:text/javascript,import { register } from "node:module"; import { pathToFileURL } from "node:url"; register("./test-loader.mjs", pathToFileURL("./"));'
(Use `node --trace-warnings ...` to show where the warning was created)
✔ matches an unassigned inbound lead older than 24 hours (0.742378ms)
✔ does not match a lead exactly at the 24-hour boundary (0.153115ms)
✔ does not match assigned, non-inbound, or recent leads (0.181609ms)
(node:20970) ExperimentalWarning: `--experimental-loader` may be removed in the future; instead use `register()`:
--import 'data:text/javascript,import { register } from "node:module"; import { pathToFileURL } from "node:url"; register("./test-loader.mjs", pathToFileURL("./"));'
(Use `node --trace-warnings ...` to show where the warning was created)
▶ New York inbound business hours
  ✔ respects weekdays, exact boundaries, DST and holidays (11.757501ms)
✔ New York inbound business hours (12.429034ms)
▶ inbound routing targets
  ✔ rings a known caller's assigned active rep only (0.72014ms)
  ✔ rings active forwarding reps for unknown callers or ring-all mode (0.116014ms)
  ✔ returns a simultaneous 20-second dial for known and unknown callers (3.626939ms)
  ✔ skips dialing after hours and records with the closed greeting (0.518073ms)
  ✔ rings priority reps sequentially, skipping inactive, merged, and unforwarded users (0.799843ms)
  ✔ uses audio when available and falls back to written greeting otherwise (0.533985ms)
✔ inbound routing targets (6.707479ms)
(node:20979) ExperimentalWarning: `--experimental-loader` may be removed in the future; instead use `register()`:
--import 'data:text/javascript,import { register } from "node:module"; import { pathToFileURL } from "node:url"; register("./test-loader.mjs", pathToFileURL("./"));'
(Use `node --trace-warnings ...` to show where the warning was created)
✔ names the first missing or invalid Twilio setting (0.947269ms)
✔ reports detailed integration presence and caches token mint (0.547269ms)
✔ times out token mint with a safe reason (5.440435ms)
✔ lists both owned numbers when both roles use the business line (1.337478ms)
✔ reports split configured roles across owned numbers (0.297798ms)
✔ keeps selected sender role visible when the sender is unowned (0.174417ms)
(node:20992) ExperimentalWarning: `--experimental-loader` may be removed in the future; instead use `register()`:
--import 'data:text/javascript,import { register } from "node:module"; import { pathToFileURL } from "node:url"; register("./test-loader.mjs", pathToFileURL("./"));'
(Use `node --trace-warnings ...` to show where the warning was created)
✔ lead search matches company-table identity in one correlated SQL query (1042.461173ms)
(node:20992) ExperimentalWarning: `--experimental-loader` may be removed in the future; instead use `register()`:
--import 'data:text/javascript,import { register } from "node:module"; import { pathToFileURL } from "node:url"; register("./test-loader.mjs", pathToFileURL("./"));'
(Use `node --trace-warnings ...` to show where the warning was created)
(node:21000) ExperimentalWarning: `--experimental-loader` may be removed in the future; instead use `register()`:
--import 'data:text/javascript,import { register } from "node:module"; import { pathToFileURL } from "node:url"; register("./test-loader.mjs", pathToFileURL("./"));'
(Use `node --trace-warnings ...` to show where the warning was created)
✔ CSV lead import parser keeps vertical column values (1.111094ms)
✔ CSV buffer parsing does not load the optional ExcelJS parser (0.389059ms)
✔ Excel buffer parsing lazily loads ExcelJS and preserves normalized rows (364.201672ms)
✔ lead import resolves an explicitly mapped vertical source column (0.335907ms)
✔ known verticals normalize to canonical values and unknown values remain intact (0.092049ms)
(node:21011) ExperimentalWarning: `--experimental-loader` may be removed in the future; instead use `register()`:
--import 'data:text/javascript,import { register } from "node:module"; import { pathToFileURL } from "node:url"; register("./test-loader.mjs", pathToFileURL("./"));'
(Use `node --trace-warnings ...` to show where the warning was created)
(node:21011) ExperimentalWarning: `--experimental-loader` may be removed in the future; instead use `register()`:
--import 'data:text/javascript,import { register } from "node:module"; import { pathToFileURL } from "node:url"; register("./test-loader.mjs", pathToFileURL("./"));'
(Use `node --trace-warnings ...` to show where the warning was created)
✔ deal contact SMS target uses application-scoped consent and never sends without consent (117.090494ms)
(node:21027) ExperimentalWarning: `--experimental-loader` may be removed in the future; instead use `register()`:
--import 'data:text/javascript,import { register } from "node:module"; import { pathToFileURL } from "node:url"; register("./test-loader.mjs", pathToFileURL("./"));'
(Use `node --trace-warnings ...` to show where the warning was created)
(node:21027) ExperimentalWarning: `--experimental-loader` may be removed in the future; instead use `register()`:
--import 'data:text/javascript,import { register } from "node:module"; import { pathToFileURL } from "node:url"; register("./test-loader.mjs", pathToFileURL("./"));'
(Use `node --trace-warnings ...` to show where the warning was created)
✔ GET /api/leads?stale=true returns only stale assigned leads for an admin (1587.80562ms)
✔ ordinary company search selects IDs before relational hydration (29.424096ms)
✔ POST /api/leads/capture/elementor is absent and does not invoke a handler (19.261539ms)
(node:21037) ExperimentalWarning: `--experimental-loader` may be removed in the future; instead use `register()`:
--import 'data:text/javascript,import { register } from "node:module"; import { pathToFileURL } from "node:url"; register("./test-loader.mjs", pathToFileURL("./"));'
(Use `node --trace-warnings ...` to show where the warning was created)
✔ context carries criteria, provenance, stipulations, and points (2.820023ms)
✔ prompt forbids ranking unknown dimensions and requires citations (0.256442ms)
✔ recommendations without a criterion or exact document gap are rejected (0.470732ms)
✔ free-text context is redacted before it reaches the prompt (0.333043ms)
✔ text recommendations must cite criteria and available document gaps (0.255404ms)
✔ document readiness uses categories and preserves personal/joint document gaps (0.457984ms)
✔ unknown required document remains a gap unless its exact label is present (0.235754ms)
(node:21046) ExperimentalWarning: `--experimental-loader` may be removed in the future; instead use `register()`:
--import 'data:text/javascript,import { register } from "node:module"; import { pathToFileURL } from "node:url"; register("./test-loader.mjs", pathToFileURL("./"));'
(Use `node --trace-warnings ...` to show where the warning was created)
✔ lender-package route exposes safe renderer reason and logs the full error (20.058132ms)
✔ lender-package route returns the no_application reason without rendering (0.347599ms)
(node:21046) ExperimentalWarning: `--experimental-loader` may be removed in the future; instead use `register()`:
--import 'data:text/javascript,import { register } from "node:module"; import { pathToFileURL } from "node:url"; register("./test-loader.mjs", pathToFileURL("./"));'
(Use `node --trace-warnings ...` to show where the warning was created)
✔ omission report paginates instead of failing on many excluded documents (503.26879ms)
✔ native cover uses branded rep email and polished cover values (265.667581ms)
✔ selection uses persisted document categories and orders underwriting documents (0.590506ms)
✔ selected package honors unchecked cover/application sections and the caller's document order (38.452567ms)
✔ selected package normalizes scrambled cross-category IDs but retains each category's chosen order (19.37189ms)
✔ selected package rejects document IDs belonging to another lead (1.431185ms)
✔ lender-package rendering includes supplied primary and secondary owner SSNs (1335.375134ms)
✔ a deal package builds from its authorized linked lead and records deal provenance in the sensitive audit (5.11898ms)
✔ a rep cannot build another rep's deal even when its linked lead is theirs (0.194725ms)
✔ the retired maskSsn input is rejected while legacy saved configs are normalized (0.740778ms)
✔ an assigned rep's selected-package route decrypts full SSNs and audits sensitivity without logging values (1217.573991ms)
✔ the standard lender-package download decrypts both owner SSNs only after lead authorization (1502.1174ms)
✔ baseline application has two pages; exactly two statements append in upload order with safe footers (27.658175ms)
✔ native package includes three rep-uploaded statements and an invoice with Puppeteer unavailable (1475.096426ms)
✔ malformed and excluded files are skipped and every exclusion is named on the final page (1796.447787ms)
✔ statement copy failures become exclusions without partially appended pages (16.72645ms)
✔ a configurable small package cap prunes the largest statement (88.462011ms)
✔ failed oversized transfers debit actual bytes and stop later downloads (9.15266ms)
✔ rep access uses the documents route's 403 denial semantics (0.376272ms)
✔ admin can download any lead, audits the successful export, and sanitizes Unicode footer email (7.471997ms)
(node:21061) ExperimentalWarning: `--experimental-loader` may be removed in the future; instead use `register()`:
--import 'data:text/javascript,import { register } from "node:module"; import { pathToFileURL } from "node:url"; register("./test-loader.mjs", pathToFileURL("./"));'
(Use `node --trace-warnings ...` to show where the warning was created)
✔ lender package reasons do not expose arbitrary server errors (0.720321ms)
(node:21069) ExperimentalWarning: `--experimental-loader` may be removed in the future; instead use `register()`:
--import 'data:text/javascript,import { register } from "node:module"; import { pathToFileURL } from "node:url"; register("./test-loader.mjs", pathToFileURL("./"));'
(Use `node --trace-warnings ...` to show where the warning was created)
(node:21069) ExperimentalWarning: `--experimental-loader` may be removed in the future; instead use `register()`:
--import 'data:text/javascript,import { register } from "node:module"; import { pathToFileURL } from "node:url"; register("./test-loader.mjs", pathToFileURL("./"));'
(Use `node --trace-warnings ...` to show where the warning was created)
✔ seed-new route requires an authenticated admin (60.561346ms)
✔ seed-new route returns the exact shared operation summary, including missing update names (16.619665ms)
Failed to seed new lenders Error: database unavailable
    at seedNewLenders (file:///home/runner/workspace/artifacts/api-server/src/lib/lenderSeedRoutes.test.ts:108:13)
    at file:///home/runner/workspace/artifacts/api-server/src/routes/lenders.ts:559:28
    at process.processTicksAndRejections (node:internal/process/task_queues:103:5)
✔ seed-new route returns 500 when the shared operation fails (8.226445ms)
(node:21085) ExperimentalWarning: `--experimental-loader` may be removed in the future; instead use `register()`:
--import 'data:text/javascript,import { register } from "node:module"; import { pathToFileURL } from "node:url"; register("./test-loader.mjs", pathToFileURL("./"));'
(Use `node --trace-warnings ...` to show where the warning was created)
✔ a deal send uses its linked lead and records the exact originating deal, not the earliest active deal (17.376833ms)
✔ an owned linked lead does not let a rep send from another rep's deal (0.252469ms)
✔ owning a deal does not grant access to another rep's linked lead (0.411031ms)
✔ submission request validation returns a named 400 before package work (1.779248ms)
✔ a deal send shares the lead/lender advisory lock with a concurrent lead-page send (1.312845ms)
✔ a post-SendGrid transaction failure leaves a durable receipt and refuses a second email (0.884896ms)
✔ a known SendGrid failure releases the receipt so a retry may send (1.303612ms)
✔ a thrown network error leaves an uncertain receipt and blocks a second email (0.954609ms)
✔ submission lock is released when immutable package storage fails before email (0.5896ms)
✔ submission re-download returns the immutable stored bytes after verifying its hash (1.250111ms)
✔ submission stores exactly the emailed attachment with config/hash metadata before immutable re-download (18.342076ms)
✔ lender submission decrypts full SSNs for package assembly without placing values in audit metadata (2.818118ms)
✔ an assigned rep may download a full-SSN immutable package under the normal lead authorization rule (1.59672ms)
✔ exact-package download refuses a corrupt stored object (1.625254ms)
✔ lender submission denies a rep with a lead assigned to another rep (0.338301ms)
✔ lender submission refuses a duplicate inside the rolling 24-hour window (0.516268ms)
✔ successful lender submission creates a Submitted deal when one is absent (0.539378ms)
✔ successful lender submission moves an existing active deal to Submitted and links its row (0.86951ms)
✔ lender submission SendGrid mock receives the built PDF, recipient, rep CC, and exact subject (0.770046ms)
✔ submission status and notes changes persist with activity logging in one transaction (1.189075ms)
(node:21085) ExperimentalWarning: `--experimental-loader` may be removed in the future; instead use `register()`:
--import 'data:text/javascript,import { register } from "node:module"; import { pathToFileURL } from "node:url"; register("./test-loader.mjs", pathToFileURL("./"));'
(Use `node --trace-warnings ...` to show where the warning was created)
(node:21106) ExperimentalWarning: `--experimental-loader` may be removed in the future; instead use `register()`:
--import 'data:text/javascript,import { register } from "node:module"; import { pathToFileURL } from "node:url"; register("./test-loader.mjs", pathToFileURL("./"));'
(Use `node --trace-warnings ...` to show where the warning was created)
✔ manual submission persists source manual and writes its activity (1.070726ms)
(node:21107) ExperimentalWarning: `--experimental-loader` may be removed in the future; instead use `register()`:
--import 'data:text/javascript,import { register } from "node:module"; import { pathToFileURL } from "node:url"; register("./test-loader.mjs", pathToFileURL("./"));'
(Use `node --trace-warnings ...` to show where the warning was created)
✔ an 8-month working-capital lead includes Thoro and excludes Dexly on TIB (20.38068ms)
✔ a 24-month, $250,000 working-capital lead includes Dexly (0.710306ms)
✔ missing required criteria exclude a lender (0.340034ms)
✔ documented equipment restrictions exclude a conflicting equipment file (0.299536ms)
✔ incomplete equipment facts cannot silently clear documented restrictions (0.3282ms)
✔ missing amount, TIB, state, and generic Other industry cannot clear structured gates (0.277259ms)
✔ application estimated score band is used only when actual score is absent (0.289165ms)
✔ actual lead credit score overrides application estimated score (0.263242ms)
✔ application business start month supplies time in business when company data is absent (0.434345ms)
✔ company time in business overrides application business start date (0.427733ms)
✔ an equipment trucking lead matches only lenders allowed by structured criteria (3.880953ms)
✔ batch 2 startup, monthly revenue, industry, and financial-statement gates use structured criteria (6.108993ms)
✔ product-scoped revenue gates and all-program industry restrictions apply correctly (1.322492ms)
✔ Section D Fenix and AFG packet scenarios use production seed rows and matcher (2.095461ms)
✔ Maxim uses state/amount/TIB gates, ignores FICO, and requires collateral for WC (1.123167ms)
✔ AFG vocational exceptions are scoped to equipment applications (0.138169ms)
✔ AFG tow-truck exclusion considers company and application signals (0.264229ms)
✔ AFG restricted trucking exceptions cannot be used by working-capital applications (6.337862ms)
✔ AFG tow exclusion ignores incidental towing equipment language (0.142296ms)
✔ rep-facing DKW fixture ranks approval before points and speed (0.481462ms)
✔ Godspeed approval evidence exposes Maxim C1 down-payment range and points (0.545345ms)
✔ generic lender notes never leak a captured approval tier to another lead (0.081791ms)
✔ Maxim points are a documented deal-specific upper bound, not compensation.max (0.255388ms)
✔ Enviro-Care below AFG equipment minimum is explicitly excluded (0.108776ms)
✔ document gaps use categories and statement count without treating one bank statement as three (0.431984ms)
✔ a current business statement reconciles a stale personal-only persisted gap (0.092251ms)
(node:21122) ExperimentalWarning: `--experimental-loader` may be removed in the future; instead use `register()`:
--import 'data:text/javascript,import { register } from "node:module"; import { pathToFileURL } from "node:url"; register("./test-loader.mjs", pathToFileURL("./"));'
(Use `node --trace-warnings ...` to show where the warning was created)
✔ migration runner applies a new file once and skips it on the second run (21.66352ms)
✔ migration runner reports a checksum mismatch without rerunning the file (14.114251ms)
✔ schema boot line reports zero applied migrations (0.256501ms)
✔ schema boot line lists pending migration names (0.433818ms)
✔ dry run treats a wrapped missing-ledger error as a first run (9.084398ms)
(node:21138) ExperimentalWarning: `--experimental-loader` may be removed in the future; instead use `register()`:
--import 'data:text/javascript,import { register } from "node:module"; import { pathToFileURL } from "node:url"; register("./test-loader.mjs", pathToFileURL("./"));'
(Use `node --trace-warnings ...` to show where the warning was created)
✔ assignment destination SQL includes every active non-pending non-merged staff role (1.985189ms)
✔ campaign deals default is unrestricted; open/exclude use complementary correlated existence (6.360583ms)
✔ lead list accepts exact imported source values without changing their spelling (507.525741ms)
(node:21138) ExperimentalWarning: `--experimental-loader` may be removed in the future; instead use `register()`:
--import 'data:text/javascript,import { register } from "node:module"; import { pathToFileURL } from "node:url"; register("./test-loader.mjs", pathToFileURL("./"));'
(Use `node --trace-warnings ...` to show where the warning was created)
(node:21152) ExperimentalWarning: `--experimental-loader` may be removed in the future; instead use `register()`:
--import 'data:text/javascript,import { register } from "node:module"; import { pathToFileURL } from "node:url"; register("./test-loader.mjs", pathToFileURL("./"));'
(Use `node --trace-warnings ...` to show where the warning was created)
✔ seed literals have the exact mapped fields and exhaustive structured notes (2.907026ms)
✔ new lender seeds have one entry per lender and the seed plan is idempotent (0.412573ms)
✔ a later existing-lender packet takes precedence over overlapping seed fields (0.166241ms)
✔ the Section A seed literals preserve exact mapped fields, contacts, nulls, and notes (1.666845ms)
✔ seed insert mapping carries explicit contacts and position caps without name special cases (0.371011ms)
✔ supported document fields are populated only where the packet states them (0.436221ms)
✔ the pure exact-name planner is idempotent and preserves existing names (0.314195ms)
✔ Section B update literals preserve the exact marker, source statements, and schema mappings (0.308032ms)
✔ Section B appends preserve old notes and contacts while restricting structured patches (0.448973ms)
✔ production executor creates first, then applies Section B updates with only AFG contact correction (7.199518ms)
✔ seed operation reports the unique configured lender inventory and updates (1.858857ms)
✔ production executor uses exact names and does not recreate a missing Section B lender (0.696955ms)
✔ structured gates backfill after an earlier packet marker and remain idempotent (1.635228ms)
✔ a prior packet marker without the new AFG marker is updated once and then unchanged (0.834887ms)
✔ prior packet inventory includes the new AFG update and three unapplied September 15 updates (1.444154ms)
✔ Section D seeds one missing lender and updates old AFG marker exactly once (1.024883ms)
✔ the original four-lender seed script remains byte-unchanged (11.008662ms)
(node:21169) ExperimentalWarning: `--experimental-loader` may be removed in the future; instead use `register()`:
--import 'data:text/javascript,import { register } from "node:module"; import { pathToFileURL } from "node:url"; register("./test-loader.mjs", pathToFileURL("./"));'
(Use `node --trace-warnings ...` to show where the warning was created)
✔ legacy deal numbers cannot reappear in notification titles or descriptions (33.118506ms)
✔ the generated client's exact notification payload matches the query schema (2.577247ms)
✔ rep can list, click through, mark read, and mark all read without changing another user's rows (17.755322ms)
✔ admin can list, click through, mark read, and mark all read without changing another user's rows (14.441693ms)
(node:21169) ExperimentalWarning: `--experimental-loader` may be removed in the future; instead use `register()`:
--import 'data:text/javascript,import { register } from "node:module"; import { pathToFileURL } from "node:url"; register("./test-loader.mjs", pathToFileURL("./"));'
(Use `node --trace-warnings ...` to show where the warning was created)
(node:21175) ExperimentalWarning: `--experimental-loader` may be removed in the future; instead use `register()`:
--import 'data:text/javascript,import { register } from "node:module"; import { pathToFileURL } from "node:url"; register("./test-loader.mjs", pathToFileURL("./"));'
(Use `node --trace-warnings ...` to show where the warning was created)
✔ notification delivery attempts Expo and web channels independently (3.473246ms)
(node:21175) ExperimentalWarning: `--experimental-loader` may be removed in the future; instead use `register()`:
--import 'data:text/javascript,import { register } from "node:module"; import { pathToFileURL } from "node:url"; register("./test-loader.mjs", pathToFileURL("./"));'
(Use `node --trace-warnings ...` to show where the warning was created)
(node:21190) ExperimentalWarning: `--experimental-loader` may be removed in the future; instead use `register()`:
--import 'data:text/javascript,import { register } from "node:module"; import { pathToFileURL } from "node:url"; register("./test-loader.mjs", pathToFileURL("./"));'
(Use `node --trace-warnings ...` to show where the warning was created)
✔ broker-out matches are grouped as super-broker options (1.134507ms)
✔ broker-in split math exposes gross, referral, and net GM (1.301573ms)
✔ split math clamps malformed percentages (0.102256ms)
✔ missing referral data produces a numeric zero instead of NaN (0.168806ms)
(node:21198) ExperimentalWarning: `--experimental-loader` may be removed in the future; instead use `register()`:
--import 'data:text/javascript,import { register } from "node:module"; import { pathToFileURL } from "node:url"; register("./test-loader.mjs", pathToFileURL("./"));'
(Use `node --trace-warnings ...` to show where the warning was created)
✔ native PDF is healthy without Chromium; failed launches are cached for ten minutes (54.969285ms)
✔ successful probe closes browser and uses bounded launch options (2.782493ms)
✔ probe times out and still closes a late browser (43.047653ms)
(node:21216) ExperimentalWarning: `--experimental-loader` may be removed in the future; instead use `register()`:
--import 'data:text/javascript,import { register } from "node:module"; import { pathToFileURL } from "node:url"; register("./test-loader.mjs", pathToFileURL("./"));'
(Use `node --trace-warnings ...` to show where the warning was created)
[18:45:02.068] [33mWARN[39m (21216): [36mNon-fatal unhandled promise rejection; keeping process alive[39m
    [35mstack[39m: "Error: expected background cancellation\n    at TestContext.<anonymous> (file:///home/runner/workspace/artifacts/api-server/src/lib/processHandlers.test.ts:11:33)\n    at Test.runInAsyncScope (node:async_hooks:214:14)\n    at Test.run (node:internal/test_runner/test:1106:25)\n    at Test.start (node:internal/test_runner/test:1003:17)\n    at startSubtestAfterBootstrap (node:internal/test_runner/harness:358:17)\n    at process.processTicksAndRejections (node:internal/process/task_queues:103:5)"
    err: {
      "type": "Error",
      "message": "expected background cancellation",
      "stack":
          Error: expected background cancellation
              at TestContext.<anonymous> (file:///home/runner/workspace/artifacts/api-server/src/lib/processHandlers.test.ts:11:33)
              at Test.runInAsyncScope (node:async_hooks:214:14)
              at Test.run (node:internal/test_runner/test:1106:25)
              at Test.start (node:internal/test_runner/test:1003:17)
              at startSubtestAfterBootstrap (node:internal/test_runner/harness:358:17)
              at process.processTicksAndRejections (node:internal/process/task_queues:103:5)
    }
[18:45:02.069] [41mFATAL[49m (21216): [36mFATAL: Unhandled promise rejection; exiting[39m
    [35mstack[39m: "Error: unexpected failure\n    at TestContext.<anonymous> (file:///home/runner/workspace/artifacts/api-server/src/lib/processHandlers.test.ts:25:28)\n    at Test.runInAsyncScope (node:async_hooks:214:14)\n    at Test.run (node:internal/test_runner/test:1106:25)\n    at Test.processPendingSubtests (node:internal/test_runner/test:788:18)\n    at Test.postRun (node:internal/test_runner/test:1235:19)\n    at Test.run (node:internal/test_runner/test:1163:12)\n    at process.processTicksAndRejections (node:internal/process/task_queues:103:5)\n    at async startSubtestAfterBootstrap (node:internal/test_runner/harness:358:3)"
    err: {
      "type": "Error",
      "message": "unexpected failure",
      "stack":
          Error: unexpected failure
              at TestContext.<anonymous> (file:///home/runner/workspace/artifacts/api-server/src/lib/processHandlers.test.ts:25:28)
              at Test.runInAsyncScope (node:async_hooks:214:14)
              at Test.run (node:internal/test_runner/test:1106:25)
              at Test.processPendingSubtests (node:internal/test_runner/test:788:18)
              at Test.postRun (node:internal/test_runner/test:1235:19)
              at Test.run (node:internal/test_runner/test:1163:12)
              at process.processTicksAndRejections (node:internal/process/task_queues:103:5)
              at async startSubtestAfterBootstrap (node:internal/test_runner/harness:358:3)
    }
[18:45:02.230] [41mFATAL[49m (21216): [36mFATAL: Uncaught exception; exiting[39m
    [35mstack[39m: "Error: unexpected exception\n    at TestContext.<anonymous> (file:///home/runner/workspace/artifacts/api-server/src/lib/processHandlers.test.ts:35:27)\n    at Test.runInAsyncScope (node:async_hooks:214:14)\n    at Test.run (node:internal/test_runner/test:1106:25)\n    at Test.processPendingSubtests (node:internal/test_runner/test:788:18)\n    at Test.postRun (node:internal/test_runner/test:1235:19)\n    at Test.run (node:internal/test_runner/test:1163:12)\n    at process.processTicksAndRejections (node:internal/process/task_queues:103:5)\n    at async Test.processPendingSubtests (node:internal/test_runner/test:788:7)"
    [35morigin[39m: "uncaughtException"
    err: {
      "type": "Error",
      "message": "unexpected exception",
      "stack":
          Error: unexpected exception
              at TestContext.<anonymous> (file:///home/runner/workspace/artifacts/api-server/src/lib/processHandlers.test.ts:35:27)
              at Test.runInAsyncScope (node:async_hooks:214:14)
              at Test.run (node:internal/test_runner/test:1106:25)
              at Test.processPendingSubtests (node:internal/test_runner/test:788:18)
              at Test.postRun (node:internal/test_runner/test:1235:19)
              at Test.run (node:internal/test_runner/test:1163:12)
              at process.processTicksAndRejections (node:internal/process/task_queues:103:5)
              at async Test.processPendingSubtests (node:internal/test_runner/test:788:7)
    }
✔ only explicitly marked promise rejections keep the process alive (1.324287ms)
✔ unknown promise rejections are fatal (160.847791ms)
✔ unknown uncaught exceptions are fatal (2.786697ms)
✔ explicitly marked uncaught exceptions keep the process alive (0.235586ms)
(node:21216) ExperimentalWarning: `--experimental-loader` may be removed in the future; instead use `register()`:
--import 'data:text/javascript,import { register } from "node:module"; import { pathToFileURL } from "node:url"; register("./test-loader.mjs", pathToFileURL("./"));'
(Use `node --trace-warnings ...` to show where the warning was created)
[18:45:02.233] [33mWARN[39m (21216): [36mNon-fatal uncaught exception; keeping process alive[39m
    [35mstack[39m: "Error: expected isolated exception\n    at TestContext.<anonymous> (file:///home/runner/workspace/artifacts/api-server/src/lib/processHandlers.test.ts:46:18)\n    at Test.runInAsyncScope (node:async_hooks:214:14)\n    at Test.run (node:internal/test_runner/test:1106:25)\n    at Test.processPendingSubtests (node:internal/test_runner/test:788:18)\n    at Test.postRun (node:internal/test_runner/test:1235:19)\n    at Test.run (node:internal/test_runner/test:1163:12)\n    at process.processTicksAndRejections (node:internal/process/task_queues:103:5)\n    at async Test.processPendingSubtests (node:internal/test_runner/test:788:7)"
    [35morigin[39m: "uncaughtException"
    err: {
      "type": "Error",
      "message": "expected isolated exception",
      "stack":
          Error: expected isolated exception
              at TestContext.<anonymous> (file:///home/runner/workspace/artifacts/api-server/src/lib/processHandlers.test.ts:46:18)
              at Test.runInAsyncScope (node:async_hooks:214:14)
              at Test.run (node:internal/test_runner/test:1106:25)
              at Test.processPendingSubtests (node:internal/test_runner/test:788:18)
              at Test.postRun (node:internal/test_runner/test:1235:19)
              at Test.run (node:internal/test_runner/test:1163:12)
              at process.processTicksAndRejections (node:internal/process/task_queues:103:5)
              at async Test.processPendingSubtests (node:internal/test_runner/test:788:7)
    }
(node:21222) ExperimentalWarning: `--experimental-loader` may be removed in the future; instead use `register()`:
--import 'data:text/javascript,import { register } from "node:module"; import { pathToFileURL } from "node:url"; register("./test-loader.mjs", pathToFileURL("./"));'
(Use `node --trace-warnings ...` to show where the warning was created)
✔ production closeout route requires an authenticated admin (42.519608ms)
✔ production closeout route returns the same shared lender operation result (7.247597ms)
(node:21222) ExperimentalWarning: `--experimental-loader` may be removed in the future; instead use `register()`:
--import 'data:text/javascript,import { register } from "node:module"; import { pathToFileURL } from "node:url"; register("./test-loader.mjs", pathToFileURL("./"));'
(Use `node --trace-warnings ...` to show where the warning was created)
Failed to run production closeout Error: closeout unavailable
    at runProductionCloseout (file:///home/runner/workspace/artifacts/api-server/src/lib/productionCloseoutRoute.test.ts:126:13)
    at file:///home/runner/workspace/artifacts/api-server/src/routes/adminProductionCloseout.ts:41:28
    at process.processTicksAndRejections (node:internal/process/task_queues:103:5)
✔ production closeout route preserves operation failure results and handles unexpected 500s (11.303877ms)
(node:21232) ExperimentalWarning: `--experimental-loader` may be removed in the future; instead use `register()`:
--import 'data:text/javascript,import { register } from "node:module"; import { pathToFileURL } from "node:url"; register("./test-loader.mjs", pathToFileURL("./"));'
(Use `node --trace-warnings ...` to show where the warning was created)
✔ production closeout executes operations in the required order (2.77737ms)
✔ production closeout stops on the first failure and reports skipped operations (0.946108ms)
(node:21243) ExperimentalWarning: `--experimental-loader` may be removed in the future; instead use `register()`:
--import 'data:text/javascript,import { register } from "node:module"; import { pathToFileURL } from "node:url"; register("./test-loader.mjs", pathToFileURL("./"));'
(Use `node --trace-warnings ...` to show where the warning was created)
✔ public application, status, chooser, and unsubscribe page markup has no placeholder contacts (8.003373ms)
✔ rendered applicant-facing emails and voicemail follow-up SMS never contain placeholder contacts (6.414089ms)
(node:21243) ExperimentalWarning: `--experimental-loader` may be removed in the future; instead use `register()`:
--import 'data:text/javascript,import { register } from "node:module"; import { pathToFileURL } from "node:url"; register("./test-loader.mjs", pathToFileURL("./"));'
(Use `node --trace-warnings ...` to show where the warning was created)
(node:21255) ExperimentalWarning: `--experimental-loader` may be removed in the future; instead use `register()`:
--import 'data:text/javascript,import { register } from "node:module"; import { pathToFileURL } from "node:url"; register("./test-loader.mjs", pathToFileURL("./"));'
(Use `node --trace-warnings ...` to show where the warning was created)
✔ CRM notification types map to their exact preference events (0.734353ms)
✔ generic status_changed notifications do not infer a browser event (0.16617ms)
✔ push master-off suppresses web push while event preference remains independent (0.226787ms)
✔ expired web-push responses are prunable, other failures are retained (0.19112ms)
(node:21255) ExperimentalWarning: `--experimental-loader` may be removed in the future; instead use `register()`:
--import 'data:text/javascript,import { register } from "node:module"; import { pathToFileURL } from "node:url"; register("./test-loader.mjs", pathToFileURL("./"));'
(Use `node --trace-warnings ...` to show where the warning was created)
(node:21276) ExperimentalWarning: `--experimental-loader` may be removed in the future; instead use `register()`:
--import 'data:text/javascript,import { register } from "node:module"; import { pathToFileURL } from "node:url"; register("./test-loader.mjs", pathToFileURL("./"));'
(Use `node --trace-warnings ...` to show where the warning was created)
✔ authenticated subscription route round-trips through upsert and unsubscribe handlers (58.986356ms)
✔ push subscription origins accept known providers and reject lookalikes/insecure URLs (5.591124ms)
✔ concurrent first claims of one endpoint cannot transfer its owner (28.212497ms)
(node:21276) ExperimentalWarning: `--experimental-loader` may be removed in the future; instead use `register()`:
--import 'data:text/javascript,import { register } from "node:module"; import { pathToFileURL } from "node:url"; register("./test-loader.mjs", pathToFileURL("./"));'
(Use `node --trace-warnings ...` to show where the warning was created)
(node:21277) ExperimentalWarning: `--experimental-loader` may be removed in the future; instead use `register()`:
--import 'data:text/javascript,import { register } from "node:module"; import { pathToFileURL } from "node:url"; register("./test-loader.mjs", pathToFileURL("./"));'
(Use `node --trace-warnings ...` to show where the warning was created)
✔ server rate points calculation matches Maxim fixture (2.280478ms)
✔ server calculation accounts for payment in advance (0.268082ms)
(node:21293) ExperimentalWarning: `--experimental-loader` may be removed in the future; instead use `register()`:
--import 'data:text/javascript,import { register } from "node:module"; import { pathToFileURL } from "node:url"; register("./test-loader.mjs", pathToFileURL("./"));'
(Use `node --trace-warnings ...` to show where the warning was created)
✔ Ray reserved email mapping is exact and old Rahmare mapping is gone (0.962043ms)
✔ Ray greeting fallback uses the canonical display name (0.336664ms)
✔ QR generators receive canonical web payloads through injected spies (1.50261ms)
(node:21293) ExperimentalWarning: `--experimental-loader` may be removed in the future; instead use `register()`:
--import 'data:text/javascript,import { register } from "node:module"; import { pathToFileURL } from "node:url"; register("./test-loader.mjs", pathToFileURL("./"));'
(Use `node --trace-warnings ...` to show where the warning was created)
✔ injected QR router serves the expected binary content types (45.432259ms)
(node:21311) ExperimentalWarning: `--experimental-loader` may be removed in the future; instead use `register()`:
--import 'data:text/javascript,import { register } from "node:module"; import { pathToFileURL } from "node:url"; register("./test-loader.mjs", pathToFileURL("./"));'
(Use `node --trace-warnings ...` to show where the warning was created)
✔ retirement auth is admin-only and generic PUT requires retirement for an existing slug (0.691763ms)
✔ retirement is idempotent and permanently reserves the prior slug (1.807509ms)
✔ retirement rejects active and retired targets (0.58254ms)
✔ failed update rolls back reservation and never writes history (0.402423ms)
(node:21311) ExperimentalWarning: `--experimental-loader` may be removed in the future; instead use `register()`:
--import 'data:text/javascript,import { register } from "node:module"; import { pathToFileURL } from "node:url"; register("./test-loader.mjs", pathToFileURL("./"));'
(Use `node --trace-warnings ...` to show where the warning was created)
✔ retired public resolver responds with a canonical 301 (29.370011ms)
(node:21324) ExperimentalWarning: `--experimental-loader` may be removed in the future; instead use `register()`:
--import 'data:text/javascript,import { register } from "node:module"; import { pathToFileURL } from "node:url"; register("./test-loader.mjs", pathToFileURL("./"));'
(Use `node --trace-warnings ...` to show where the warning was created)
✔ safe auth lookup preserves an initialized user id (1.025276ms)
✔ safe auth lookup does not mask an earlier request error (0.252184ms)
(node:21338) ExperimentalWarning: `--experimental-loader` may be removed in the future; instead use `register()`:
--import 'data:text/javascript,import { register } from "node:module"; import { pathToFileURL } from "node:url"; register("./test-loader.mjs", pathToFileURL("./"));'
(Use `node --trace-warnings ...` to show where the warning was created)
✔ admin errors page rejects malformed input with its field (2.691621ms)
✔ governance purge confirmation rejects malformed input with its field (0.408976ms)
✔ analytics rep rejects malformed input with its field (0.395801ms)
✔ credit log date rejects malformed input with its field (1.127528ms)
✔ deal list sort rejects malformed input with its field (1.202635ms)
✔ lead list status rejects malformed input with its field (1.081151ms)
✔ notification page rejects malformed input with its field (0.562107ms)
✔ PII log category rejects malformed input with its field (0.520888ms)
(node:21338) ExperimentalWarning: `--experimental-loader` may be removed in the future; instead use `register()`:
--import 'data:text/javascript,import { register } from "node:module"; import { pathToFileURL } from "node:url"; register("./test-loader.mjs", pathToFileURL("./"));'
(Use `node --trace-warnings ...` to show where the warning was created)
(node:21350) ExperimentalWarning: `--experimental-loader` may be removed in the future; instead use `register()`:
--import 'data:text/javascript,import { register } from "node:module"; import { pathToFileURL } from "node:url"; register("./test-loader.mjs", pathToFileURL("./"));'
(Use `node --trace-warnings ...` to show where the warning was created)
✔ boot-critical routes precede Clerk and global validation middleware (2.844881ms)
(node:21350) ExperimentalWarning: `--experimental-loader` may be removed in the future; instead use `register()`:
--import 'data:text/javascript,import { register } from "node:module"; import { pathToFileURL } from "node:url"; register("./test-loader.mjs", pathToFileURL("./"));'
(Use `node --trace-warnings ...` to show where the warning was created)
[18:45:08.770] [32mINFO[39m (21350): [36mSENTRY_DSN not set — Sentry error tracking disabled[39m
[18:45:08.780] [32mINFO[39m (21350): [36mClerk production proxy FAPI host resolved[39m
    [35mclerkFapiHost[39m: "frontend-api.clerk.dev"
    [35mpublishableKeyHost[39m: "select-humpback-65.clerk.accounts.dev"
    [35mpublishableKeyPrefix[39m: "pk_test"
    [35msecretKeyPrefix[39m: "sk_test"
    [35mproxyRevision[39m: "2026-09-19.1"
(node:21364) ExperimentalWarning: `--experimental-loader` may be removed in the future; instead use `register()`:
--import 'data:text/javascript,import { register } from "node:module"; import { pathToFileURL } from "node:url"; register("./test-loader.mjs", pathToFileURL("./"));'
(Use `node --trace-warnings ...` to show where the warning was created)
✔ proxy forwards signed raw bytes and preserves host and one-hop forwarding headers (38.127603ms)
✔ proxy streams headers and response chunks before the upstream finishes (14.077988ms)
✔ proxy returns an explicit 503 when the private runtime connection fails (14.181828ms)
✔ proxy forwards the socket address as a single fallback hop when X-Forwarded-For is absent (8.158251ms)
✔ proxy aborts the public response if an upstream stream fails after headers (23.077131ms)
✔ aborting the public response closes the corresponding upstream response (8.80063ms)
✔ aborting an incoming upload cancels the forwarded upstream request (9.775524ms)
(node:21382) ExperimentalWarning: `--experimental-loader` may be removed in the future; instead use `register()`:
--import 'data:text/javascript,import { register } from "node:module"; import { pathToFileURL } from "node:url"; register("./test-loader.mjs", pathToFileURL("./"));'
(Use `node --trace-warnings ...` to show where the warning was created)
{"applied":["037_partner_flows_and_texting.sql","047_partner_contacts_prerequisite.sql","038_partner_texting.sql","039_ridgestone_partner_profile.sql","040_release_schema_parity.sql","041_push_notifications.sql","042_push_delivery_ledger.sql","043_align_push_schema.sql","044_notification_delivery_claims.sql","045_application_equipment_category_homeowner.sql","046_complete_partner_contacts_recovery.sql","048_financing_campaign_draft.sql","049_lender_underwriting_intelligence.sql","050_lender_guideline_versions.sql","051_users_role_default_pending.sql","052_reusable_campaign_launcher.sql","053_campaign_preview_approval_snapshots.sql","054_campaign_preview_recipient_snapshots.sql","055_campaign_launch_execution_leases.sql","056_campaign_flyer.sql","057_telephony_settings.sql","058_telephony_business_defaults.sql","059_inbound_voice_settings.sql","060_inbound_voice_array_defaults.sql","061_telephony_completion.sql","062_email_readiness_daily_cap.sql","063_lead_vertical.sql","064_collateral_flyer_library.sql","065_campaign_flyer_link_vendor_template.sql","066_bundled_vendor_equipment_flyers.sql","067_campaign_attribution.sql","068_campaign_attribution_fk_names.sql","069_campaign_attribution_recovery.sql"],"superseded":["036_partners_contacts.sql"],"alreadyApplied":["000_baseline.sql","001_create_credit_tables.sql","002_rep_slugs.sql","003_deals.sql","004_deal_intended_rep_slug.sql","005_lead_distribution_settings.sql","006_drip_sequence_ownership.sql","007_lead_staleness_threshold.sql","008_email_safety_settings.sql","009_email_send_failure_reason.sql","010_email_webhook_events.sql","011_email_rate_slots.sql","012_application_signature.sql","013_retired_rep_slugs.sql","014_application_optional_fields.sql","015_application_consent_text_version.sql","016_user_titles.sql","017_deal_notes_gm_split.sql","018_lender_matcher_gates.sql","019_document_categories.sql","020_lender_submissions.sql","021_lead_package_config.sql","022_lender_submission_package_snapshots.sql","023_routing_and_marketing_ownership.sql","024_email_compliance_daily_budget.sql","025_usfa_intake.sql","026_usfa_intake_runtime_support.sql","028_merge_going_to_funding_stage.sql","029_deal_approvals.sql","030_add_application_collateral.sql","031_collateral_library.sql","032_finance_application_collateral.sql","033_lender_submission_review_fields.sql","034_application_sms_consent.sql","035_user_identities.sql","036_partners_contacts.sql"],"schema":{"failed":null}}
✔ production-partial partner recovery reaches the current migration head (6015.075219ms)
✔ boot migration runner applies two pending files in numeric order and records them (6.000388ms)
✔ a failing second file keeps the first file applied and recorded (13.77165ms)
✔ a failed entry with a checksum mismatch is reported without retrying (3.949962ms)
✔ dry-run reads a legacy schema_migrations ledger without mutating it (8.809588ms)
✔ a mismatch blocks pending files collected before it (4.923696ms)
✔ a persisted checksum-matching non-duplicate failure remains failed and stops following files (38.627043ms)
✔ a failed migration reports prior applied work and boot still releases its coordinator (7.034602ms)
✔ a checksum-matching duplicate-object failure is superseded (8.041617ms)
✔ a timed-out advisory lock records degraded startup and releases the client (0.687158ms)
(node:21390) ExperimentalWarning: `--experimental-loader` may be removed in the future; instead use `register()`:
--import 'data:text/javascript,import { register } from "node:module"; import { pathToFileURL } from "node:url"; register("./test-loader.mjs", pathToFileURL("./"));'
(Use `node --trace-warnings ...` to show where the warning was created)
(node:21390) ExperimentalWarning: `--experimental-loader` may be removed in the future; instead use `register()`:
--import 'data:text/javascript,import { register } from "node:module"; import { pathToFileURL } from "node:url"; register("./test-loader.mjs", pathToFileURL("./"));'
(Use `node --trace-warnings ...` to show where the warning was created)
✔ scrub A fixture stores normalized EIN, server consent version, optional secondary owner, and both signature methods (94.208045ms)
✔ scrub A fixture reports named validation fields and creates the working-capital statement task (62.316655ms)
✔ scrub A migration dry-run discovers baseline then the append-only 001–022 set without writing (86.288843ms)
✔ scrub A selected-package preview has no submission write path (30.973492ms)
✔ scrub A package-config route persists, returns, and resets selection in an isolated repository (2.16867ms)
✔ scrub A administrator can override a recent lender submission and records the submission activity (7.721257ms)
(node:21406) ExperimentalWarning: `--experimental-loader` may be removed in the future; instead use `register()`:
--import 'data:text/javascript,import { register } from "node:module"; import { pathToFileURL } from "node:url"; register("./test-loader.mjs", pathToFileURL("./"));'
(Use `node --trace-warnings ...` to show where the warning was created)
✔ routing defaults to manual and only rotates ordinary website inbound leads (1.160648ms)
✔ automatic stale reassignment requires both opt-in flags and a rotating source (0.13835ms)
✔ representatives cannot manage other resources but can read administrator-owned resources (0.097695ms)
✔ stale reassignment uses a core select builder, never an aliased relational findMany (0.537662ms)
✔ drip API returns 403 when a rep reads, updates, or deletes another rep's sequence (64.245617ms)
✔ drip API permits a rep to read an admin sequence but forbids editing it (19.365279ms)
(node:21406) ExperimentalWarning: `--experimental-loader` may be removed in the future; instead use `register()`:
--import 'data:text/javascript,import { register } from "node:module"; import { pathToFileURL } from "node:url"; register("./test-loader.mjs", pathToFileURL("./"));'
(Use `node --trace-warnings ...` to show where the warning was created)
✔ drip enrollment API returns 403 for a lead assigned to another representative (17.540641ms)
✔ drip enrollment API rejects an admin sequence containing another rep's private template (31.268744ms)
✔ drip API returns 400 for malformed sequence and nested step bodies (22.768505ms)
✔ template API returns 403 for another rep's read, update, and delete (53.544226ms)
✔ template API permits a rep to read an admin template but forbids editing it (12.496518ms)
(node:21423) ExperimentalWarning: `--experimental-loader` may be removed in the future; instead use `register()`:
--import 'data:text/javascript,import { register } from "node:module"; import { pathToFileURL } from "node:url"; register("./test-loader.mjs", pathToFileURL("./"));'
(Use `node --trace-warnings ...` to show where the warning was created)
✔ the actual provider dispatch sink sends a signed unsubscribe footer and legal address (2.15465ms)
✔ a no-flyer campaign message has text/plain, minimal HTML, and zero attachments (0.888498ms)
(node:21423) ExperimentalWarning: `--experimental-loader` may be removed in the future; instead use `register()`:
--import 'data:text/javascript,import { register } from "node:module"; import { pathToFileURL } from "node:url"; register("./test-loader.mjs", pathToFileURL("./"));'
(Use `node --trace-warnings ...` to show where the warning was created)
✔ correlated webhook suppresses the persisted recipient, not a mismatched event email (44.520475ms)
✔ valid SendGrid ECDSA signature passes through exact raw-body verification (21.201632ms)
✔ invalid webhook signatures return 401 before any delivery or suppression mutation (11.811392ms)
✔ signed webhook route suppresses the matched lead for every H event (27.366067ms)
✔ admin test-send route sends fixed CEO message from funding address and returns mocked provider id (7.189432ms)
✔ shared locked daily bulk/drip reservation allows 75 combined attempts and denies the rest (1.252002ms)
✔ bulk and drip production call sites opt into the shared 60-message reservation (8.914974ms)
✔ email-delivery settings rejects null and malformed F fields with a named issue before database access (2.64362ms)
(node:21463) ExperimentalWarning: `--experimental-loader` may be removed in the future; instead use `register()`:
--import 'data:text/javascript,import { register } from "node:module"; import { pathToFileURL } from "node:url"; register("./test-loader.mjs", pathToFileURL("./"));'
(Use `node --trace-warnings ...` to show where the warning was created)
✔ rep performance keeps active reps plus historical owners and falls back to the email name (839.257819ms)
✔ average funding time's production predicate rejects cycles under 24 hours (2.378805ms)
✔ deal export HTTP handler retains representative ownership scope while admins can select a representative (161.338034ms)
(node:21463) ExperimentalWarning: `--experimental-loader` may be removed in the future; instead use `register()`:
--import 'data:text/javascript,import { register } from "node:module"; import { pathToFileURL } from "node:url"; register("./test-loader.mjs", pathToFileURL("./"));'
(Use `node --trace-warnings ...` to show where the warning was created)
✔ retired public rep slugs use a permanent canonical redirect while unknown slugs stay generic (257.478495ms)
✔ lender packages select statements only from their persisted category, never their filename (30.979103ms)
✔ submission's actual handler refuses a same lender/lead submission inside 24 hours before building or sending (131.815066ms)
(node:21491) ExperimentalWarning: `--experimental-loader` may be removed in the future; instead use `register()`:
--import 'data:text/javascript,import { register } from "node:module"; import { pathToFileURL } from "node:url"; register("./test-loader.mjs", pathToFileURL("./"));'
(Use `node --trace-warnings ...` to show where the warning was created)
✔ accepts Calvin source ownership with a missing marker for repair (0.789861ms)
✔ accepts a real Calvin assignee with the Calvin marker (0.134625ms)
✔ accepts an already-unassigned Calvin reservation (2.811349ms)
✔ unchanged seeded ownership produces no corrections or assignment activity inputs (0.697778ms)
✔ closeout preserves a real Calvin assignment instead of creating a clear/reconcile loop (0.201645ms)
✔ tolerates converted or deleted seed rows and reports only matching markers (0.243396ms)
✔ fails closeout only when no matching seeded rows remain (0.247351ms)
✔ normalizes funding duration to a nonnegative whole day or null (0.132503ms)
(node:21521) ExperimentalWarning: `--experimental-loader` may be removed in the future; instead use `register()`:
--import 'data:text/javascript,import { register } from "node:module"; import { pathToFileURL } from "node:url"; register("./test-loader.mjs", pathToFileURL("./"));'
(Use `node --trace-warnings ...` to show where the warning was created)
✔ Sentry remains unloaded without a DSN and retains its privacy-safe capture setup when enabled (1.555648ms)
(node:21521) ExperimentalWarning: `--experimental-loader` may be removed in the future; instead use `register()`:
--import 'data:text/javascript,import { register } from "node:module"; import { pathToFileURL } from "node:url"; register("./test-loader.mjs", pathToFileURL("./"));'
(Use `node --trace-warnings ...` to show where the warning was created)
[18:45:09.446] [32mINFO[39m (21521): [36mSENTRY_DSN not set — Sentry error tracking disabled[39m
[18:45:09.447] [32mINFO[39m (21521): [36mSentry error tracking initialized[39m
(node:21535) ExperimentalWarning: `--experimental-loader` may be removed in the future; instead use `register()`:
--import 'data:text/javascript,import { register } from "node:module"; import { pathToFileURL } from "node:url"; register("./test-loader.mjs", pathToFileURL("./"));'
(Use `node --trace-warnings ...` to show where the warning was created)
✔ unchecked SMS consent stays false and leaves timestamp and IP empty (1.665154ms)
✔ checked SMS consent records timestamp and IP and makes the lead eligible (0.213919ms)
✔ legacy or incomplete consent records remain ineligible (0.278458ms)
(node:21543) ExperimentalWarning: `--experimental-loader` may be removed in the future; instead use `register()`:
--import 'data:text/javascript,import { register } from "node:module"; import { pathToFileURL } from "node:url"; register("./test-loader.mjs", pathToFileURL("./"));'
(Use `node --trace-warnings ...` to show where the warning was created)
✔ normal leads select compiles stale condition with a stable correlated alias (4.067027ms)
✔ latest activity sort expressions compile with an explicit activity alias (0.911513ms)
✔ active stages compile as inArray parameters rather than raw SQL (1.439717ms)
✔ two-phase lead and deal ID queries keep correlated SQL out of relational hydration (1.932004ms)
(node:21555) ExperimentalWarning: `--experimental-loader` may be removed in the future; instead use `register()`:
--import 'data:text/javascript,import { register } from "node:module"; import { pathToFileURL } from "node:url"; register("./test-loader.mjs", pathToFileURL("./"));'
(Use `node --trace-warnings ...` to show where the warning was created)
✔ stale display boundary is a strict less-than comparison (1.040156ms)
(node:21563) ExperimentalWarning: `--experimental-loader` may be removed in the future; instead use `register()`:
--import 'data:text/javascript,import { register } from "node:module"; import { pathToFileURL } from "node:url"; register("./test-loader.mjs", pathToFileURL("./"));'
(Use `node --trace-warnings ...` to show where the warning was created)
✔ startup gate keeps deployment liveness healthy while booting (39.263276ms)
✔ startup gate rejects business traffic until the application is ready (11.038951ms)
✔ startup gate hands the same listener to the application once ready (5.358779ms)
✔ failed initialization stays observable and does not admit business traffic (12.016784ms)
✔ liveness stays independent of production email configuration and ready listener (12.427282ms)
(node:21571) ExperimentalWarning: `--experimental-loader` may be removed in the future; instead use `register()`:
--import 'data:text/javascript,import { register } from "node:module"; import { pathToFileURL } from "node:url"; register("./test-loader.mjs", pathToFileURL("./"));'
(Use `node --trace-warnings ...` to show where the warning was created)
✔ rep can create a task assigned to themself on their lead (39.225114ms)
(node:21571) ExperimentalWarning: `--experimental-loader` may be removed in the future; instead use `register()`:
--import 'data:text/javascript,import { register } from "node:module"; import { pathToFileURL } from "node:url"; register("./test-loader.mjs", pathToFileURL("./"));'
(Use `node --trace-warnings ...` to show where the warning was created)
✔ rep cannot create a task assigned to another user (17.985998ms)
✔ manager can create a task assigned to any active user (8.849216ms)
✔ manager cannot create a task for an inactive user (36.672268ms)
✔ PATCH allows a manager to reassign to an active user (9.34818ms)
✔ PATCH rejects a rep assigning a task to another user without updating it (7.897714ms)
✔ PATCH rejects assignment to an inactive user (6.366108ms)
(node:21581) ExperimentalWarning: `--experimental-loader` may be removed in the future; instead use `register()`:
--import 'data:text/javascript,import { register } from "node:module"; import { pathToFileURL } from "node:url"; register("./test-loader.mjs", pathToFileURL("./"));'
(Use `node --trace-warnings ...` to show where the warning was created)
✔ audio upload grants bind the file, greeting, administrator and expiry (1.171471ms)
✔ greeting accepts only an MP3 signature under 2 MB (1.685001ms)
(node:21581) ExperimentalWarning: `--experimental-loader` may be removed in the future; instead use `register()`:
--import 'data:text/javascript,import { register } from "node:module"; import { pathToFileURL } from "node:url"; register("./test-loader.mjs", pathToFileURL("./"));'
(Use `node --trace-warnings ...` to show where the warning was created)
(node:21589) ExperimentalWarning: `--experimental-loader` may be removed in the future; instead use `register()`:
--import 'data:text/javascript,import { register } from "node:module"; import { pathToFileURL } from "node:url"; register("./test-loader.mjs", pathToFileURL("./"));'
(Use `node --trace-warnings ...` to show where the warning was created)
✔ browser calls use the configured voice caller ID (0.721482ms)
✔ browser call caller ID falls back to the client identity when unset (0.137126ms)
✔ SMS replies use the owned inbound number for the existing thread (0.182406ms)
✔ both owned numbers are valid inbound destinations (0.141582ms)
✔ new SMS and unowned inbound threads use the configured sender (0.202592ms)
(node:21597) ExperimentalWarning: `--experimental-loader` may be removed in the future; instead use `register()`:
--import 'data:text/javascript,import { register } from "node:module"; import { pathToFileURL } from "node:url"; register("./test-loader.mjs", pathToFileURL("./"));'
(Use `node --trace-warnings ...` to show where the warning was created)
✔ uses a valid TWILIO_PHONE_NUMBER fallback when settings are unset (1.392832ms)
✔ uses the business default when the environment fallback is absent or invalid (0.244927ms)
✔ persisted numbers override the environment fallback independently (0.128928ms)
(node:21613) ExperimentalWarning: `--experimental-loader` may be removed in the future; instead use `register()`:
--import 'data:text/javascript,import { register } from "node:module"; import { pathToFileURL } from "node:url"; register("./test-loader.mjs", pathToFileURL("./"));'
(Use `node --trace-warnings ...` to show where the warning was created)
✔ historical outcomes are a bounded explainable signal (1.180835ms)
✔ unsupported economics stay null instead of being invented (0.124152ms)
✔ bank-derived revenue keeps bank-statement provenance and source IDs (0.228941ms)
(node:21621) ExperimentalWarning: `--experimental-loader` may be removed in the future; instead use `register()`:
--import 'data:text/javascript,import { register } from "node:module"; import { pathToFileURL } from "node:url"; register("./test-loader.mjs", pathToFileURL("./"));'
(Use `node --trace-warnings ...` to show where the warning was created)
✔ identity resolution prefers a linked identity and falls back to the legacy clerk id (0.718546ms)
✔ merge reference policy moves every requested source reference to the target (0.416996ms)
✔ merge refuses inactive targets and only requires confirmation for reassignment (0.665796ms)
✔ reserved email attaches to the active reserved-slug owner, not a new user (0.200601ms)
✔ merge keeps target slug and retires and clears the source slug (0.876617ms)
(node:21629) ExperimentalWarning: `--experimental-loader` may be removed in the future; instead use `register()`:
--import 'data:text/javascript,import { register } from "node:module"; import { pathToFileURL } from "node:url"; register("./test-loader.mjs", pathToFileURL("./"));'
(Use `node --trace-warnings ...` to show where the warning was created)
✔ USFA mapper normalizes the exact Doe Street vendor row (2.391591ms)
(node:21629) ExperimentalWarning: `--experimental-loader` may be removed in the future; instead use `register()`:
--import 'data:text/javascript,import { register } from "node:module"; import { pathToFileURL } from "node:url"; register("./test-loader.mjs", pathToFileURL("./"));'
(Use `node --trace-warnings ...` to show where the warning was created)
✔ USFA source migration leaves existing companies and runtime support to later migrations (6.20829ms)
✔ mapper preserves the exact 28-header contract and handles score/revenue bands (0.405047ms)
✔ mapper zero-pads EIN and zip, flags short EIN, and keeps SSN/DOB out of lead data (0.167871ms)
✔ dedupe plan prefers external id and excludes the vendor's test address from email matching (0.182915ms)
✔ mapper rejects rows without an external id and marks malformed primary phones (0.516765ms)
✔ comments, alternate phone, and statement metadata never fetch or embed statement contents (0.191216ms)
✔ mapper preserves all four Sheet statement links and creates one task even with no links (0.266946ms)
✔ USFA poller requires every exact vendor header (0.310061ms)
✔ USFA poller is safely disarmed when service-account secret is absent (1.022715ms)
✔ USFA connection test reads only the configured header row and counts returned columns (0.275972ms)
✔ USFA connection test fails safely for missing configuration and sanitizes provider auth errors (0.267739ms)
✔ USFA import creates exactly one task per lead, assigned to the rep or the shared admin queue (0.491956ms)
✔ USFA ingestion commits before global admin notification and persists duplicate intake history (4.035569ms)
✔ USFA invite claim is conditional: exactly one winner and replay is rejected (0.903587ms)
✔ USFA error receipts are retried while successful receipts remain idempotent (1.139179ms)
✔ extracts a PDF attachment and vendor identity without fetching statement links (0.714483ms)
✔ does not treat a message without a PDF as an application (0.096289ms)
✔ delegated Gmail worker is safely disarmed without credentials (2.039374ms)
✔ Gmail listing paginates every page without any write operation (0.199743ms)
✔ Gmail retries use one deterministic object key and source-level idempotency guard (2.174773ms)
✔ USFA leads are blocked from marketing until explicit consent is confirmed (0.15521ms)
✔ all SMS and drip entry points recheck the shared USFA consent guard (1.628506ms)
✔ USFA webhook signature is HMAC-SHA256 over the exact raw body (0.550264ms)
✔ USFA webhook rejects an invalid signature through the real Express route (37.290868ms)
✔ USFA webhook schema requires id and a monthly numeric revenue (2.431563ms)
(node:21637) ExperimentalWarning: `--experimental-loader` may be removed in the future; instead use `register()`:
--import 'data:text/javascript,import { register } from "node:module"; import { pathToFileURL } from "node:url"; register("./test-loader.mjs", pathToFileURL("./"));'
(Use `node --trace-warnings ...` to show where the warning was created)
✔ voicemail playback tokens round-trip and carry a document id (1.3829ms)
✔ voicemail playback tokens reject tampering and expiry (0.328512ms)
✔ missed-call text-back has the exact opt-out copy and uses the New York call date (22.301748ms)
✔ missed-call text-back guard recognizes business hours and rejects after-hours (0.425315ms)
✔ handleMissedCall text-back guard requires opt-in, consent, and an unanswered call (0.581058ms)
(node:21637) ExperimentalWarning: `--experimental-loader` may be removed in the future; instead use `register()`:
--import 'data:text/javascript,import { register } from "node:module"; import { pathToFileURL } from "node:url"; register("./test-loader.mjs", pathToFileURL("./"));'
(Use `node --trace-warnings ...` to show where the warning was created)
(node:21652) ExperimentalWarning: `--experimental-loader` may be removed in the future; instead use `register()`:
--import 'data:text/javascript,import { register } from "node:module"; import { pathToFileURL } from "node:url"; register("./test-loader.mjs", pathToFileURL("./"));'
(Use `node --trace-warnings ...` to show where the warning was created)
✔ shutdown resolves after an already-observed unexpected worker exit (12.020178ms)
✔ worker exit while public requests drain cannot strand shutdown (33.827432ms)
✔ normal shutdown asks a live worker to close and waits for exit (31.109136ms)
ℹ tests 475
ℹ suites 2
ℹ pass 473
ℹ fail 1
ℹ cancelled 0
ℹ skipped 1
ℹ todo 0
ℹ duration_ms 55338.212639

✖ failing tests:

test at src/lib/authMatrix.test.ts:64:1
✖ the real API router has a gate before every private mutation (5769.705752ms)
  AssertionError [ERR_ASSERTION]: update this audited count when registering a route
  
  277 !== 276
  
      at TestContext.<anonymous> (file:///home/runner/workspace/artifacts/api-server/src/lib/authMatrix.test.ts:81:10)
      at process.processTicksAndRejections (node:internal/process/task_queues:103:5)
      at async Test.run (node:internal/test_runner/test:1113:7)
      at async startSubtestAfterBootstrap (node:internal/test_runner/harness:358:3) {
    generatedMessage: false,
    code: 'ERR_ASSERTION',
    actual: 277,
    expected: 276,
    operator: 'strictEqual',
    diff: 'simple'
  }
/home/runner/workspace/artifacts/api-server:
 ERR_PNPM_RECURSIVE_RUN_FIRST_FAIL  @workspace/api-server@0.0.0 test: `node --test --experimental-strip-types --loader ./test-loader.mjs src/lib/*.test.ts`
Exit status 1
 ELIFECYCLE  Test failed. See above for more details.
pnpm -w run test failed with exit code 1
PREFLIGHT FAIL
undefined
/home/runner/workspace/scripts:
 ERR_PNPM_RECURSIVE_EXEC_FIRST_FAIL  Command failed with exit code 1: tsx ./src/preflight.ts
 ELIFECYCLE  Command failed with exit code 1.
