
> workspace@0.0.0 preflight /home/runner/workspace/.local/campaign-ux-source
> pnpm --filter @workspace/scripts exec tsx ./src/preflight.ts

PREFLIGHT 1/11: schema path guard

> workspace@0.0.0 guard:schema-path /home/runner/workspace/.local/campaign-ux-source
> pnpm --filter @workspace/scripts exec tsx ./src/forbid-schema-push.ts

Schema path guard passed
PREFLIGHT 2/11: recovery guard

> workspace@0.0.0 recovery:guard /home/runner/workspace/.local/campaign-ux-source
> pnpm --filter @workspace/scripts run recovery:guard


> @workspace/scripts@0.0.0 recovery:guard /home/runner/workspace/.local/campaign-ux-source/scripts
> tsx ./src/recovery-guard.ts

Recovery guard passed.
PREFLIGHT 3/11: typecheck

> workspace@0.0.0 typecheck /home/runner/workspace/.local/campaign-ux-source
> pnpm run typecheck:libs && pnpm -r --filter "./artifacts/**" --filter "./scripts" --if-present run typecheck


> workspace@0.0.0 typecheck:libs /home/runner/workspace/.local/campaign-ux-source
> tsc --build

Scope: 5 of 11 workspace projects
artifacts/mbs-crm typecheck$ tsc -p tsconfig.json --noEmit
artifacts/mbs-crm-mobile typecheck$ tsc -p tsconfig.json --noEmit
artifacts/mockup-sandbox typecheck$ tsc -p tsconfig.json --noEmit
artifacts/api-server typecheck$ tsc -p tsconfig.json --noEmit
artifacts/mockup-sandbox typecheck: Done
scripts typecheck$ tsc -p tsconfig.json --noEmit
artifacts/mbs-crm-mobile typecheck: Done
scripts typecheck: Done
artifacts/mbs-crm typecheck: Done
artifacts/api-server typecheck: Done
PREFLIGHT 4/11: full suite

> workspace@0.0.0 test /home/runner/workspace/.local/campaign-ux-source
> pnpm --filter @workspace/api-server run test && pnpm --filter @workspace/mbs-crm run test && pnpm --filter @workspace/scripts run test && pnpm --filter @workspace/scripts exec tsx --test ../lib/db/src/*.test.ts


> @workspace/api-server@0.0.0 test /home/runner/workspace/.local/campaign-ux-source/artifacts/api-server
> node --test --experimental-strip-types --loader ./test-loader.mjs src/lib/*.test.ts

(node:27060) ExperimentalWarning: `--experimental-loader` may be removed in the future; instead use `register()`:
--import 'data:text/javascript,import { register } from "node:module"; import { pathToFileURL } from "node:url"; register("./test-loader.mjs", pathToFileURL("./"));'
(Use `node --trace-warnings ...` to show where the warning was created)
✔ migration status endpoint is forbidden for reps (43.709967ms)
(node:27060) ExperimentalWarning: `--experimental-loader` may be removed in the future; instead use `register()`:
--import 'data:text/javascript,import { register } from "node:module"; import { pathToFileURL } from "node:url"; register("./test-loader.mjs", pathToFileURL("./"));'
(Use `node --trace-warnings ...` to show where the warning was created)
(node:27061) ExperimentalWarning: `--experimental-loader` may be removed in the future; instead use `register()`:
--import 'data:text/javascript,import { register } from "node:module"; import { pathToFileURL } from "node:url"; register("./test-loader.mjs", pathToFileURL("./"));'
(Use `node --trace-warnings ...` to show where the warning was created)
✔ post-Clerk push health enforces anonymous, representative, and admin roles (78.2734ms)
(node:27061) ExperimentalWarning: `--experimental-loader` may be removed in the future; instead use `register()`:
--import 'data:text/javascript,import { register } from "node:module"; import { pathToFileURL } from "node:url"; register("./test-loader.mjs", pathToFileURL("./"));'
(Use `node --trace-warnings ...` to show where the warning was created)
(node:27062) ExperimentalWarning: `--experimental-loader` may be removed in the future; instead use `register()`:
--import 'data:text/javascript,import { register } from "node:module"; import { pathToFileURL } from "node:url"; register("./test-loader.mjs", pathToFileURL("./"));'
(Use `node --trace-warnings ...` to show where the warning was created)
✔ GET /api/analytics/reps includes active reps and active users assigned leads or deals only (1867.711578ms)
(node:27062) ExperimentalWarning: `--experimental-loader` may be removed in the future; instead use `register()`:
--import 'data:text/javascript,import { register } from "node:module"; import { pathToFileURL } from "node:url"; register("./test-loader.mjs", pathToFileURL("./"));'
(Use `node --trace-warnings ...` to show where the warning was created)
(node:27063) ExperimentalWarning: `--experimental-loader` may be removed in the future; instead use `register()`:
--import 'data:text/javascript,import { register } from "node:module"; import { pathToFileURL } from "node:url"; register("./test-loader.mjs", pathToFileURL("./"));'
(Use `node --trace-warnings ...` to show where the warning was created)
✔ application consent version is server-owned and persists the current disclosure version (1.745574ms)
(node:27069) ExperimentalWarning: `--experimental-loader` may be removed in the future; instead use `register()`:
--import 'data:text/javascript,import { register } from "node:module"; import { pathToFileURL } from "node:url"; register("./test-loader.mjs", pathToFileURL("./"));'
(Use `node --trace-warnings ...` to show where the warning was created)
✔ blank application uses the rep identity and exact disclosure/footer (4.788511ms)
✔ title is profile data and a blank title is not derived from role (0.660323ms)
✔ filled application masks both SSNs and never emits encrypted or plaintext SSN fields (0.767738ms)
(node:27075) ExperimentalWarning: `--experimental-loader` may be removed in the future; instead use `register()`:
--import 'data:text/javascript,import { register } from "node:module"; import { pathToFileURL } from "node:url"; register("./test-loader.mjs", pathToFileURL("./"));'
(Use `node --trace-warnings ...` to show where the warning was created)
✔ native form preserves complete consent and footer text, never plaintext SSNs (2218.843125ms)
✔ native form embeds Unicode Inter text, logo, ET dates, and mapped application type (1693.256198ms)
✔ application and prepared-by footer baselines are separated inside the bottom margin (0.207163ms)
✔ application form renders natively as one US Letter PDF (1551.479635ms)
✔ filled native application stays on one Letter page and masks SSNs (1739.640653ms)
✔ native historical applications embed PNG signatures without substituting signature evidence (1766.366695ms)
✔ native header uses work email, ordered phones, and required clearance (5.806815ms)
✔ Nate and Calvin header regions remain deterministic (4335.236946ms)
(node:27081) ExperimentalWarning: `--experimental-loader` may be removed in the future; instead use `register()`:
--import 'data:text/javascript,import { register } from "node:module"; import { pathToFileURL } from "node:url"; register("./test-loader.mjs", pathToFileURL("./"));'
(Use `node --trace-warnings ...` to show where the warning was created)
✔ typed signature accepts two trimmed characters (1.389498ms)
✔ typed signature rejects one character and names over 200 characters (0.179714ms)
✔ drawn signature accepts safe PNG data URLs and rejects malformed/non-image values (0.263202ms)
✔ application rules enforce consents and equipment description without requiring vendor (0.21285ms)
✔ signed application HTML escapes injection strings and signature metadata (193.708922ms)
✔ legacy applications do not invent a signature method or signed timestamp (0.813237ms)
(node:27118) ExperimentalWarning: `--experimental-loader` may be removed in the future; instead use `register()`:
--import 'data:text/javascript,import { register } from "node:module"; import { pathToFileURL } from "node:url"; register("./test-loader.mjs", pathToFileURL("./"));'
(Use `node --trace-warnings ...` to show where the warning was created)
(node:27118) ExperimentalWarning: `--experimental-loader` may be removed in the future; instead use `register()`:
--import 'data:text/javascript,import { register } from "node:module"; import { pathToFileURL } from "node:url"; register("./test-loader.mjs", pathToFileURL("./"));'
(Use `node --trace-warnings ...` to show where the warning was created)
✔ application submit attributes a rep-slug lead and records QR-card activity (107.736274ms)
✔ application submit persists and returns equipment category and homeownership (34.806377ms)
✔ application submit rejects explicit null category and homeownership values (37.152525ms)
✔ a second public application reuses its existing email lead, logs the re-application, and notifies its assigned rep (19.620765ms)
✔ a phone-only re-application sends only to the stored lead email, never the submitted unverified email (13.702761ms)
✔ conflicting email and phone identities return a named 400 without attaching an application (8.837639ms)
✔ each re-application retains its own immutable signed-document key (42.98232ms)
(node:27145) ExperimentalWarning: `--experimental-loader` may be removed in the future; instead use `register()`:
--import 'data:text/javascript,import { register } from "node:module"; import { pathToFileURL } from "node:url"; register("./test-loader.mjs", pathToFileURL("./"));'
(Use `node --trace-warnings ...` to show where the warning was created)
✔ production parser accepts and normalizes a nine-digit EIN (6.927289ms)
✔ production parser accepts the optional collateral boolean and defaults it when omitted (0.59432ms)
✔ production parser reports malformed EIN with its field and format message (1.64217ms)
✔ production parser turns a malformed non-object body into a named validation error (1.022495ms)
✔ production parser accepts a punctuated phone after trimming only (0.453975ms)
✔ validation response never returns the literal Invalid input (0.175242ms)
✔ optional Section 1 fields remain optional and SSNs normalize to digits (0.552945ms)
✔ invalid optional business start date is rejected without making other optional fields required (0.519235ms)
(node:27146) ExperimentalWarning: `--experimental-loader` may be removed in the future; instead use `register()`:
--import 'data:text/javascript,import { register } from "node:module"; import { pathToFileURL } from "node:url"; register("./test-loader.mjs", pathToFileURL("./"));'
(Use `node --trace-warnings ...` to show where the warning was created)
(node:27146) ExperimentalWarning: `--experimental-loader` may be removed in the future; instead use `register()`:
--import 'data:text/javascript,import { register } from "node:module"; import { pathToFileURL } from "node:url"; register("./test-loader.mjs", pathToFileURL("./"));'
(Use `node --trace-warnings ...` to show where the warning was created)
✔ the real API router has a gate before every private mutation (9431.756004ms)
✔ the production mutation gate accepts a Clerk-authenticated request (11.132545ms)
✔ creator-owned resources reject other reps (2.151336ms)
✔ unsigned inbound voice and voicemail callbacks are rejected before routing or storage (22.529689ms)
✔ a rep cannot self-assign a lead (8.246293ms)
✔ unsigned SendGrid webhooks are rejected in every environment (7.220207ms)
✔ unsigned Twilio callbacks are rejected before side effects (16.30457ms)
[15:30:51.083] [33mWARN[39m (27146): [36mSendGrid webhook signature rejected[39m
    [35mroute[39m: "/api/sendgrid/webhook"
    [35mreason[39m: "verification_key_missing"
    [35mhasSignatureHeader[39m: false
    [35mhasTimestampHeader[39m: false
    [35mhasRawBody[39m: true
    [35mrawBodyBytes[39m: 23
(node:27152) ExperimentalWarning: `--experimental-loader` may be removed in the future; instead use `register()`:
--import 'data:text/javascript,import { register } from "node:module"; import { pathToFileURL } from "node:url"; register("./test-loader.mjs", pathToFileURL("./"));'
(Use `node --trace-warnings ...` to show where the warning was created)
✔ brand helper serves the canonical light and reverse marks (101.844823ms)
✔ email and flyer branding use the hosted light mark and non-legacy alt (2.682779ms)
﹣ configured email logo URL returns HTTP 200 when online (0.162872ms) # Set RUN_ONLINE_TESTS=1 to check live hosting
(node:27173) ExperimentalWarning: `--experimental-loader` may be removed in the future; instead use `register()`:
--import 'data:text/javascript,import { register } from "node:module"; import { pathToFileURL } from "node:url"; register("./test-loader.mjs", pathToFileURL("./"));'
(Use `node --trace-warnings ...` to show where the warning was created)
✔ unconfigured browser telephony has an explicit successful readiness state (1.794932ms)
✔ voice and owned-number configuration are independent and secret-free (0.221602ms)
(node:27189) ExperimentalWarning: `--experimental-loader` may be removed in the future; instead use `register()`:
--import 'data:text/javascript,import { register } from "node:module"; import { pathToFileURL } from "node:url"; register("./test-loader.mjs", pathToFileURL("./"));'
(Use `node --trace-warnings ...` to show where the warning was created)
✔ flyer recording failure propagates rather than silently accepting a redirect (2.050629ms)
✔ Parse authentication is independent, constant-time digest matched, and rejects malformed credentials (0.682829ms)
✔ Reply exclusions, opaque envelope addresses, stable message dedupe and text-only rendering (1.20433ms)
✔ Signed referral context rejects edits, cross-purpose tokens and expiry (0.835347ms)
✔ KPI reconciliation deduplicates cohorts/deals, excludes pre-attribution milestones, labels unknown history and reuses rate calculator (2.599162ms)
✔ Real database attribution and Parse redelivery reconcile without live communications (541.744611ms)
(node:27197) ExperimentalWarning: `--experimental-loader` may be removed in the future; instead use `register()`:
--import 'data:text/javascript,import { register } from "node:module"; import { pathToFileURL } from "node:url"; register("./test-loader.mjs", pathToFileURL("./"));'
(Use `node --trace-warnings ...` to show where the warning was created)
✔ only never-approved and never-launched drafts can be deleted (1.992866ms)
✔ archive is independent of status but cannot hide an active campaign (0.20449ms)
(node:27205) ExperimentalWarning: `--experimental-loader` may be removed in the future; instead use `register()`:
--import 'data:text/javascript,import { register } from "node:module"; import { pathToFileURL } from "node:url"; register("./test-loader.mjs", pathToFileURL("./"));'
(Use `node --trace-warnings ...` to show where the warning was created)
✔ 423 not sent here reconcile to 357 actually sent via recovery and 66 excluded (5.564075ms)
✔ draft recovery does not falsely claim sent and live pending recovery is separate (0.346751ms)
✔ suppression, invalid addresses, duplicate addresses and uncertain provider attempts stay excluded (0.427451ms)
(node:27213) ExperimentalWarning: `--experimental-loader` may be removed in the future; instead use `register()`:
--import 'data:text/javascript,import { register } from "node:module"; import { pathToFileURL } from "node:url"; register("./test-loader.mjs", pathToFileURL("./"));'
(Use `node --trace-warnings ...` to show where the warning was created)
✔ remaining audience excludes the original sent set, including repeated launch rows (1.829329ms)
✔ deferred, cancelled and internal unclaimed eligible rows are pending; SMS is not silently relaunched (1.042382ms)
✔ a sent or unresolved provider attempt blocks a stale queued recipient (1.736243ms)
✔ validation-only launch recipients cannot broaden a live campaign recovery (0.198974ms)
✔ suppression and unsubscribe are rechecked; sent addresses cannot reenter through another lead (0.423844ms)
(node:27221) ExperimentalWarning: `--experimental-loader` may be removed in the future; instead use `register()`:
--import 'data:text/javascript,import { register } from "node:module"; import { pathToFileURL } from "node:url"; register("./test-loader.mjs", pathToFileURL("./"));'
(Use `node --trace-warnings ...` to show where the warning was created)
✔ campaign reply capture is optional; real sender retains Reply-To or tokenises only on opt-in (8.85231ms)
(node:27221) ExperimentalWarning: `--experimental-loader` may be removed in the future; instead use `register()`:
--import 'data:text/javascript,import { register } from "node:module"; import { pathToFileURL } from "node:url"; register("./test-loader.mjs", pathToFileURL("./"));'
(Use `node --trace-warnings ...` to show where the warning was created)
(node:27234) ExperimentalWarning: `--experimental-loader` may be removed in the future; instead use `register()`:
--import 'data:text/javascript,import { register } from "node:module"; import { pathToFileURL } from "node:url"; register("./test-loader.mjs", pathToFileURL("./"));'
(Use `node --trace-warnings ...` to show where the warning was created)
✔ compiled lifecycle/history subqueries correlate to the outer campaign (3.627643ms)
(node:27242) ExperimentalWarning: `--experimental-loader` may be removed in the future; instead use `register()`:
--import 'data:text/javascript,import { register } from "node:module"; import { pathToFileURL } from "node:url"; register("./test-loader.mjs", pathToFileURL("./"));'
(Use `node --trace-warnings ...` to show where the warning was created)
✔ campaign APIs are restricted to manager and admin roles (1.664117ms)
✔ campaign without a flyer produces plain text and one remote logo HTML alternative (1.030434ms)
✔ Link sends no attachment and renders an expiring URL in both email alternatives; Attach is unchanged (3.230959ms)
✔ vendor vertical mappings use imported lead vertical first and default to equipment (0.881586ms)
✔ flyer link defaults follow the selected flyer's audience in text and HTML (0.877648ms)
✔ flyer link overrides survive merge rendering, are HTML escaped, and are accepted for approval (1.882284ms)
✔ daily overflow is deferred to the next New York business day (25.094741ms)
✔ future scheduled launches are rejected when no delivery worker exists (0.24551ms)
✔ resume candidates exclude sent, uncertain, and early deferred rows (0.285994ms)
✔ audience classification preserves actionable email exclusion reasons (0.484837ms)
✔ campaign audience union deduplicates IDs, prioritizes picked origin, and sorts by ID (0.6765ms)
✔ campaign exclusion breakdown distinguishes consent, suppression, prior sends and duplicates (0.261906ms)
✔ a picked lead outside the filters is included but suppression excludes it with a visible reason (0.862019ms)
✔ manual picks without filters never expand into an all-leads campaign (0.156263ms)
✔ SMS preview explains missing, duplicate, consent, and unsupported launch outcomes (0.458288ms)
✔ editing a campaign invalidates its approval version (0.192422ms)
✔ repeat launch lifecycle is idempotent and transitions are explicit (0.307446ms)
✔ future scheduling advances the campaign, while an unscheduled dry run does not (0.19852ms)
✔ campaign content hashes are stable and change when approved template content changes (0.918343ms)
✔ campaign Reply-To defaults and participates in approval hash (0.21298ms)
✔ approval blocks unknown merge tokens before any provider send (0.479323ms)
✔ campaign flyer delivery uses the approved immutable creative (0.339054ms)
✔ approval requires the current hash and explicit claims affirmation (0.358063ms)
✔ approval and launch reject empty or malformed eligible audience counts (0.158381ms)
✔ provider-free validation reports no-send, tested address, audience count, and timestamp (0.283721ms)
✔ provider-free validation rejects inactive or missing content and exercises rendering (0.288147ms)
✔ approved audience remains the launch source after reload or newer preview changes (0.198798ms)
✔ assigned representative reply-to contract preserves routing (0.144981ms)
✔ same-key resume only selects eligible recipients and never retries uncertain queued rows (0.19826ms)
✔ recipient ledger summaries are cumulative across partial runs (0.220238ms)
✔ execution lease refuses active owners and allows expiry takeover (0.11641ms)
✔ resume continues past already-processed queued recipient (0.12924ms)
(node:27242) ExperimentalWarning: `--experimental-loader` may be removed in the future; instead use `register()`:
--import 'data:text/javascript,import { register } from "node:module"; import { pathToFileURL } from "node:url"; register("./test-loader.mjs", pathToFileURL("./"));'
(Use `node --trace-warnings ...` to show where the warning was created)
(node:27248) ExperimentalWarning: `--experimental-loader` may be removed in the future; instead use `register()`:
--import 'data:text/javascript,import { register } from "node:module"; import { pathToFileURL } from "node:url"; register("./test-loader.mjs", pathToFileURL("./"));'
(Use `node --trace-warnings ...` to show where the warning was created)
✔ Clerk publishable key origins are decoded for diagnostics only (2.062689ms)
✔ Clerk proxy always uses the documented proxy upstream (0.923842ms)
✔ production proxy emits a fatal diagnostic when its secret is missing (1.813658ms)
✔ production proxy logs the derived FAPI host and safe key prefixes once (0.363055ms)
✔ production proxy logs a full upstream exception and returns a short reason (6.326316ms)
✔ production proxy preserves an upstream failure status and logs response headers (1.491491ms)
✔ Clerk health probes the proxy upstream and caches the result (0.560133ms)
✔ Clerk health reports missing keys and an unreachable upstream (0.442514ms)
(node:27248) ExperimentalWarning: `--experimental-loader` may be removed in the future; instead use `register()`:
--import 'data:text/javascript,import { register } from "node:module"; import { pathToFileURL } from "node:url"; register("./test-loader.mjs", pathToFileURL("./"));'
(Use `node --trace-warnings ...` to show where the warning was created)
(node:27271) ExperimentalWarning: `--experimental-loader` may be removed in the future; instead use `register()`:
--import 'data:text/javascript,import { register } from "node:module"; import { pathToFileURL } from "node:url"; register("./test-loader.mjs", pathToFileURL("./"));'
(Use `node --trace-warnings ...` to show where the warning was created)
✔ reps cannot use admin collateral template policy (1.218162ms)
✔ collateral admin policy permits managers only through the explicit admin role (0.264113ms)
✔ rep collateral email policy only permits assigned leads (0.256513ms)
(node:27279) ExperimentalWarning: `--experimental-loader` may be removed in the future; instead use `register()`:
--import 'data:text/javascript,import { register } from "node:module"; import { pathToFileURL } from "node:url"; register("./test-loader.mjs", pathToFileURL("./"));'
(Use `node --trace-warnings ...` to show where the warning was created)
✔ collateral provider payload rewrites legacy CRM URLs, not unrelated destinations (3.020942ms)
(node:27279) ExperimentalWarning: `--experimental-loader` may be removed in the future; instead use `register()`:
--import 'data:text/javascript,import { register } from "node:module"; import { pathToFileURL } from "node:url"; register("./test-loader.mjs", pathToFileURL("./"));'
(Use `node --trace-warnings ...` to show where the warning was created)
(node:27289) ExperimentalWarning: `--experimental-loader` may be removed in the future; instead use `register()`:
--import 'data:text/javascript,import { register } from "node:module"; import { pathToFileURL } from "node:url"; register("./test-loader.mjs", pathToFileURL("./"));'
(Use `node --trace-warnings ...` to show where the warning was created)
✔ collateral merge fields prefer corporate email and omit absent optional values (69.628873ms)
✔ collateral merge fields omit optional title and phone lines (14.435231ms)
✔ QR encoder receives the exact rep URL and required brand-safe options (9.736997ms)
✔ PDF image overlay emits Letter output and explicitly rejects raster output without sharp (306.493911ms)
✔ image overlay does not mutate source bytes and retains artwork content above rep band (179.593882ms)
(node:27301) ExperimentalWarning: `--experimental-loader` may be removed in the future; instead use `register()`:
--import 'data:text/javascript,import { register } from "node:module"; import { pathToFileURL } from "node:url"; register("./test-loader.mjs", pathToFileURL("./"));'
(Use `node --trace-warnings ...` to show where the warning was created)
✔ commercial financing disclosure remains sourced from the immutable consent text artifact (1.272434ms)
✔ consentText.ts matches the canonical full-file SHA-256 fixture (1.092013ms)
✔ the disclosure acceptance checkbox has a required, artifact-owned label and version (0.277179ms)
✔ public disclosure payload exactly exposes the immutable artifact constants (0.867342ms)
(node:27309) ExperimentalWarning: `--experimental-loader` may be removed in the future; instead use `register()`:
--import 'data:text/javascript,import { register } from "node:module"; import { pathToFileURL } from "node:url"; register("./test-loader.mjs", pathToFileURL("./"));'
(Use `node --trace-warnings ...` to show where the warning was created)
✔ calls card fixture counts two voicemails, one callback, and one overdue record (1072.255628ms)
(node:27310) ExperimentalWarning: `--experimental-loader` may be removed in the future; instead use `register()`:
--import 'data:text/javascript,import { register } from "node:module"; import { pathToFileURL } from "node:url"; register("./test-loader.mjs", pathToFileURL("./"));'
(Use `node --trace-warnings ...` to show where the warning was created)
(node:27310) ExperimentalWarning: `--experimental-loader` may be removed in the future; instead use `register()`:
--import 'data:text/javascript,import { register } from "node:module"; import { pathToFileURL } from "node:url"; register("./test-loader.mjs", pathToFileURL("./"));'
(Use `node --trace-warnings ...` to show where the warning was created)
✔ Migration 029 is append-only and preserves historical approvals (174.736245ms)
✔ latest approval selection uses created_at then id tie-break (0.55319ms)
✔ approval reminder creation is idempotent across duplicate captures (1.218063ms)
(node:27336) ExperimentalWarning: `--experimental-loader` may be removed in the future; instead use `register()`:
--import 'data:text/javascript,import { register } from "node:module"; import { pathToFileURL } from "node:url"; register("./test-loader.mjs", pathToFileURL("./"));'
(Use `node --trace-warnings ...` to show where the warning was created)
✔ deal labels retain unlinked business names without exposing private linked identities or numbers (1493.807227ms)
✔ rep deal-name search requires an unlinked deal or ownership of its linked lead (8.033294ms)
✔ deal contact projection scopes reps to their linked-lead ownership in one batch (1.622693ms)
✔ manager and admin contact projections do not apply rep ownership restrictions (0.95934ms)
(node:27336) ExperimentalWarning: `--experimental-loader` may be removed in the future; instead use `register()`:
--import 'data:text/javascript,import { register } from "node:module"; import { pathToFileURL } from "node:url"; register("./test-loader.mjs", pathToFileURL("./"));'
(Use `node --trace-warnings ...` to show where the warning was created)
(node:27344) ExperimentalWarning: `--experimental-loader` may be removed in the future; instead use `register()`:
--import 'data:text/javascript,import { register } from "node:module"; import { pathToFileURL } from "node:url"; register("./test-loader.mjs", pathToFileURL("./"));'
(Use `node --trace-warnings ...` to show where the warning was created)
(node:27344) ExperimentalWarning: `--experimental-loader` may be removed in the future; instead use `register()`:
--import 'data:text/javascript,import { register } from "node:module"; import { pathToFileURL } from "node:url"; register("./test-loader.mjs", pathToFileURL("./"));'
(Use `node --trace-warnings ...` to show where the warning was created)
✔ rep resolves an authorized funded deal to its lead and uploads against the lead id (1569.9661ms)
✔ visible deal does not disclose or authorize its other-rep lead (11.241335ms)
✔ linked deal explicitly reports missing contact identity without using its stored label (11.700744ms)
(node:27367) ExperimentalWarning: `--experimental-loader` may be removed in the future; instead use `register()`:
--import 'data:text/javascript,import { register } from "node:module"; import { pathToFileURL } from "node:url"; register("./test-loader.mjs", pathToFileURL("./"));'
(Use `node --trace-warnings ...` to show where the warning was created)
✔ production funded GM aggregate sums raw actualGm without split multiplication (1.510464ms)
(node:27380) ExperimentalWarning: `--experimental-loader` may be removed in the future; instead use `register()`:
--import 'data:text/javascript,import { register } from "node:module"; import { pathToFileURL } from "node:url"; register("./test-loader.mjs", pathToFileURL("./"));'
(Use `node --trace-warnings ...` to show where the warning was created)
✔ manager and admin deal readers can inspect submission metadata (1.65701ms)
✔ rep submission reads remain assignment-bound and pending users are denied (0.224513ms)
(node:27388) ExperimentalWarning: `--experimental-loader` may be removed in the future; instead use `register()`:
--import 'data:text/javascript,import { register } from "node:module"; import { pathToFileURL } from "node:url"; register("./test-loader.mjs", pathToFileURL("./"));'
(Use `node --trace-warnings ...` to show where the warning was created)
✔ deal CSV includes notes and split percentage values (1422.247589ms)
(node:27388) ExperimentalWarning: `--experimental-loader` may be removed in the future; instead use `register()`:
--import 'data:text/javascript,import { register } from "node:module"; import { pathToFileURL } from "node:url"; register("./test-loader.mjs", pathToFileURL("./"));'
(Use `node --trace-warnings ...` to show where the warning was created)
(node:27398) ExperimentalWarning: `--experimental-loader` may be removed in the future; instead use `register()`:
--import 'data:text/javascript,import { register } from "node:module"; import { pathToFileURL } from "node:url"; register("./test-loader.mjs", pathToFileURL("./"));'
(Use `node --trace-warnings ...` to show where the warning was created)
✔ Express deal update persists notes and exactly one notes_updated activity (62.71731ms)
(node:27398) ExperimentalWarning: `--experimental-loader` may be removed in the future; instead use `register()`:
--import 'data:text/javascript,import { register } from "node:module"; import { pathToFileURL } from "node:url"; register("./test-loader.mjs", pathToFileURL("./"));'
(Use `node --trace-warnings ...` to show where the warning was created)
✔ deal update rolls back notes when activity logging fails (22.07266ms)
Error: activity insert failed
    at Object.values (file:///home/runner/workspace/.local/campaign-ux-source/artifacts/api-server/src/lib/dealsUpdateRoute.test.ts:92:47)
    at logActivity (file:///home/runner/workspace/.local/campaign-ux-source/artifacts/api-server/src/lib/activityHelper.ts:17:43)
    at file:///home/runner/workspace/.local/campaign-ux-source/artifacts/api-server/src/routes/deals.ts:819:13
    at process.processTicksAndRejections (node:internal/process/task_queues:103:5)
    at async Object.transaction (file:///home/runner/workspace/.local/campaign-ux-source/artifacts/api-server/src/lib/dealsUpdateRoute.test.ts:79:16)
    at async file:///home/runner/workspace/.local/campaign-ux-source/artifacts/api-server/src/routes/deals.ts:792:16
✔ rate points save updates the correct GM field and writes complete activity in one transaction (31.262597ms)
(node:27412) ExperimentalWarning: `--experimental-loader` may be removed in the future; instead use `register()`:
--import 'data:text/javascript,import { register } from "node:module"; import { pathToFileURL } from "node:url"; register("./test-loader.mjs", pathToFileURL("./"));'
(Use `node --trace-warnings ...` to show where the warning was created)
✔ document download headers support Unicode names with an ASCII fallback (1.837ms)
✔ document download headers encode control and quote characters (0.319696ms)
(node:27420) ExperimentalWarning: `--experimental-loader` may be removed in the future; instead use `register()`:
--import 'data:text/javascript,import { register } from "node:module"; import { pathToFileURL } from "node:url"; register("./test-loader.mjs", pathToFileURL("./"));'
(Use `node --trace-warnings ...` to show where the warning was created)
✔ legacy document category helper mirrors migration 019 key backfill (2.790023ms)
(node:27420) ExperimentalWarning: `--experimental-loader` may be removed in the future; instead use `register()`:
--import 'data:text/javascript,import { register } from "node:module"; import { pathToFileURL } from "node:url"; register("./test-loader.mjs", pathToFileURL("./"));'
(Use `node --trace-warnings ...` to show where the warning was created)
✔ a rep cannot update a document category for another rep's lead (72.665169ms)
✔ a rep can update a document category for their assigned lead (22.088605ms)
(node:27430) ExperimentalWarning: `--experimental-loader` may be removed in the future; instead use `register()`:
--import 'data:text/javascript,import { register } from "node:module"; import { pathToFileURL } from "node:url"; register("./test-loader.mjs", pathToFileURL("./"));'
(Use `node --trace-warnings ...` to show where the warning was created)
(node:27430) ExperimentalWarning: `--experimental-loader` may be removed in the future; instead use `register()`:
--import 'data:text/javascript,import { register } from "node:module"; import { pathToFileURL } from "node:url"; register("./test-loader.mjs", pathToFileURL("./"));'
(Use `node --trace-warnings ...` to show where the warning was created)
✔ authorized funded lead can upload a document through the real API route (2138.346932ms)
✔ authorized declined lead can upload a document through the real API route (23.760266ms)
✔ deal visibility does not authorize upload to a linked lead owned by another rep (17.220904ms)
(node:27446) ExperimentalWarning: `--experimental-loader` may be removed in the future; instead use `register()`:
--import 'data:text/javascript,import { register } from "node:module"; import { pathToFileURL } from "node:url"; register("./test-loader.mjs", pathToFileURL("./"));'
(Use `node --trace-warnings ...` to show where the warning was created)
(node:27446) ExperimentalWarning: `--experimental-loader` may be removed in the future; instead use `register()`:
--import 'data:text/javascript,import { register } from "node:module"; import { pathToFileURL } from "node:url"; register("./test-loader.mjs", pathToFileURL("./"));'
(Use `node --trace-warnings ...` to show where the warning was created)
✔ production origin validation and boot, root and deep health (3964.191669ms)
✔ provider payloads for direct, campaign/drip, image-free and application confirmation use public URLs (10.094227ms)
(node:27458) ExperimentalWarning: `--experimental-loader` may be removed in the future; instead use `register()`:
--import 'data:text/javascript,import { register } from "node:module"; import { pathToFileURL } from "node:url"; register("./test-loader.mjs", pathToFileURL("./"));'
(Use `node --trace-warnings ...` to show where the warning was created)
✔ shared limiter rejects the reservation that would exceed the cap (1.947401ms)
✔ limiter normalizes invalid capacities to safe bounds (0.23125ms)
(node:27471) ExperimentalWarning: `--experimental-loader` may be removed in the future; instead use `register()`:
--import 'data:text/javascript,import { register } from "node:module"; import { pathToFileURL } from "node:url"; register("./test-loader.mjs", pathToFileURL("./"));'
(Use `node --trace-warnings ...` to show where the warning was created)
✔ documents and strictly rejects unknown merge tokens (2.553455ms)
✔ data:image URIs are rejected separately from merge-token validation (0.444506ms)
✔ every inline starter template uses only supported merge tokens (0.833415ms)
✔ rendering uses Hi there fallback and omits a missing company phrase (1.488522ms)
✔ supported per-send footer tokens render without creating a second footer (0.521418ms)
✔ HTML and plain-text compliance footer is exact once and never data URI (4.859761ms)
✔ provider dispatch keeps test-send Reply-To on the admin address (0.728893ms)
(node:27471) ExperimentalWarning: `--experimental-loader` may be removed in the future; instead use `register()`:
--import 'data:text/javascript,import { register } from "node:module"; import { pathToFileURL } from "node:url"; register("./test-loader.mjs", pathToFileURL("./"));'
(Use `node --trace-warnings ...` to show where the warning was created)
(node:27485) ExperimentalWarning: `--experimental-loader` may be removed in the future; instead use `register()`:
--import 'data:text/javascript,import { register } from "node:module"; import { pathToFileURL } from "node:url"; register("./test-loader.mjs", pathToFileURL("./"));'
(Use `node --trace-warnings ...` to show where the warning was created)
✔ suppression uses a canonical case-insensitive email (0.901131ms)
✔ email engagement state never downgrades terminal statuses (0.193096ms)
✔ all provider suppression events classify as suppressing (0.255505ms)
(node:27493) ExperimentalWarning: `--experimental-loader` may be removed in the future; instead use `register()`:
--import 'data:text/javascript,import { register } from "node:module"; import { pathToFileURL } from "node:url"; register("./test-loader.mjs", pathToFileURL("./"));'
(Use `node --trace-warnings ...` to show where the warning was created)
✔ entity labels trim identity and prefer company before contact (0.708599ms)
(node:27504) ExperimentalWarning: `--experimental-loader` may be removed in the future; instead use `register()`:
--import 'data:text/javascript,import { register } from "node:module"; import { pathToFileURL } from "node:url"; register("./test-loader.mjs", pathToFileURL("./"));'
(Use `node --trace-warnings ...` to show where the warning was created)
✔ an Express flyer request returns 503 and records one correlatable 5xx event (62.544295ms)
(node:27516) ExperimentalWarning: `--experimental-loader` may be removed in the future; instead use `register()`:
--import 'data:text/javascript,import { register } from "node:module"; import { pathToFileURL } from "node:url"; register("./test-loader.mjs", pathToFileURL("./"));'
(Use `node --trace-warnings ...` to show where the warning was created)
✔ production flyer renderer defaults are pinned to two concurrent renders and 30 seconds (0.809315ms)
✔ flyer rendering keeps five queued requests at a maximum concurrency of two (28.703351ms)
✔ a flyer render timeout is represented as a 503 error and retains its active slot (24.914552ms)
✔ five callers receive 503 by their enqueue deadline when the two active renders never settle (8.009714ms)
✔ flyer renderer refuses a configuration above the two-render safety cap (0.242162ms)
(node:27525) ExperimentalWarning: `--experimental-loader` may be removed in the future; instead use `register()`:
--import 'data:text/javascript,import { register } from "node:module"; import { pathToFileURL } from "node:url"; register("./test-loader.mjs", pathToFileURL("./"));'
(Use `node --trace-warnings ...` to show where the warning was created)
✔ 5xx recorder logs and persists request correlation fields and an error stack (9.412612ms)
✔ 5xx recorder deliberately ignores non-server responses (2.012684ms)
(node:27535) ExperimentalWarning: `--experimental-loader` may be removed in the future; instead use `register()`:
--import 'data:text/javascript,import { register } from "node:module"; import { pathToFileURL } from "node:url"; register("./test-loader.mjs", pathToFileURL("./"));'
(Use `node --trace-warnings ...` to show where the warning was created)
✔ matches an unassigned inbound lead older than 24 hours (7.189587ms)
✔ does not match a lead exactly at the 24-hour boundary (0.31999ms)
✔ does not match assigned, non-inbound, or recent leads (0.449096ms)
(node:27536) ExperimentalWarning: `--experimental-loader` may be removed in the future; instead use `register()`:
--import 'data:text/javascript,import { register } from "node:module"; import { pathToFileURL } from "node:url"; register("./test-loader.mjs", pathToFileURL("./"));'
(Use `node --trace-warnings ...` to show where the warning was created)
▶ New York inbound business hours
  ✔ respects weekdays, exact boundaries, DST and holidays (16.633256ms)
✔ New York inbound business hours (17.738778ms)
▶ inbound routing targets
  ✔ rings a known caller's assigned active rep only (1.077114ms)
  ✔ rings active forwarding reps for unknown callers or ring-all mode (0.153554ms)
  ✔ returns a simultaneous 20-second dial for known and unknown callers (5.269258ms)
  ✔ skips dialing after hours and records with the closed greeting (0.831317ms)
  ✔ rings priority reps sequentially, skipping inactive, merged, and unforwarded users (0.981929ms)
  ✔ uses audio when available and falls back to written greeting otherwise (0.918989ms)
✔ inbound routing targets (9.72414ms)
(node:27553) ExperimentalWarning: `--experimental-loader` may be removed in the future; instead use `register()`:
--import 'data:text/javascript,import { register } from "node:module"; import { pathToFileURL } from "node:url"; register("./test-loader.mjs", pathToFileURL("./"));'
(Use `node --trace-warnings ...` to show where the warning was created)
✔ names the first missing or invalid Twilio setting (0.981625ms)
✔ reports detailed integration presence and caches token mint (0.558053ms)
✔ times out token mint with a safe reason (7.33579ms)
✔ lists both owned numbers when both roles use the business line (1.060786ms)
✔ reports split configured roles across owned numbers (0.183949ms)
✔ keeps selected sender role visible when the sender is unowned (0.442316ms)
(node:27561) ExperimentalWarning: `--experimental-loader` may be removed in the future; instead use `register()`:
--import 'data:text/javascript,import { register } from "node:module"; import { pathToFileURL } from "node:url"; register("./test-loader.mjs", pathToFileURL("./"));'
(Use `node --trace-warnings ...` to show where the warning was created)
✔ lead search matches company-table identity in one correlated SQL query (1567.489015ms)
(node:27561) ExperimentalWarning: `--experimental-loader` may be removed in the future; instead use `register()`:
--import 'data:text/javascript,import { register } from "node:module"; import { pathToFileURL } from "node:url"; register("./test-loader.mjs", pathToFileURL("./"));'
(Use `node --trace-warnings ...` to show where the warning was created)
(node:27574) ExperimentalWarning: `--experimental-loader` may be removed in the future; instead use `register()`:
--import 'data:text/javascript,import { register } from "node:module"; import { pathToFileURL } from "node:url"; register("./test-loader.mjs", pathToFileURL("./"));'
(Use `node --trace-warnings ...` to show where the warning was created)
✔ CSV lead import parser keeps vertical column values (1.705821ms)
✔ CSV buffer parsing does not load the optional ExcelJS parser (0.721949ms)
✔ Excel buffer parsing lazily loads ExcelJS and preserves normalized rows (1854.783425ms)
✔ lead import resolves an explicitly mapped vertical source column (0.520784ms)
✔ known verticals normalize to canonical values and unknown values remain intact (0.150897ms)
(node:27575) ExperimentalWarning: `--experimental-loader` may be removed in the future; instead use `register()`:
--import 'data:text/javascript,import { register } from "node:module"; import { pathToFileURL } from "node:url"; register("./test-loader.mjs", pathToFileURL("./"));'
(Use `node --trace-warnings ...` to show where the warning was created)
(node:27575) ExperimentalWarning: `--experimental-loader` may be removed in the future; instead use `register()`:
--import 'data:text/javascript,import { register } from "node:module"; import { pathToFileURL } from "node:url"; register("./test-loader.mjs", pathToFileURL("./"));'
(Use `node --trace-warnings ...` to show where the warning was created)
✔ deal contact SMS target uses application-scoped consent and never sends without consent (117.011361ms)
(node:27597) ExperimentalWarning: `--experimental-loader` may be removed in the future; instead use `register()`:
--import 'data:text/javascript,import { register } from "node:module"; import { pathToFileURL } from "node:url"; register("./test-loader.mjs", pathToFileURL("./"));'
(Use `node --trace-warnings ...` to show where the warning was created)
(node:27597) ExperimentalWarning: `--experimental-loader` may be removed in the future; instead use `register()`:
--import 'data:text/javascript,import { register } from "node:module"; import { pathToFileURL } from "node:url"; register("./test-loader.mjs", pathToFileURL("./"));'
(Use `node --trace-warnings ...` to show where the warning was created)
✔ GET /api/leads?stale=true returns only stale assigned leads for an admin (2208.242689ms)
✔ ordinary company search selects IDs before relational hydration (25.15526ms)
✔ POST /api/leads/capture/elementor is absent and does not invoke a handler (13.848069ms)
(node:27610) ExperimentalWarning: `--experimental-loader` may be removed in the future; instead use `register()`:
--import 'data:text/javascript,import { register } from "node:module"; import { pathToFileURL } from "node:url"; register("./test-loader.mjs", pathToFileURL("./"));'
(Use `node --trace-warnings ...` to show where the warning was created)
✔ context carries criteria, provenance, stipulations, and points (3.769265ms)
✔ prompt forbids ranking unknown dimensions and requires citations (0.362221ms)
✔ recommendations without a criterion or exact document gap are rejected (0.287209ms)
✔ free-text context is redacted before it reaches the prompt (3.172638ms)
✔ text recommendations must cite criteria and available document gaps (0.392577ms)
✔ document readiness uses categories and preserves personal/joint document gaps (0.467791ms)
✔ unknown required document remains a gap unless its exact label is present (0.298229ms)
(node:27623) ExperimentalWarning: `--experimental-loader` may be removed in the future; instead use `register()`:
--import 'data:text/javascript,import { register } from "node:module"; import { pathToFileURL } from "node:url"; register("./test-loader.mjs", pathToFileURL("./"));'
(Use `node --trace-warnings ...` to show where the warning was created)
✔ lender-package route exposes safe renderer reason and logs the full error (27.521877ms)
✔ lender-package route returns the no_application reason without rendering (0.892108ms)
(node:27623) ExperimentalWarning: `--experimental-loader` may be removed in the future; instead use `register()`:
--import 'data:text/javascript,import { register } from "node:module"; import { pathToFileURL } from "node:url"; register("./test-loader.mjs", pathToFileURL("./"));'
(Use `node --trace-warnings ...` to show where the warning was created)
✔ omission report paginates instead of failing on many excluded documents (624.973874ms)
✔ native cover uses branded rep email and polished cover values (303.632111ms)
✔ selection uses persisted document categories and orders underwriting documents (0.724959ms)
✔ selected package honors unchecked cover/application sections and the caller's document order (32.584722ms)
✔ selected package normalizes scrambled cross-category IDs but retains each category's chosen order (33.155389ms)
✔ selected package rejects document IDs belonging to another lead (2.599051ms)
✔ lender-package rendering includes supplied primary and secondary owner SSNs (1555.865885ms)
✔ the retired maskSsn input is rejected while legacy saved configs are normalized (1.292266ms)
✔ an assigned rep's selected-package route decrypts full SSNs and audits sensitivity without logging values (1403.44347ms)
✔ the standard lender-package download decrypts both owner SSNs only after lead authorization (1608.960592ms)
✔ baseline application has two pages; exactly two statements append in upload order with safe footers (26.186972ms)
✔ native package includes three rep-uploaded statements and an invoice with Puppeteer unavailable (1947.11066ms)
✔ malformed and excluded files are skipped and every exclusion is named on the final page (2662.641927ms)
✔ statement copy failures become exclusions without partially appended pages (19.416544ms)
✔ a configurable small package cap prunes the largest statement (251.898009ms)
✔ failed oversized transfers debit actual bytes and stop later downloads (19.352499ms)
✔ rep access uses the documents route's 403 denial semantics (0.3399ms)
✔ admin can download any lead, audits the successful export, and sanitizes Unicode footer email (7.742655ms)
(node:27630) ExperimentalWarning: `--experimental-loader` may be removed in the future; instead use `register()`:
--import 'data:text/javascript,import { register } from "node:module"; import { pathToFileURL } from "node:url"; register("./test-loader.mjs", pathToFileURL("./"));'
(Use `node --trace-warnings ...` to show where the warning was created)
✔ lender package reasons do not expose arbitrary server errors (0.875263ms)
(node:27640) ExperimentalWarning: `--experimental-loader` may be removed in the future; instead use `register()`:
--import 'data:text/javascript,import { register } from "node:module"; import { pathToFileURL } from "node:url"; register("./test-loader.mjs", pathToFileURL("./"));'
(Use `node --trace-warnings ...` to show where the warning was created)
(node:27640) ExperimentalWarning: `--experimental-loader` may be removed in the future; instead use `register()`:
--import 'data:text/javascript,import { register } from "node:module"; import { pathToFileURL } from "node:url"; register("./test-loader.mjs", pathToFileURL("./"));'
(Use `node --trace-warnings ...` to show where the warning was created)
✔ seed-new route requires an authenticated admin (51.883428ms)
✔ seed-new route returns the exact shared operation summary, including missing update names (6.485217ms)
Failed to seed new lenders Error: database unavailable
    at seedNewLenders (file:///home/runner/workspace/.local/campaign-ux-source/artifacts/api-server/src/lib/lenderSeedRoutes.test.ts:108:13)
    at file:///home/runner/workspace/.local/campaign-ux-source/artifacts/api-server/src/routes/lenders.ts:558:28
    at process.processTicksAndRejections (node:internal/process/task_queues:103:5)
✔ seed-new route returns 500 when the shared operation fails (6.236797ms)
(node:27657) ExperimentalWarning: `--experimental-loader` may be removed in the future; instead use `register()`:
--import 'data:text/javascript,import { register } from "node:module"; import { pathToFileURL } from "node:url"; register("./test-loader.mjs", pathToFileURL("./"));'
(Use `node --trace-warnings ...` to show where the warning was created)
✔ submission request validation returns a named 400 before package work (5.151889ms)
✔ a concurrent second submission is denied by the held advisory lock before email send (31.026283ms)
✔ a post-SendGrid transaction failure leaves a durable receipt and refuses a second email (2.383584ms)
✔ a known SendGrid failure releases the receipt so a retry may send (2.234299ms)
✔ a thrown network error leaves an uncertain receipt and blocks a second email (1.805922ms)
✔ submission lock is released when immutable package storage fails before email (1.07397ms)
✔ submission re-download returns the immutable stored bytes after verifying its hash (2.135801ms)
✔ submission stores exactly the emailed attachment with config/hash metadata before immutable re-download (22.113374ms)
✔ lender submission decrypts full SSNs for package assembly without placing values in audit metadata (5.081111ms)
✔ an assigned rep may download a full-SSN immutable package under the normal lead authorization rule (2.659789ms)
✔ exact-package download refuses a corrupt stored object (3.153904ms)
✔ lender submission denies a rep with a lead assigned to another rep (0.7271ms)
✔ lender submission refuses a duplicate inside the rolling 24-hour window (0.62795ms)
✔ successful lender submission creates a Submitted deal when one is absent (1.445802ms)
✔ successful lender submission moves an existing active deal to Submitted and links its row (1.445429ms)
✔ lender submission SendGrid mock receives the built PDF, recipient, rep CC, and exact subject (1.164006ms)
✔ submission status and notes changes persist with activity logging in one transaction (2.164243ms)
(node:27657) ExperimentalWarning: `--experimental-loader` may be removed in the future; instead use `register()`:
--import 'data:text/javascript,import { register } from "node:module"; import { pathToFileURL } from "node:url"; register("./test-loader.mjs", pathToFileURL("./"));'
(Use `node --trace-warnings ...` to show where the warning was created)
(node:27668) ExperimentalWarning: `--experimental-loader` may be removed in the future; instead use `register()`:
--import 'data:text/javascript,import { register } from "node:module"; import { pathToFileURL } from "node:url"; register("./test-loader.mjs", pathToFileURL("./"));'
(Use `node --trace-warnings ...` to show where the warning was created)
✔ manual submission persists source manual and writes its activity (1.427608ms)
(node:27681) ExperimentalWarning: `--experimental-loader` may be removed in the future; instead use `register()`:
--import 'data:text/javascript,import { register } from "node:module"; import { pathToFileURL } from "node:url"; register("./test-loader.mjs", pathToFileURL("./"));'
(Use `node --trace-warnings ...` to show where the warning was created)
✔ an 8-month working-capital lead includes Thoro and excludes Dexly on TIB (25.639645ms)
✔ a 24-month, $250,000 working-capital lead includes Dexly (0.96392ms)
✔ missing required criteria exclude a lender (0.580218ms)
✔ documented equipment restrictions exclude a conflicting equipment file (0.3998ms)
✔ incomplete equipment facts cannot silently clear documented restrictions (0.343523ms)
✔ missing amount, TIB, state, and generic Other industry cannot clear structured gates (0.287377ms)
✔ application estimated score band is used only when actual score is absent (0.306285ms)
✔ actual lead credit score overrides application estimated score (0.2307ms)
✔ application business start month supplies time in business when company data is absent (0.381628ms)
✔ company time in business overrides application business start date (0.321062ms)
✔ an equipment trucking lead matches only lenders allowed by structured criteria (6.07745ms)
✔ batch 2 startup, monthly revenue, industry, and financial-statement gates use structured criteria (7.193452ms)
✔ product-scoped revenue gates and all-program industry restrictions apply correctly (14.707015ms)
✔ Section D Fenix and AFG packet scenarios use production seed rows and matcher (2.284318ms)
✔ Maxim uses state/amount/TIB gates, ignores FICO, and requires collateral for WC (1.7517ms)
✔ AFG vocational exceptions are scoped to equipment applications (0.253619ms)
✔ AFG tow-truck exclusion considers company and application signals (0.441928ms)
✔ AFG restricted trucking exceptions cannot be used by working-capital applications (0.691825ms)
✔ AFG tow exclusion ignores incidental towing equipment language (0.292137ms)
✔ rep-facing DKW fixture ranks approval before points and speed (0.947814ms)
✔ Godspeed approval evidence exposes Maxim C1 down-payment range and points (1.143061ms)
✔ generic lender notes never leak a captured approval tier to another lead (0.13618ms)
✔ Maxim points are a documented deal-specific upper bound, not compensation.max (0.353084ms)
✔ Enviro-Care below AFG equipment minimum is explicitly excluded (0.297896ms)
✔ document gaps use categories and statement count without treating one bank statement as three (0.646063ms)
✔ a current business statement reconciles a stale personal-only persisted gap (0.183501ms)
(node:27689) ExperimentalWarning: `--experimental-loader` may be removed in the future; instead use `register()`:
--import 'data:text/javascript,import { register } from "node:module"; import { pathToFileURL } from "node:url"; register("./test-loader.mjs", pathToFileURL("./"));'
(Use `node --trace-warnings ...` to show where the warning was created)
✔ migration runner applies a new file once and skips it on the second run (17.924255ms)
✔ migration runner reports a checksum mismatch without rerunning the file (9.252717ms)
✔ schema boot line reports zero applied migrations (0.414292ms)
✔ schema boot line lists pending migration names (0.313273ms)
✔ dry run treats a wrapped missing-ledger error as a first run (7.391802ms)
(node:27701) ExperimentalWarning: `--experimental-loader` may be removed in the future; instead use `register()`:
--import 'data:text/javascript,import { register } from "node:module"; import { pathToFileURL } from "node:url"; register("./test-loader.mjs", pathToFileURL("./"));'
(Use `node --trace-warnings ...` to show where the warning was created)
✔ assignment destination SQL includes every active non-pending non-merged staff role (4.830815ms)
✔ campaign deals default is unrestricted; open/exclude use complementary correlated existence (4.05808ms)
✔ lead list accepts exact imported source values without changing their spelling (789.741253ms)
(node:27701) ExperimentalWarning: `--experimental-loader` may be removed in the future; instead use `register()`:
--import 'data:text/javascript,import { register } from "node:module"; import { pathToFileURL } from "node:url"; register("./test-loader.mjs", pathToFileURL("./"));'
(Use `node --trace-warnings ...` to show where the warning was created)
(node:27713) ExperimentalWarning: `--experimental-loader` may be removed in the future; instead use `register()`:
--import 'data:text/javascript,import { register } from "node:module"; import { pathToFileURL } from "node:url"; register("./test-loader.mjs", pathToFileURL("./"));'
(Use `node --trace-warnings ...` to show where the warning was created)
✔ seed literals have the exact mapped fields and exhaustive structured notes (2.231133ms)
✔ new lender seeds have one entry per lender and the seed plan is idempotent (0.732825ms)
✔ a later existing-lender packet takes precedence over overlapping seed fields (0.290369ms)
✔ the Section A seed literals preserve exact mapped fields, contacts, nulls, and notes (0.749323ms)
✔ seed insert mapping carries explicit contacts and position caps without name special cases (0.434574ms)
✔ supported document fields are populated only where the packet states them (0.527714ms)
✔ the pure exact-name planner is idempotent and preserves existing names (0.344135ms)
✔ Section B update literals preserve the exact marker, source statements, and schema mappings (0.381446ms)
✔ Section B appends preserve old notes and contacts while restricting structured patches (0.393887ms)
✔ production executor creates first, then applies Section B updates with only AFG contact correction (6.771499ms)
✔ seed operation reports the unique configured lender inventory and updates (1.33674ms)
✔ production executor uses exact names and does not recreate a missing Section B lender (0.707861ms)
✔ structured gates backfill after an earlier packet marker and remain idempotent (0.800819ms)
✔ a prior packet marker without the new AFG marker is updated once and then unchanged (1.312224ms)
✔ prior packet inventory includes the new AFG update and three unapplied September 15 updates (2.273412ms)
✔ Section D seeds one missing lender and updates old AFG marker exactly once (1.273059ms)
✔ the original four-lender seed script remains byte-unchanged (12.716596ms)
(node:27733) ExperimentalWarning: `--experimental-loader` may be removed in the future; instead use `register()`:
--import 'data:text/javascript,import { register } from "node:module"; import { pathToFileURL } from "node:url"; register("./test-loader.mjs", pathToFileURL("./"));'
(Use `node --trace-warnings ...` to show where the warning was created)
✔ legacy deal numbers cannot reappear in notification titles or descriptions (49.899866ms)
✔ the generated client's exact notification payload matches the query schema (4.059619ms)
✔ rep can list, click through, mark read, and mark all read without changing another user's rows (58.820614ms)
✔ admin can list, click through, mark read, and mark all read without changing another user's rows (25.598684ms)
(node:27733) ExperimentalWarning: `--experimental-loader` may be removed in the future; instead use `register()`:
--import 'data:text/javascript,import { register } from "node:module"; import { pathToFileURL } from "node:url"; register("./test-loader.mjs", pathToFileURL("./"));'
(Use `node --trace-warnings ...` to show where the warning was created)
(node:27749) ExperimentalWarning: `--experimental-loader` may be removed in the future; instead use `register()`:
--import 'data:text/javascript,import { register } from "node:module"; import { pathToFileURL } from "node:url"; register("./test-loader.mjs", pathToFileURL("./"));'
(Use `node --trace-warnings ...` to show where the warning was created)
✔ notification delivery attempts Expo and web channels independently (2.824643ms)
(node:27749) ExperimentalWarning: `--experimental-loader` may be removed in the future; instead use `register()`:
--import 'data:text/javascript,import { register } from "node:module"; import { pathToFileURL } from "node:url"; register("./test-loader.mjs", pathToFileURL("./"));'
(Use `node --trace-warnings ...` to show where the warning was created)
(node:27761) ExperimentalWarning: `--experimental-loader` may be removed in the future; instead use `register()`:
--import 'data:text/javascript,import { register } from "node:module"; import { pathToFileURL } from "node:url"; register("./test-loader.mjs", pathToFileURL("./"));'
(Use `node --trace-warnings ...` to show where the warning was created)
✔ broker-out matches are grouped as super-broker options (0.729833ms)
✔ broker-in split math exposes gross, referral, and net GM (0.66898ms)
✔ split math clamps malformed percentages (0.157719ms)
✔ missing referral data produces a numeric zero instead of NaN (0.098905ms)
(node:27776) ExperimentalWarning: `--experimental-loader` may be removed in the future; instead use `register()`:
--import 'data:text/javascript,import { register } from "node:module"; import { pathToFileURL } from "node:url"; register("./test-loader.mjs", pathToFileURL("./"));'
(Use `node --trace-warnings ...` to show where the warning was created)
✔ native PDF is healthy without Chromium; failed launches are cached for ten minutes (36.932238ms)
✔ successful probe closes browser and uses bounded launch options (3.187375ms)
✔ probe times out and still closes a late browser (45.271555ms)
(node:27789) ExperimentalWarning: `--experimental-loader` may be removed in the future; instead use `register()`:
--import 'data:text/javascript,import { register } from "node:module"; import { pathToFileURL } from "node:url"; register("./test-loader.mjs", pathToFileURL("./"));'
(Use `node --trace-warnings ...` to show where the warning was created)
[15:30:58.868] [33mWARN[39m (27789): [36mNon-fatal unhandled promise rejection; keeping process alive[39m
    [35mstack[39m: "Error: expected background cancellation\n    at TestContext.<anonymous> (file:///home/runner/workspace/.local/campaign-ux-source/artifacts/api-server/src/lib/processHandlers.test.ts:11:33)\n    at Test.runInAsyncScope (node:async_hooks:214:14)\n    at Test.run (node:internal/test_runner/test:1106:25)\n    at Test.start (node:internal/test_runner/test:1003:17)\n    at startSubtestAfterBootstrap (node:internal/test_runner/harness:358:17)\n    at process.processTicksAndRejections (node:internal/process/task_queues:103:5)"
    err: {
      "type": "Error",
      "message": "expected background cancellation",
      "stack":
          Error: expected background cancellation
              at TestContext.<anonymous> (file:///home/runner/workspace/.local/campaign-ux-source/artifacts/api-server/src/lib/processHandlers.test.ts:11:33)
              at Test.runInAsyncScope (node:async_hooks:214:14)
              at Test.run (node:internal/test_runner/test:1106:25)
              at Test.start (node:internal/test_runner/test:1003:17)
              at startSubtestAfterBootstrap (node:internal/test_runner/harness:358:17)
              at process.processTicksAndRejections (node:internal/process/task_queues:103:5)
    }
[15:30:58.871] [41mFATAL[49m (27789): [36mFATAL: Unhandled promise rejection; exiting[39m
    [35mstack[39m: "Error: unexpected failure\n    at TestContext.<anonymous> (file:///home/runner/workspace/.local/campaign-ux-source/artifacts/api-server/src/lib/processHandlers.test.ts:25:28)\n    at Test.runInAsyncScope (node:async_hooks:214:14)\n    at Test.run (node:internal/test_runner/test:1106:25)\n    at Test.processPendingSubtests (node:internal/test_runner/test:788:18)\n    at Test.postRun (node:internal/test_runner/test:1235:19)\n    at Test.run (node:internal/test_runner/test:1163:12)\n    at process.processTicksAndRejections (node:internal/process/task_queues:103:5)\n    at async startSubtestAfterBootstrap (node:internal/test_runner/harness:358:3)"
    err: {
      "type": "Error",
      "message": "unexpected failure",
      "stack":
          Error: unexpected failure
              at TestContext.<anonymous> (file:///home/runner/workspace/.local/campaign-ux-source/artifacts/api-server/src/lib/processHandlers.test.ts:25:28)
              at Test.runInAsyncScope (node:async_hooks:214:14)
              at Test.run (node:internal/test_runner/test:1106:25)
              at Test.processPendingSubtests (node:internal/test_runner/test:788:18)
              at Test.postRun (node:internal/test_runner/test:1235:19)
              at Test.run (node:internal/test_runner/test:1163:12)
              at process.processTicksAndRejections (node:internal/process/task_queues:103:5)
              at async startSubtestAfterBootstrap (node:internal/test_runner/harness:358:3)
    }
[15:30:59.000] [41mFATAL[49m (27789): [36mFATAL: Uncaught exception; exiting[39m
    [35mstack[39m: "Error: unexpected exception\n    at TestContext.<anonymous> (file:///home/runner/workspace/.local/campaign-ux-source/artifacts/api-server/src/lib/processHandlers.test.ts:35:27)\n    at Test.runInAsyncScope (node:async_hooks:214:14)\n    at Test.run (node:internal/test_runner/test:1106:25)\n    at Test.processPendingSubtests (node:internal/test_runner/test:788:18)\n    at Test.postRun (node:internal/test_runner/test:1235:19)\n    at Test.run (node:internal/test_runner/test:1163:12)\n    at process.processTicksAndRejections (node:internal/process/task_queues:103:5)\n    at async Test.processPendingSubtests (node:internal/test_runner/test:788:7)"
    [35morigin[39m: "uncaughtException"
    err: {
      "type": "Error",
      "message": "unexpected exception",
      "stack":
          Error: unexpected exception
              at TestContext.<anonymous> (file:///home/runner/workspace/.local/campaign-ux-source/artifacts/api-server/src/lib/processHandlers.test.ts:35:27)
              at Test.runInAsyncScope (node:async_hooks:214:14)
              at Test.run (node:internal/test_runner/test:1106:25)
              at Test.processPendingSubtests (node:internal/test_runner/test:788:18)
              at Test.postRun (node:internal/test_runner/test:1235:19)
              at Test.run (node:internal/test_runner/test:1163:12)
              at process.processTicksAndRejections (node:internal/process/task_queues:103:5)
              at async Test.processPendingSubtests (node:internal/test_runner/test:788:7)
    }
✔ only explicitly marked promise rejections keep the process alive (2.071697ms)
✔ unknown promise rejections are fatal (128.902097ms)
✔ unknown uncaught exceptions are fatal (2.207443ms)
✔ explicitly marked uncaught exceptions keep the process alive (0.573543ms)
(node:27789) ExperimentalWarning: `--experimental-loader` may be removed in the future; instead use `register()`:
--import 'data:text/javascript,import { register } from "node:module"; import { pathToFileURL } from "node:url"; register("./test-loader.mjs", pathToFileURL("./"));'
(Use `node --trace-warnings ...` to show where the warning was created)
[15:30:59.002] [33mWARN[39m (27789): [36mNon-fatal uncaught exception; keeping process alive[39m
    [35mstack[39m: "Error: expected isolated exception\n    at TestContext.<anonymous> (file:///home/runner/workspace/.local/campaign-ux-source/artifacts/api-server/src/lib/processHandlers.test.ts:46:18)\n    at Test.runInAsyncScope (node:async_hooks:214:14)\n    at Test.run (node:internal/test_runner/test:1106:25)\n    at Test.processPendingSubtests (node:internal/test_runner/test:788:18)\n    at Test.postRun (node:internal/test_runner/test:1235:19)\n    at Test.run (node:internal/test_runner/test:1163:12)\n    at process.processTicksAndRejections (node:internal/process/task_queues:103:5)\n    at async Test.processPendingSubtests (node:internal/test_runner/test:788:7)"
    [35morigin[39m: "uncaughtException"
    err: {
      "type": "Error",
      "message": "expected isolated exception",
      "stack":
          Error: expected isolated exception
              at TestContext.<anonymous> (file:///home/runner/workspace/.local/campaign-ux-source/artifacts/api-server/src/lib/processHandlers.test.ts:46:18)
              at Test.runInAsyncScope (node:async_hooks:214:14)
              at Test.run (node:internal/test_runner/test:1106:25)
              at Test.processPendingSubtests (node:internal/test_runner/test:788:18)
              at Test.postRun (node:internal/test_runner/test:1235:19)
              at Test.run (node:internal/test_runner/test:1163:12)
              at process.processTicksAndRejections (node:internal/process/task_queues:103:5)
              at async Test.processPendingSubtests (node:internal/test_runner/test:788:7)
    }
(node:27796) ExperimentalWarning: `--experimental-loader` may be removed in the future; instead use `register()`:
--import 'data:text/javascript,import { register } from "node:module"; import { pathToFileURL } from "node:url"; register("./test-loader.mjs", pathToFileURL("./"));'
(Use `node --trace-warnings ...` to show where the warning was created)
(node:27796) ExperimentalWarning: `--experimental-loader` may be removed in the future; instead use `register()`:
--import 'data:text/javascript,import { register } from "node:module"; import { pathToFileURL } from "node:url"; register("./test-loader.mjs", pathToFileURL("./"));'
(Use `node --trace-warnings ...` to show where the warning was created)
✔ production closeout route requires an authenticated admin (56.111653ms)
✔ production closeout route returns the same shared lender operation result (17.235664ms)
Failed to run production closeout Error: closeout unavailable
    at runProductionCloseout (file:///home/runner/workspace/.local/campaign-ux-source/artifacts/api-server/src/lib/productionCloseoutRoute.test.ts:126:13)
    at file:///home/runner/workspace/.local/campaign-ux-source/artifacts/api-server/src/routes/adminProductionCloseout.ts:41:28
    at process.processTicksAndRejections (node:internal/process/task_queues:103:5)
✔ production closeout route preserves operation failure results and handles unexpected 500s (28.708242ms)
(node:27808) ExperimentalWarning: `--experimental-loader` may be removed in the future; instead use `register()`:
--import 'data:text/javascript,import { register } from "node:module"; import { pathToFileURL } from "node:url"; register("./test-loader.mjs", pathToFileURL("./"));'
(Use `node --trace-warnings ...` to show where the warning was created)
✔ production closeout executes operations in the required order (2.93215ms)
✔ production closeout stops on the first failure and reports skipped operations (0.71709ms)
(node:27820) ExperimentalWarning: `--experimental-loader` may be removed in the future; instead use `register()`:
--import 'data:text/javascript,import { register } from "node:module"; import { pathToFileURL } from "node:url"; register("./test-loader.mjs", pathToFileURL("./"));'
(Use `node --trace-warnings ...` to show where the warning was created)
✔ public application, status, chooser, and unsubscribe page markup has no placeholder contacts (2.038752ms)
✔ rendered applicant-facing emails and voicemail follow-up SMS never contain placeholder contacts (6.065183ms)
(node:27820) ExperimentalWarning: `--experimental-loader` may be removed in the future; instead use `register()`:
--import 'data:text/javascript,import { register } from "node:module"; import { pathToFileURL } from "node:url"; register("./test-loader.mjs", pathToFileURL("./"));'
(Use `node --trace-warnings ...` to show where the warning was created)
(node:27828) ExperimentalWarning: `--experimental-loader` may be removed in the future; instead use `register()`:
--import 'data:text/javascript,import { register } from "node:module"; import { pathToFileURL } from "node:url"; register("./test-loader.mjs", pathToFileURL("./"));'
(Use `node --trace-warnings ...` to show where the warning was created)
✔ CRM notification types map to their exact preference events (0.647468ms)
✔ generic status_changed notifications do not infer a browser event (0.127087ms)
✔ push master-off suppresses web push while event preference remains independent (0.109401ms)
✔ expired web-push responses are prunable, other failures are retained (0.11394ms)
(node:27828) ExperimentalWarning: `--experimental-loader` may be removed in the future; instead use `register()`:
--import 'data:text/javascript,import { register } from "node:module"; import { pathToFileURL } from "node:url"; register("./test-loader.mjs", pathToFileURL("./"));'
(Use `node --trace-warnings ...` to show where the warning was created)
(node:27845) ExperimentalWarning: `--experimental-loader` may be removed in the future; instead use `register()`:
--import 'data:text/javascript,import { register } from "node:module"; import { pathToFileURL } from "node:url"; register("./test-loader.mjs", pathToFileURL("./"));'
(Use `node --trace-warnings ...` to show where the warning was created)
✔ authenticated subscription route round-trips through upsert and unsubscribe handlers (58.065272ms)
✔ push subscription origins accept known providers and reject lookalikes/insecure URLs (0.35349ms)
✔ concurrent first claims of one endpoint cannot transfer its owner (13.144163ms)
(node:27845) ExperimentalWarning: `--experimental-loader` may be removed in the future; instead use `register()`:
--import 'data:text/javascript,import { register } from "node:module"; import { pathToFileURL } from "node:url"; register("./test-loader.mjs", pathToFileURL("./"));'
(Use `node --trace-warnings ...` to show where the warning was created)
(node:27857) ExperimentalWarning: `--experimental-loader` may be removed in the future; instead use `register()`:
--import 'data:text/javascript,import { register } from "node:module"; import { pathToFileURL } from "node:url"; register("./test-loader.mjs", pathToFileURL("./"));'
(Use `node --trace-warnings ...` to show where the warning was created)
✔ server rate points calculation matches Maxim fixture (2.228439ms)
✔ server calculation accounts for payment in advance (0.426696ms)
(node:27866) ExperimentalWarning: `--experimental-loader` may be removed in the future; instead use `register()`:
--import 'data:text/javascript,import { register } from "node:module"; import { pathToFileURL } from "node:url"; register("./test-loader.mjs", pathToFileURL("./"));'
(Use `node --trace-warnings ...` to show where the warning was created)
✔ Ray reserved email mapping is exact and old Rahmare mapping is gone (0.827268ms)
✔ Ray greeting fallback uses the canonical display name (0.230137ms)
✔ QR generators receive canonical web payloads through injected spies (1.637521ms)
(node:27866) ExperimentalWarning: `--experimental-loader` may be removed in the future; instead use `register()`:
--import 'data:text/javascript,import { register } from "node:module"; import { pathToFileURL } from "node:url"; register("./test-loader.mjs", pathToFileURL("./"));'
(Use `node --trace-warnings ...` to show where the warning was created)
✔ injected QR router serves the expected binary content types (70.989784ms)
(node:27882) ExperimentalWarning: `--experimental-loader` may be removed in the future; instead use `register()`:
--import 'data:text/javascript,import { register } from "node:module"; import { pathToFileURL } from "node:url"; register("./test-loader.mjs", pathToFileURL("./"));'
(Use `node --trace-warnings ...` to show where the warning was created)
✔ retirement auth is admin-only and generic PUT requires retirement for an existing slug (0.890956ms)
✔ retirement is idempotent and permanently reserves the prior slug (1.605855ms)
✔ retirement rejects active and retired targets (0.73288ms)
✔ failed update rolls back reservation and never writes history (0.233959ms)
(node:27882) ExperimentalWarning: `--experimental-loader` may be removed in the future; instead use `register()`:
--import 'data:text/javascript,import { register } from "node:module"; import { pathToFileURL } from "node:url"; register("./test-loader.mjs", pathToFileURL("./"));'
(Use `node --trace-warnings ...` to show where the warning was created)
✔ retired public resolver responds with a canonical 301 (36.42515ms)
(node:27897) ExperimentalWarning: `--experimental-loader` may be removed in the future; instead use `register()`:
--import 'data:text/javascript,import { register } from "node:module"; import { pathToFileURL } from "node:url"; register("./test-loader.mjs", pathToFileURL("./"));'
(Use `node --trace-warnings ...` to show where the warning was created)
✔ safe auth lookup preserves an initialized user id (1.426044ms)
✔ safe auth lookup does not mask an earlier request error (0.283811ms)
(node:27907) ExperimentalWarning: `--experimental-loader` may be removed in the future; instead use `register()`:
--import 'data:text/javascript,import { register } from "node:module"; import { pathToFileURL } from "node:url"; register("./test-loader.mjs", pathToFileURL("./"));'
(Use `node --trace-warnings ...` to show where the warning was created)
✔ admin errors page rejects malformed input with its field (2.385376ms)
✔ governance purge confirmation rejects malformed input with its field (0.373502ms)
✔ analytics rep rejects malformed input with its field (0.436725ms)
✔ credit log date rejects malformed input with its field (0.789651ms)
✔ deal list sort rejects malformed input with its field (1.118244ms)
✔ lead list status rejects malformed input with its field (1.050171ms)
✔ notification page rejects malformed input with its field (0.658757ms)
✔ PII log category rejects malformed input with its field (0.531361ms)
(node:27907) ExperimentalWarning: `--experimental-loader` may be removed in the future; instead use `register()`:
--import 'data:text/javascript,import { register } from "node:module"; import { pathToFileURL } from "node:url"; register("./test-loader.mjs", pathToFileURL("./"));'
(Use `node --trace-warnings ...` to show where the warning was created)
(node:27919) ExperimentalWarning: `--experimental-loader` may be removed in the future; instead use `register()`:
--import 'data:text/javascript,import { register } from "node:module"; import { pathToFileURL } from "node:url"; register("./test-loader.mjs", pathToFileURL("./"));'
(Use `node --trace-warnings ...` to show where the warning was created)
✔ boot-critical routes precede Clerk and global validation middleware (0.960394ms)
(node:27919) ExperimentalWarning: `--experimental-loader` may be removed in the future; instead use `register()`:
--import 'data:text/javascript,import { register } from "node:module"; import { pathToFileURL } from "node:url"; register("./test-loader.mjs", pathToFileURL("./"));'
(Use `node --trace-warnings ...` to show where the warning was created)
[15:31:08.140] [32mINFO[39m (27919): [36mSENTRY_DSN not set — Sentry error tracking disabled[39m
[15:31:08.152] [32mINFO[39m (27919): [36mClerk production proxy FAPI host resolved[39m
    [35mclerkFapiHost[39m: "frontend-api.clerk.dev"
    [35mpublishableKeyHost[39m: "select-humpback-65.clerk.accounts.dev"
    [35mpublishableKeyPrefix[39m: "pk_test"
    [35msecretKeyPrefix[39m: "sk_test"
    [35mproxyRevision[39m: "2026-09-19.1"
(node:27934) ExperimentalWarning: `--experimental-loader` may be removed in the future; instead use `register()`:
--import 'data:text/javascript,import { register } from "node:module"; import { pathToFileURL } from "node:url"; register("./test-loader.mjs", pathToFileURL("./"));'
(Use `node --trace-warnings ...` to show where the warning was created)
✔ proxy forwards signed raw bytes and preserves host and one-hop forwarding headers (45.255794ms)
✔ proxy streams headers and response chunks before the upstream finishes (15.245495ms)
✔ proxy returns an explicit 503 when the private runtime connection fails (16.129062ms)
✔ proxy forwards the socket address as a single fallback hop when X-Forwarded-For is absent (21.277827ms)
✔ proxy aborts the public response if an upstream stream fails after headers (11.490998ms)
✔ aborting the public response closes the corresponding upstream response (12.227777ms)
✔ aborting an incoming upload cancels the forwarded upstream request (7.833744ms)
(node:27945) ExperimentalWarning: `--experimental-loader` may be removed in the future; instead use `register()`:
--import 'data:text/javascript,import { register } from "node:module"; import { pathToFileURL } from "node:url"; register("./test-loader.mjs", pathToFileURL("./"));'
(Use `node --trace-warnings ...` to show where the warning was created)
{"applied":["037_partner_flows_and_texting.sql","047_partner_contacts_prerequisite.sql","038_partner_texting.sql","039_ridgestone_partner_profile.sql","040_release_schema_parity.sql","041_push_notifications.sql","042_push_delivery_ledger.sql","043_align_push_schema.sql","044_notification_delivery_claims.sql","045_application_equipment_category_homeowner.sql","046_complete_partner_contacts_recovery.sql","048_financing_campaign_draft.sql","049_lender_underwriting_intelligence.sql","050_lender_guideline_versions.sql","051_users_role_default_pending.sql","052_reusable_campaign_launcher.sql","053_campaign_preview_approval_snapshots.sql","054_campaign_preview_recipient_snapshots.sql","055_campaign_launch_execution_leases.sql","056_campaign_flyer.sql","057_telephony_settings.sql","058_telephony_business_defaults.sql","059_inbound_voice_settings.sql","060_inbound_voice_array_defaults.sql","061_telephony_completion.sql","062_email_readiness_daily_cap.sql","063_lead_vertical.sql","064_collateral_flyer_library.sql","065_campaign_flyer_link_vendor_template.sql","066_bundled_vendor_equipment_flyers.sql","067_campaign_attribution.sql","068_campaign_attribution_fk_names.sql","069_campaign_attribution_recovery.sql","070_campaign_lifecycle.sql"],"superseded":["036_partners_contacts.sql"],"alreadyApplied":["000_baseline.sql","001_create_credit_tables.sql","002_rep_slugs.sql","003_deals.sql","004_deal_intended_rep_slug.sql","005_lead_distribution_settings.sql","006_drip_sequence_ownership.sql","007_lead_staleness_threshold.sql","008_email_safety_settings.sql","009_email_send_failure_reason.sql","010_email_webhook_events.sql","011_email_rate_slots.sql","012_application_signature.sql","013_retired_rep_slugs.sql","014_application_optional_fields.sql","015_application_consent_text_version.sql","016_user_titles.sql","017_deal_notes_gm_split.sql","018_lender_matcher_gates.sql","019_document_categories.sql","020_lender_submissions.sql","021_lead_package_config.sql","022_lender_submission_package_snapshots.sql","023_routing_and_marketing_ownership.sql","024_email_compliance_daily_budget.sql","025_usfa_intake.sql","026_usfa_intake_runtime_support.sql","028_merge_going_to_funding_stage.sql","029_deal_approvals.sql","030_add_application_collateral.sql","031_collateral_library.sql","032_finance_application_collateral.sql","033_lender_submission_review_fields.sql","034_application_sms_consent.sql","035_user_identities.sql","036_partners_contacts.sql"],"schema":{"failed":null}}
✔ production-partial partner recovery reaches the current migration head (7026.861487ms)
✔ boot migration runner applies two pending files in numeric order and records them (9.926309ms)
✔ a failing second file keeps the first file applied and recorded (6.878931ms)
✔ a failed entry with a checksum mismatch is reported without retrying (3.066419ms)
✔ dry-run reads a legacy schema_migrations ledger without mutating it (3.659734ms)
✔ a mismatch blocks pending files collected before it (3.072529ms)
✔ a persisted checksum-matching non-duplicate failure remains failed and stops following files (3.601482ms)
✔ a failed migration reports prior applied work and boot still releases its coordinator (3.190828ms)
✔ a checksum-matching duplicate-object failure is superseded (4.529222ms)
✔ a timed-out advisory lock records degraded startup and releases the client (0.778541ms)
(node:27957) ExperimentalWarning: `--experimental-loader` may be removed in the future; instead use `register()`:
--import 'data:text/javascript,import { register } from "node:module"; import { pathToFileURL } from "node:url"; register("./test-loader.mjs", pathToFileURL("./"));'
(Use `node --trace-warnings ...` to show where the warning was created)
(node:27957) ExperimentalWarning: `--experimental-loader` may be removed in the future; instead use `register()`:
--import 'data:text/javascript,import { register } from "node:module"; import { pathToFileURL } from "node:url"; register("./test-loader.mjs", pathToFileURL("./"));'
(Use `node --trace-warnings ...` to show where the warning was created)
✔ scrub A fixture stores normalized EIN, server consent version, optional secondary owner, and both signature methods (123.313615ms)
✔ scrub A fixture reports named validation fields and creates the working-capital statement task (54.335097ms)
✔ scrub A migration dry-run discovers baseline then the append-only 001–022 set without writing (66.259952ms)
✔ scrub A selected-package preview has no submission write path (26.823846ms)
✔ scrub A package-config route persists, returns, and resets selection in an isolated repository (3.680925ms)
✔ scrub A administrator can override a recent lender submission and records the submission activity (15.37447ms)
(node:27973) ExperimentalWarning: `--experimental-loader` may be removed in the future; instead use `register()`:
--import 'data:text/javascript,import { register } from "node:module"; import { pathToFileURL } from "node:url"; register("./test-loader.mjs", pathToFileURL("./"));'
(Use `node --trace-warnings ...` to show where the warning was created)
✔ routing defaults to manual and only rotates ordinary website inbound leads (3.232938ms)
✔ automatic stale reassignment requires both opt-in flags and a rotating source (0.796738ms)
✔ representatives cannot manage other resources but can read administrator-owned resources (0.95615ms)
✔ stale reassignment uses a core select builder, never an aliased relational findMany (1.891148ms)
(node:27973) ExperimentalWarning: `--experimental-loader` may be removed in the future; instead use `register()`:
--import 'data:text/javascript,import { register } from "node:module"; import { pathToFileURL } from "node:url"; register("./test-loader.mjs", pathToFileURL("./"));'
(Use `node --trace-warnings ...` to show where the warning was created)
✔ drip API returns 403 when a rep reads, updates, or deletes another rep's sequence (150.309382ms)
✔ drip API permits a rep to read an admin sequence but forbids editing it (28.41665ms)
✔ drip enrollment API returns 403 for a lead assigned to another representative (19.262464ms)
✔ drip enrollment API rejects an admin sequence containing another rep's private template (94.734902ms)
✔ drip API returns 400 for malformed sequence and nested step bodies (26.445414ms)
✔ template API returns 403 for another rep's read, update, and delete (82.012211ms)
✔ template API permits a rep to read an admin template but forbids editing it (24.736995ms)
(node:27989) ExperimentalWarning: `--experimental-loader` may be removed in the future; instead use `register()`:
--import 'data:text/javascript,import { register } from "node:module"; import { pathToFileURL } from "node:url"; register("./test-loader.mjs", pathToFileURL("./"));'
(Use `node --trace-warnings ...` to show where the warning was created)
✔ the actual provider dispatch sink sends a signed unsubscribe footer and legal address (3.953289ms)
✔ a no-flyer campaign message has text/plain, minimal HTML, and zero attachments (1.568107ms)
(node:27989) ExperimentalWarning: `--experimental-loader` may be removed in the future; instead use `register()`:
--import 'data:text/javascript,import { register } from "node:module"; import { pathToFileURL } from "node:url"; register("./test-loader.mjs", pathToFileURL("./"));'
(Use `node --trace-warnings ...` to show where the warning was created)
✔ correlated webhook suppresses the persisted recipient, not a mismatched event email (60.465495ms)
✔ valid SendGrid ECDSA signature passes through exact raw-body verification (25.654738ms)
✔ invalid webhook signatures return 401 before any delivery or suppression mutation (8.538988ms)
✔ signed webhook route suppresses the matched lead for every H event (27.717516ms)
✔ admin test-send route sends fixed CEO message from funding address and returns mocked provider id (9.023056ms)
✔ shared locked daily bulk/drip reservation allows 75 combined attempts and denies the rest (1.437244ms)
✔ bulk and drip production call sites opt into the shared 60-message reservation (3.665453ms)
✔ email-delivery settings rejects null and malformed F fields with a named issue before database access (2.659688ms)
(node:28018) ExperimentalWarning: `--experimental-loader` may be removed in the future; instead use `register()`:
--import 'data:text/javascript,import { register } from "node:module"; import { pathToFileURL } from "node:url"; register("./test-loader.mjs", pathToFileURL("./"));'
(Use `node --trace-warnings ...` to show where the warning was created)
✔ rep performance keeps active reps plus historical owners and falls back to the email name (1040.839089ms)
✔ average funding time's production predicate rejects cycles under 24 hours (3.36541ms)
✔ deal export HTTP handler retains representative ownership scope while admins can select a representative (237.512281ms)
(node:28018) ExperimentalWarning: `--experimental-loader` may be removed in the future; instead use `register()`:
--import 'data:text/javascript,import { register } from "node:module"; import { pathToFileURL } from "node:url"; register("./test-loader.mjs", pathToFileURL("./"));'
(Use `node --trace-warnings ...` to show where the warning was created)
✔ retired public rep slugs use a permanent canonical redirect while unknown slugs stay generic (407.008489ms)
✔ lender packages select statements only from their persisted category, never their filename (54.451572ms)
✔ submission's actual handler refuses a same lender/lead submission inside 24 hours before building or sending (149.268582ms)
(node:28041) ExperimentalWarning: `--experimental-loader` may be removed in the future; instead use `register()`:
--import 'data:text/javascript,import { register } from "node:module"; import { pathToFileURL } from "node:url"; register("./test-loader.mjs", pathToFileURL("./"));'
(Use `node --trace-warnings ...` to show where the warning was created)
✔ accepts Calvin source ownership with a missing marker for repair (1.135011ms)
✔ accepts a real Calvin assignee with the Calvin marker (0.241465ms)
✔ accepts an already-unassigned Calvin reservation (0.220132ms)
✔ unchanged seeded ownership produces no corrections or assignment activity inputs (1.13656ms)
✔ closeout preserves a real Calvin assignment instead of creating a clear/reconcile loop (0.311787ms)
✔ tolerates converted or deleted seed rows and reports only matching markers (0.157062ms)
✔ fails closeout only when no matching seeded rows remain (0.325771ms)
✔ normalizes funding duration to a nonnegative whole day or null (0.214496ms)
(node:28047) ExperimentalWarning: `--experimental-loader` may be removed in the future; instead use `register()`:
--import 'data:text/javascript,import { register } from "node:module"; import { pathToFileURL } from "node:url"; register("./test-loader.mjs", pathToFileURL("./"));'
(Use `node --trace-warnings ...` to show where the warning was created)
✔ Sentry remains unloaded without a DSN and retains its privacy-safe capture setup when enabled (2.091428ms)
(node:28047) ExperimentalWarning: `--experimental-loader` may be removed in the future; instead use `register()`:
--import 'data:text/javascript,import { register } from "node:module"; import { pathToFileURL } from "node:url"; register("./test-loader.mjs", pathToFileURL("./"));'
(Use `node --trace-warnings ...` to show where the warning was created)
[15:31:08.921] [32mINFO[39m (28047): [36mSENTRY_DSN not set — Sentry error tracking disabled[39m
[15:31:08.921] [32mINFO[39m (28047): [36mSentry error tracking initialized[39m
(node:28063) ExperimentalWarning: `--experimental-loader` may be removed in the future; instead use `register()`:
--import 'data:text/javascript,import { register } from "node:module"; import { pathToFileURL } from "node:url"; register("./test-loader.mjs", pathToFileURL("./"));'
(Use `node --trace-warnings ...` to show where the warning was created)
✔ unchecked SMS consent stays false and leaves timestamp and IP empty (1.875443ms)
✔ checked SMS consent records timestamp and IP and makes the lead eligible (0.204012ms)
✔ legacy or incomplete consent records remain ineligible (0.209122ms)
(node:28073) ExperimentalWarning: `--experimental-loader` may be removed in the future; instead use `register()`:
--import 'data:text/javascript,import { register } from "node:module"; import { pathToFileURL } from "node:url"; register("./test-loader.mjs", pathToFileURL("./"));'
(Use `node --trace-warnings ...` to show where the warning was created)
✔ normal leads select compiles stale condition with a stable correlated alias (3.655761ms)
✔ latest activity sort expressions compile with an explicit activity alias (0.856591ms)
✔ active stages compile as inArray parameters rather than raw SQL (1.228257ms)
✔ two-phase lead and deal ID queries keep correlated SQL out of relational hydration (1.649122ms)
(node:28082) ExperimentalWarning: `--experimental-loader` may be removed in the future; instead use `register()`:
--import 'data:text/javascript,import { register } from "node:module"; import { pathToFileURL } from "node:url"; register("./test-loader.mjs", pathToFileURL("./"));'
(Use `node --trace-warnings ...` to show where the warning was created)
✔ stale display boundary is a strict less-than comparison (0.762789ms)
(node:28090) ExperimentalWarning: `--experimental-loader` may be removed in the future; instead use `register()`:
--import 'data:text/javascript,import { register } from "node:module"; import { pathToFileURL } from "node:url"; register("./test-loader.mjs", pathToFileURL("./"));'
(Use `node --trace-warnings ...` to show where the warning was created)
✔ startup gate keeps deployment liveness healthy while booting (37.316694ms)
✔ startup gate rejects business traffic until the application is ready (11.682909ms)
✔ startup gate hands the same listener to the application once ready (4.397713ms)
✔ failed initialization stays observable and does not admit business traffic (11.068196ms)
✔ liveness stays independent of production email configuration and ready listener (12.39903ms)
(node:28098) ExperimentalWarning: `--experimental-loader` may be removed in the future; instead use `register()`:
--import 'data:text/javascript,import { register } from "node:module"; import { pathToFileURL } from "node:url"; register("./test-loader.mjs", pathToFileURL("./"));'
(Use `node --trace-warnings ...` to show where the warning was created)
(node:28098) ExperimentalWarning: `--experimental-loader` may be removed in the future; instead use `register()`:
--import 'data:text/javascript,import { register } from "node:module"; import { pathToFileURL } from "node:url"; register("./test-loader.mjs", pathToFileURL("./"));'
(Use `node --trace-warnings ...` to show where the warning was created)
✔ rep can create a task assigned to themself on their lead (51.861505ms)
✔ rep cannot create a task assigned to another user (30.843339ms)
✔ manager can create a task assigned to any active user (6.506252ms)
✔ manager cannot create a task for an inactive user (10.178842ms)
✔ PATCH allows a manager to reassign to an active user (9.321722ms)
✔ PATCH rejects a rep assigning a task to another user without updating it (6.622635ms)
✔ PATCH rejects assignment to an inactive user (7.615485ms)
(node:28112) ExperimentalWarning: `--experimental-loader` may be removed in the future; instead use `register()`:
--import 'data:text/javascript,import { register } from "node:module"; import { pathToFileURL } from "node:url"; register("./test-loader.mjs", pathToFileURL("./"));'
(Use `node --trace-warnings ...` to show where the warning was created)
✔ audio upload grants bind the file, greeting, administrator and expiry (2.49386ms)
✔ greeting accepts only an MP3 signature under 2 MB (2.102128ms)
(node:28112) ExperimentalWarning: `--experimental-loader` may be removed in the future; instead use `register()`:
--import 'data:text/javascript,import { register } from "node:module"; import { pathToFileURL } from "node:url"; register("./test-loader.mjs", pathToFileURL("./"));'
(Use `node --trace-warnings ...` to show where the warning was created)
(node:28121) ExperimentalWarning: `--experimental-loader` may be removed in the future; instead use `register()`:
--import 'data:text/javascript,import { register } from "node:module"; import { pathToFileURL } from "node:url"; register("./test-loader.mjs", pathToFileURL("./"));'
(Use `node --trace-warnings ...` to show where the warning was created)
✔ browser calls use the configured voice caller ID (0.733092ms)
✔ browser call caller ID falls back to the client identity when unset (0.157586ms)
✔ SMS replies use the owned inbound number for the existing thread (0.126636ms)
✔ both owned numbers are valid inbound destinations (0.085597ms)
✔ new SMS and unowned inbound threads use the configured sender (0.094843ms)
(node:28139) ExperimentalWarning: `--experimental-loader` may be removed in the future; instead use `register()`:
--import 'data:text/javascript,import { register } from "node:module"; import { pathToFileURL } from "node:url"; register("./test-loader.mjs", pathToFileURL("./"));'
(Use `node --trace-warnings ...` to show where the warning was created)
✔ uses a valid TWILIO_PHONE_NUMBER fallback when settings are unset (2.001543ms)
✔ uses the business default when the environment fallback is absent or invalid (0.344935ms)
✔ persisted numbers override the environment fallback independently (0.182945ms)
(node:28147) ExperimentalWarning: `--experimental-loader` may be removed in the future; instead use `register()`:
--import 'data:text/javascript,import { register } from "node:module"; import { pathToFileURL } from "node:url"; register("./test-loader.mjs", pathToFileURL("./"));'
(Use `node --trace-warnings ...` to show where the warning was created)
✔ historical outcomes are a bounded explainable signal (1.730102ms)
✔ unsupported economics stay null instead of being invented (0.221177ms)
✔ bank-derived revenue keeps bank-statement provenance and source IDs (0.300918ms)
(node:28157) ExperimentalWarning: `--experimental-loader` may be removed in the future; instead use `register()`:
--import 'data:text/javascript,import { register } from "node:module"; import { pathToFileURL } from "node:url"; register("./test-loader.mjs", pathToFileURL("./"));'
(Use `node --trace-warnings ...` to show where the warning was created)
✔ identity resolution prefers a linked identity and falls back to the legacy clerk id (1.212005ms)
✔ merge reference policy moves every requested source reference to the target (0.4337ms)
✔ merge refuses inactive targets and only requires confirmation for reassignment (0.737136ms)
✔ reserved email attaches to the active reserved-slug owner, not a new user (0.221893ms)
✔ merge keeps target slug and retires and clears the source slug (1.072989ms)
(node:28170) ExperimentalWarning: `--experimental-loader` may be removed in the future; instead use `register()`:
--import 'data:text/javascript,import { register } from "node:module"; import { pathToFileURL } from "node:url"; register("./test-loader.mjs", pathToFileURL("./"));'
(Use `node --trace-warnings ...` to show where the warning was created)
✔ USFA mapper normalizes the exact Doe Street vendor row (3.876344ms)
(node:28170) ExperimentalWarning: `--experimental-loader` may be removed in the future; instead use `register()`:
--import 'data:text/javascript,import { register } from "node:module"; import { pathToFileURL } from "node:url"; register("./test-loader.mjs", pathToFileURL("./"));'
(Use `node --trace-warnings ...` to show where the warning was created)
✔ USFA source migration leaves existing companies and runtime support to later migrations (9.462489ms)
✔ mapper preserves the exact 28-header contract and handles score/revenue bands (0.587246ms)
✔ mapper zero-pads EIN and zip, flags short EIN, and keeps SSN/DOB out of lead data (0.21113ms)
✔ dedupe plan prefers external id and excludes the vendor's test address from email matching (0.214045ms)
✔ mapper rejects rows without an external id and marks malformed primary phones (0.594137ms)
✔ comments, alternate phone, and statement metadata never fetch or embed statement contents (0.278865ms)
✔ mapper preserves all four Sheet statement links and creates one task even with no links (0.398711ms)
✔ USFA poller requires every exact vendor header (0.529602ms)
✔ USFA poller is safely disarmed when service-account secret is absent (1.307067ms)
✔ USFA connection test reads only the configured header row and counts returned columns (0.408889ms)
✔ USFA connection test fails safely for missing configuration and sanitizes provider auth errors (0.409735ms)
✔ USFA import creates exactly one task per lead, assigned to the rep or the shared admin queue (0.724998ms)
✔ USFA ingestion commits before global admin notification and persists duplicate intake history (4.344744ms)
✔ USFA invite claim is conditional: exactly one winner and replay is rejected (0.902741ms)
✔ USFA error receipts are retried while successful receipts remain idempotent (1.191237ms)
✔ extracts a PDF attachment and vendor identity without fetching statement links (0.881147ms)
✔ does not treat a message without a PDF as an application (0.119493ms)
✔ delegated Gmail worker is safely disarmed without credentials (1.876465ms)
✔ Gmail listing paginates every page without any write operation (0.244286ms)
✔ Gmail retries use one deterministic object key and source-level idempotency guard (2.534917ms)
✔ USFA leads are blocked from marketing until explicit consent is confirmed (0.164807ms)
✔ all SMS and drip entry points recheck the shared USFA consent guard (1.754939ms)
✔ USFA webhook signature is HMAC-SHA256 over the exact raw body (0.61315ms)
✔ USFA webhook rejects an invalid signature through the real Express route (47.796665ms)
✔ USFA webhook schema requires id and a monthly numeric revenue (7.174014ms)
(node:28178) ExperimentalWarning: `--experimental-loader` may be removed in the future; instead use `register()`:
--import 'data:text/javascript,import { register } from "node:module"; import { pathToFileURL } from "node:url"; register("./test-loader.mjs", pathToFileURL("./"));'
(Use `node --trace-warnings ...` to show where the warning was created)
✔ voicemail playback tokens round-trip and carry a document id (2.109954ms)
✔ voicemail playback tokens reject tampering and expiry (0.574027ms)
✔ missed-call text-back has the exact opt-out copy and uses the New York call date (24.085283ms)
✔ missed-call text-back guard recognizes business hours and rejects after-hours (0.56686ms)
✔ handleMissedCall text-back guard requires opt-in, consent, and an unanswered call (0.625888ms)
(node:28178) ExperimentalWarning: `--experimental-loader` may be removed in the future; instead use `register()`:
--import 'data:text/javascript,import { register } from "node:module"; import { pathToFileURL } from "node:url"; register("./test-loader.mjs", pathToFileURL("./"));'
(Use `node --trace-warnings ...` to show where the warning was created)
(node:28193) ExperimentalWarning: `--experimental-loader` may be removed in the future; instead use `register()`:
--import 'data:text/javascript,import { register } from "node:module"; import { pathToFileURL } from "node:url"; register("./test-loader.mjs", pathToFileURL("./"));'
(Use `node --trace-warnings ...` to show where the warning was created)
✔ shutdown resolves after an already-observed unexpected worker exit (13.333119ms)
✔ worker exit while public requests drain cannot strand shutdown (34.804271ms)
✔ normal shutdown asks a live worker to close and waits for exit (47.841778ms)
ℹ tests 477
ℹ suites 2
ℹ pass 476
ℹ fail 0
ℹ cancelled 0
ℹ skipped 1
ℹ todo 0
ℹ duration_ms 60665.556765

> @workspace/mbs-crm@0.0.0 test /home/runner/workspace/.local/campaign-ux-source/artifacts/mbs-crm
> node --test --experimental-strip-types src/lib/*.test.ts

✔ resolves server API paths without duplicating the API prefix (1.838737ms)
✔ resolves relative paths and preserves absolute URLs (0.456971ms)
✔ keeps one API prefix for every collateral action (0.949126ms)
✔ appearance defaults to light and never loads another account's preference (1.415263ms)
✔ system follows OS while explicit modes override it (0.274523ms)
✔ invalid and inaccessible storage preferences are safe (0.264802ms)
✔ formats EIN input as digits with a dash and a nine-digit limit (1.011102ms)
✔ maps validation fields to steps and human labels (0.223693ms)
✔ invalid response shapes become a normal submission error (0.114811ms)
✔ unknown response fields show only the sanitized server error (0.7302ms)
✔ sanitizes the generic Invalid input message (0.236197ms)
✔ assignment directory includes all staff roles and orders by displayed name, not role (14.855122ms)
✔ brand takeover uses canonical marks and no removed wordmark (1.130136ms)
✔ every branded surface renders the correct light or reverse image src (9.547004ms)
✔ listed pages select the expected variant and preserve requested sizing (1.358525ms)
✔ favicon and PWA metadata point at the canonical icon set (0.362302ms)
✔ build ID is read only from the generated HTML marker (2.036044ms)
✔ recovery success still refreshes and navigates after its dropdown unmounts (7.096415ms)
✔ Deals audience has exactly the three required choices with All leads first (2.071818ms)
✔ source options use database values, including imported tags, with sorted lead counts (21.356504ms)
✔ rep options exclude inactive, merged and placeholder users, dedupe by id (0.379781ms)
✔ flyer metadata options use the API's exact enum values (2.048702ms)
✔ legacy representative labels are normalized for display and registration (0.349456ms)
✔ upload URL requests reject more than 50 files before sending (0.721085ms)
✔ campaign flyer validation accepts supported files and rejects invalid type, size, and empty files (0.994202ms)
✔ audience rules serialize guided control values into the API contract (0.755035ms)
✔ preview freshness requires a matching saved version and token (0.145526ms)
✔ readiness reports every exact blocker instead of only disabling approval (0.361947ms)
✔ a fresh zero-recipient preview blocks approval and explains filters versus eligibility (0.243355ms)
✔ complete saved content, active template, fresh non-empty preview, and affirmation are ready (0.135947ms)
✔ campaign dirty state ignores object key order but detects a real edit (9.518035ms)
✔ launch confirmation uses the approved snapshot after reload, never a newer preview (0.313964ms)
✔ manual lead selections merge unique IDs and enforce the combined pick limit (22.794028ms)
✔ select-all result cap rejects oversized search results with an explicit refinement message (0.47482ms)
✔ launched statuses expose only results, content, audience with results default (1.796722ms)
✔ draft, approved and scheduled use the four step flow; scheduled opens on launch (0.235146ms)
✔ archive, unarchive and delete eligibility (0.267112ms)
✔ compare labels use name, status and send date or Not sent (15.280305ms)
✔ recovery action gating and linked states (0.522117ms)
✔ cancelled summary never calls source pending Queued and lists reasons (0.378248ms)
✔ recovery polling and lifecycle invalidation cover every campaign query (0.418483ms)
✔ pages wire archive filter, delete confirmation, stepper and read-only launched tabs (18.539276ms)
✔ null tracking fields render as not tracked while zero stays zero (23.610494ms)
✔ referrer payload sets exactly one typed id and clears both (1.08375ms)
✔ metric rows label opens as approximate and money rows as referred deals (0.571619ms)
✔ referrer keys are typed (0.718775ms)
✔ failed lazy route import reloads at most once per build in a browser session (1.618842ms)
✔ blocked session storage prevents an unbounded reload loop (0.281241ms)
✔ Communications Call uses the real PhoneLink click handler for mobile, unavailable and ready desktop devices (1167.730532ms)
✔ dashboard uses the approved empty-state copy (1.0796ms)
✔ latest approval is deterministic by created time then id (0.814567ms)
✔ adding Maxim approval, selecting latest, and opening calculator prefills fields (0.797773ms)
✔ approval expiry reports whole days remaining (1.019115ms)
✔ kanban has exactly nine supported deal-stage columns (1.83334ms)
✔ compact Kanban sizing keeps nine columns at least 120px wide (0.188306ms)
✔ compact is the default while explicit per-user preferences still win (0.161011ms)
✔ compact Kanban fits the actual board area at 1280px and 1440px (0.274953ms)
✔ uses the exact built-in view stage predicates and serialization (0.163333ms)
✔ formats split GM without changing the underlying amount (13.396279ms)
✔ totals nullable fields after exact view filtering (0.297989ms)
✔ dialog dropdowns portal above dialog content (11.237516ms)
✔ sanitizes document filenames before browser download (1.282607ms)
✔ parseNullableCurrency returns null for empty/whitespace (1.168158ms)
✔ parseNullableCurrency returns numeric value for valid inputs (0.162446ms)
✔ parseNullableCurrency returns null for non-numeric strings (0.113154ms)
✔ computePageSize floors rows and clamps (0.7733ms)
✔ computePageSize is stable for identical input (0.280259ms)
✔ measured taller rows and headers reduce the page budget (0.185378ms)
✔ remapPage keeps the first visible record (0.150049ms)
✔ clampPage prevents invalid ranges (0.121636ms)
✔ pageRange reports accurate bounds (0.762205ms)
✔ desktop loads 50 at a time, stopping at the last or empty page (0.794657ms)
✔ scrolling appends records in order without duplicating moving records (0.864321ms)
✔ SMS consent opens the canonical legal pages in new tabs (1.363567ms)
✔ emptyForm initializes default partner properties correctly (3.188606ms)
✔ lenderToForm correctly maps api data to form data (1.59113ms)
✔ formToPayload correctly strips and transforms form data (2.561898ms)
✔ formToPayload nullifies referralSplitPct for non-broker-in partners (0.61107ms)
✔ builder waits for config and documents before filtering saved document IDs (4.942845ms)
✔ upload selection, reset defaults, and a reopened saved config preserve the expected state (0.786979ms)
✔ uses and sanitizes the RFC 5987 filename from the response header (1.644359ms)
✔ removes path traversal and enforces a PDF filename (0.27681ms)
✔ uses a safe fallback when the response has no filename (0.128078ms)
✔ only admins see the safe lender-package failure reason (0.737027ms)
✔ summary reports approved and declined submissions exactly (0.82187ms)
✔ declined matches are hidden unless requested (0.842521ms)
✔ stage prompts are optional and never automatic (0.190203ms)
✔ list data never exposes a non-array value to list consumers (1.411509ms)
✔ list payload accepts only arrays or configured array envelopes (0.353752ms)
✔ directory access waits for identity; reps cannot expose cached users or manually refetch (13.906459ms)
✔ lists every active pending user as an eligible merge source (1.764163ms)
✔ lists only active non-pending users as merge targets (0.192529ms)
✔ accepts only a selected eligible source and eligible target (0.23396ms)
✔ distinguishes source loading, request failure, empty, and ready states (0.136211ms)
✔ Enter followed by blur starts exactly one note mutation (4.269999ms)
✔ unchanged note starts no mutation (0.324019ms)
✔ notification errors include status and server reason for admins (1.443313ms)
✔ notification errors do not expose server diagnostics to non-admins (0.297295ms)
✔ notification errors retain the HTTP status when no reason is available (0.313065ms)
✔ rep notification click-through targets the linked lead (1.218943ms)
✔ admin notification click-through targets the linked lead (0.443571ms)
✔ notification click-through stays put when no lead is linked (0.125082ms)
✔ partner submission UI exposes partner types and broker attribution (5.516563ms)
✔ partner contact UI sends through the business SMS endpoint (3.239214ms)
✔ formats ordered production closeout success summaries (3.03458ms)
✔ formats a lender seed summary with missing update targets separately (0.374083ms)
✔ uses the exact lender count/name structure for first and repeat runs (0.266448ms)
✔ formats failed and skipped closeout statuses (0.552573ms)
✔ formats manual lender fallback mutation errors for the destructive toast (0.218125ms)
✔ reads status from generated API errors (2.860082ms)
✔ formats a visible HTTP status or clearly identifies a network error (0.218137ms)
✔ prefers a server API reason and falls back to the error message (0.470539ms)
✔ converts nominal APR to effective APR, simple rate, and payment (1.007217ms)
✔ effective APR round-trips to nominal APR (0.175862ms)
✔ simple-interest source preserves total payback and solves APR (0.205683ms)
✔ converts a 1.30 factor over 12 months to implied APR (0.202469ms)
✔ MCA factor and APR conversions round-trip for weekly offers (0.174725ms)
✔ rejects invalid terms, rates, and factors (0.104216ms)
✔ handles zero-cost financing without NaN or Infinity (0.095689ms)
✔ deal-linked query parsing reads the browser search string (4.357744ms)
✔ Maxim arrears fixture matches requested rates and commission (2.4979ms)
✔ one payment in advance changes the implied nominal rate (0.744257ms)
✔ reverse points produces the target commission and payment (1.318622ms)
✔ schedule conserves balance (1.793199ms)
✔ all seven record actions remain defined and meet mobile touch sizing (2.181005ms)
✔ lead actions always reach their functional record sections from every tab (0.313156ms)
✔ deal action eligibility is contact/link-based, never stage-based (0.395493ms)
✔ desktop phone uses softphone only when device is registered (0.742586ms)
✔ mobile web phone always uses tel even when a desktop device is registered (0.134598ms)
✔ softphone must be registered and idle; active calls and incoming calls fall back to tel (0.115973ms)
✔ mobile web detection handles narrow viewports and mobile device landscape (0.260888ms)
✔ email opens CRM composer for linked lead and mailto otherwise (0.795759ms)
✔ formats lead identity company first and tolerates missing or blank fields (1.211364ms)
✔ contactName trims and combines available name parts only (0.219062ms)
✔ deal cards accept authorized server business labels and explicit missing-contact states (0.403659ms)
✔ formats deal identity using authorized linked lead fields with neutral fallback (0.293425ms)
✔ identifies import failures without leaking URL credentials or values (1.253771ms)
✔ unknown errors do not display arbitrary exception data (0.332539ms)
✔ classifies common render errors using fixed safe descriptions (0.379055ms)
✔ Ray Settings action sends the complete canonical identity payload (1.338658ms)
✔ retired chooser response drives canonical attribution (0.180686ms)
✔ unknown chooser response stays unpersonalized (0.09324ms)
✔ chooser subtext uses only the representative first name (0.195573ms)
✔ chooser Continue href uses the canonical slug without a type query (0.253974ms)
✔ returns an async result without loading a DOM sanitizer for empty content (0.877179ms)
✔ removes hostile event handlers, executable elements, and javascript URLs (6050.304685ms)
✔ preserves safe email formatting and links (18.038063ms)
✔ explicitly permits only intended formatting tags, attributes, and URI schemes (1.129061ms)
✔ sanitizes malformed namespace and tag nesting before preview insertion (44.29771ms)
✔ 25 options render in a 300px scrollable list; searching Max shows only Maxim (1551.441426ms)
✔ new service worker update is announced only after installed with an existing controller (1.046641ms)
✔ notification click focuses a matching client, otherwise opens the exact deep link (0.687027ms)
✔ service worker keeps API fetches network-only and cleans only its cache namespace (7.739957ms)
✔ navigation and entry bundle bypass HTTP cache; offline navigation prefers cached shell then offline page (43.130984ms)
✔ entry bundle is network-first with no-store even when an old entry is cached (4.42753ms)
✔ hashed assets are cache-first and failed uncached assets still resolve to a Response (6.095432ms)
✔ HTML fallbacks for hashed JS and CSS assets return 503 and are never cached (5.82658ms)
✔ API and other network-only failures resolve to Responses rather than rejected fetch events (4.620631ms)
✔ repeated hover events do not restart opening and slow down the sidebar (1.672304ms)
✔ a quick pointer reversal cancels opening; stale callbacks cannot reopen (0.956107ms)
✔ re-entry cancels closing without flicker (0.206418ms)
✔ an open portaled layer or pressed pointer blocks both pending and new intents (0.241261ms)
✔ press cancellation and explicit keyboard/pin state supersede pending hover (0.191193ms)
✔ unpin reconciliation closes retained hover state after leaving while pinned (0.121304ms)
✔ unpin reconciliation preserves owned keyboard focus until blur (0.123689ms)
✔ draw serialization uses the live canvas and reports failures explicitly (1.711061ms)
✔ draw readiness transitions from missing to ready and back after clear (1.125852ms)
✔ typed readiness requires at least two trimmed characters (0.243007ms)
✔ Text is disabled when consent is not fully recorded (1.227203ms)
✔ Text is enabled only with consent, timestamp, and IP (0.248095ms)
✔ dense contact tables use breakpoint-scoped readable widths, not global card nowrap (1.284477ms)
✔ email sizing hooks preserve the existing composer and mobile/card wrapping (0.586331ms)
✔ both record lists opt into table scrolling with a readable email header (2.537439ms)
✔ refreshes the device token when a simulated short-TTL token nears expiry (7.896239ms)
✔ expired tokens and abnormal socket closes update the token and re-register once (1.177837ms)
✔ upgrades an in-flight expiry refresh when recovery requires re-registration (0.440501ms)
✔ recovery retries are bounded and report the final error (0.56298ms)
✔ USFA connection inputs hydrate from persisted settings after a reload (1.751341ms)
✔ USFA connection inputs handle an unconfigured sheet with the default tab (0.225795ms)
✔ USFA settings load errors expose their HTTP status or network failure (0.73995ms)
ℹ tests 180
ℹ suites 0
ℹ pass 180
ℹ fail 0
ℹ cancelled 0
ℹ skipped 0
ℹ todo 0
ℹ duration_ms 8518.0413

> @workspace/scripts@0.0.0 test /home/runner/workspace/.local/campaign-ux-source/scripts
> tsx --test ./src/*.test.ts

✔ repository contact copy contains no retired contact strings outside test fixtures (9971.419959ms)
✔ contact guard catches retired email, domain, and phone in ordinary source (0.362278ms)
✔ diffs ledger rows, tables, and every column signature (3.809851ms)
✔ diff formatting is deterministic and redacts values (10.12952ms)
✔ parser excludes schema_migrations from tables and detects missing/malformed ledgers (0.508309ms)
✔ URL guard rejects clone, non-PostgreSQL, and malformed URLs without echoing secrets (0.753364ms)
✔ PostgreSQL connection is split into environment fields without retaining inherited targets (0.576489ms)
✔ snapshot runner uses a temporary SQL file, read-only transaction, timeout, and cleans it up (20.004178ms)
✔ snapshot runner does not expose database URL in query failures (2.362379ms)
✔ local URL validation permits loopback and rejects remote credentials without echoing them (1.873819ms)
✔ backup selection is newest, with deterministic tie ordering and schema fallback (20.236638ms)
✔ application JSON backups are rejected clearly (1.189559ms)
✔ count formatting is stable and metadata-safe (0.195656ms)
✔ default configuration is injectable and rooted in workspace .local (0.253348ms)
✔ metadata serialization contains only safe connection and fingerprint fields (0.197204ms)
✔ metadata fingerprint is not a source path or basename (0.211836ms)
✔ JSON rejection is independent of extension and BOM (2.391199ms)
✔ gzip rejection is independent of extension (1.789161ms)
✔ fallback selection works when production backup directory is absent (3.096085ms)
✔ explicit invalid source does not silently fall back (0.843928ms)
✔ custom configuration keeps all managed paths beneath its clone root (0.528187ms)
✔ generated local connection has no password (0.156963ms)
✔ realpath containment rejects managed symlink paths (4.782322ms)
✔ lifecycle stop refuses a symlink before invoking pg_ctl (1.251306ms)
✔ lifecycle initialization rejects an ownership marker before destructive calls (8.579993ms)
✔ owned stale-major plus indeterminate pg_ctl status aborts and preserves data (12.731906ms)
✔ owned stale-major plus definite stopped status safely reinitializes after ownership match (15.205866ms)
✔ stop command failure preserves data and returns a redacted fixed error (6.343599ms)
✔ start identity mismatch performs no database cutover and finalizer attempts stop (7.8267ms)
DB clone source: backup
Public base tables: 0
Public columns: 0
Schema migrations ledger rows: 0
DB CLONE PASS
✔ automatic candidate flow retries older valid SQL only after newest staging restore fails (24.356784ms)
✔ explicit invalid or restore-failed source never falls back or drops production clone (11.554674ms)
✔ reversible cutover rolls back when second rename fails and never drops backup (12.244459ms)
✔ restore and capture stderr never expose fake secret or source path (16.851014ms)
✔ backup parent directory symlink is rejected before restore or process calls (2.448454ms)
DB clone source: backup
Public base tables: 1
Public columns: 1
Schema migrations ledger rows: 0
DB CLONE PASS
✔ real integration restores a one-table SQL clone and stops cleanly (11819.850651ms)
✔ cloneProduction symlink path finalizer invokes zero pg_ctl (7.043103ms)
✔ marker ownership mismatch invokes zero destructive calls (13.018043ms)
✔ existing-clone start failure attempts safe shutdown (14.83489ms)
✔ schema path guard detects CLI, package script, filter, and API push paths (2.216085ms)
✔ schema path guard ignores ordinary product push references (0.334596ms)
✔ model-sync simulation is allowed only in its guarded isolated-cluster worker (0.330928ms)
✔ schema path guard permits only the audited schema parity inspection (0.194789ms)
✔ schema path guard scans source and deployment configuration only (0.210767ms)
✔ numberMigrations is strict, sorted, and rejects aliases (8.040966ms)
✔ baseline and an earlier creator permit later column use (12726.156761ms)
✔ same-file table, foreign key, index, and insert are accepted (8259.288911ms)
✔ forward table and unqualified column dependencies are reported (11560.152354ms)
✔ missing table and column dependencies are reported (12258.971831ms)
✔ quoted public names, aliases, CTEs, and non-dynamic DO pass (7313.961422ms)
✔ CTE column lists in INSERT seeds are not treated as missing tables (5333.605034ms)
✔ dynamic DO SQL is rejected before migration execution (12642.011643ms)
✔ lazy DO branches are validated even when false (10515.146435ms)
✔ guarded procedural statements are not skipped (11017.19166ms)
✔ native statement attribution uses the failing statement (5272.548776ms)
✔ unqualified missing columns use the structurally inferred table (10043.15818ms)
✔ opaque numbered function bodies fail closed (5497.209178ms)
✔ column reference counting is explicit and deduplicated (0.604994ms)
✔ migration analysis ignores relation-like prose inside SQL string literals (0.308619ms)
✔ applied finite rename projection is exact-byte scoped and unknown dynamic SQL remains rejected (2.002025ms)
✔ workspace corpus has the expected baseline and migration counts (11260.022268ms)
✔ migration lint accepts every supported idempotency guard (2.974681ms)
✔ migration lint rejects unguarded schema creation and alteration (0.513127ms)
✔ unrelated catalog queries and wrong-name guards do not waive new DDL (0.910252ms)
✔ constraint guards are statement-scoped and support tagged blocks and nesting (0.672957ms)
✔ quoted constraint replacement has a matching idempotent drop guard (0.345526ms)
✔ string comment markers, fake IF strings and ELSE branches cannot hide new DDL (0.489755ms)
✔ guarded SQL spacing and concurrent index creation are accepted (0.312638ms)
✔ post-merge applies a pending migration to the development ledger before the guard (76.812306ms)
PREFLIGHT 1/11: schema path guard
PREFLIGHT 2/11: recovery guard
PREFLIGHT 3/11: typecheck
PREFLIGHT 4/11: full suite
PREFLIGHT 5/11: migration lint
PREFLIGHT 6/11: schema parity
PREFLIGHT 7/11: built-app smoke
PREFLIGHT 8/11: migration dependency lint
PREFLIGHT 9/11: production database clone
PREFLIGHT 10/11: migration rehearsal
✔ preflight keeps migration safety gates explicit and ordered (1.391474ms)
✔ preflight stops at a failed migration safety gate (1.564688ms)
✔ failure lines are single-line, named, and never undefined (1.423336ms)
✔ restore deletion fails when its explicit replacement is missing (2.249559ms)
✔ dirty worktree migrate.ts cannot alter the committed-tree guard result (27.064927ms)
ℹ tests 73
ℹ suites 0
ℹ pass 73
ℹ fail 0
ℹ cancelled 0
ℹ skipped 0
ℹ todo 0
ℹ duration_ms 124270.944854
✔ a newly applied migration must be visible in the development ledger (2.057877ms)
✔ a migration failure stops the post-merge command before ledger verification (0.519438ms)
✔ a migration missing from the durable ledger fails verification (0.225488ms)
✔ the migration target must match the development database identity (0.283121ms)
✔ missing independent development identity refuses all migration targets (0.123588ms)
✔ catalog comparison preserves logical grouping and literal case (0.943413ms)
✔ 070 ledger adoption is pinned to the complete immutable migration (8.432304ms)
✔ prepared nullable timestamps permit DDL-free lifecycle adoption (0.541474ms)
✔ missing lifecycle columns cannot be adopted (0.144236ms)
✔ wrong timestamp type cannot be adopted (0.103455ms)
✔ unexpected lifecycle nullability cannot be adopted (0.817281ms)
✔ unexpected lifecycle default cannot be adopted (0.267353ms)
✔ dependency scanner recognizes unique, IF NOT EXISTS, and multiple top-level creates (3.157659ms)
✔ dependency scanner ignores ordinary strings, comments, nested comments, and dollar bodies (0.446935ms)
✔ dependency scanner handles E strings and fails closed for malformed constructs (0.721453ms)
✔ migration analyzer ignores CTEs in the real 002 migration (102.088477ms)
✔ migration analyzer treats FK SET NULL as an action, not DELETE DML (13.619839ms)
✔ migration analyzer does not treat LATERAL as a table (0.446565ms)
✔ all current migrations form a parseable analyzer corpus (45.359087ms)
✔ 029 ignores timestamp WITH time zone and finds its real relations (24.460281ms)
✔ 040 DO body dependencies are analyzed while function bodies stay opaque (21.581626ms)
✔ migration analyzer handles recursive, multiple, quoted, and nested CTEs (0.53669ms)
✔ missing relation extraction traverses wrapped causes and message fallback (0.618784ms)
✔ runMigrations reorders one unique creator, retries, and skips it later (15.500623ms)
✔ runMigrations adopts baseline checksum on populated schemas without executing its DDL (4.013602ms)
✔ runMigrations stops with no creator and with ambiguous creators (10.654685ms)
✔ runMigrations persists creator failure and blocker retry failure (8.668835ms)
✔ runMigrations resolves structured quoted qualified identifiers and message fallback (15.941852ms)
✔ malformed CREATE syntax is rejected by the reorder scanner (0.241903ms)
✔ migration rehearsal URL guard accepts only the managed local clone (2.286681ms)
✔ dependency simulation rejects a later creator but accepts an earlier creator (2.352874ms)
✔ ledger diff reports added, changed, removed, and state changes (0.444309ms)
✔ partner model exposes the requested controlled vocabularies (1.852817ms)
✔ partner migration is append-only and contains safe backfill and seed (12.337549ms)
✔ partner flow and texting migrations are append-only and separately scoped (13.339288ms)
✔ Ridgestone profile migration preserves the exact supplied partner data (1.80734ms)
✔ schema parity check accepts only isolated local CI databases (1.709477ms)
✔ existing-schema parity accepts only migration rehearsal databases (0.427422ms)
✔ schema parity check accepts a throwaway database on the development host (0.182704ms)
✔ schema parity check loads tables from every schema module (527.144759ms)
✔ migration parity covers every table without exclusions (0.988963ms)
✔ schema parity check ignores only paired Drizzle naming artifacts (0.29974ms)
✔ schema parity check preserves changed constraint and index semantics (0.109643ms)
✔ schema migrations model preserves the production ledger definition (2.538572ms)
✔ notification settings model matches migration 041 (0.528602ms)
✔ applications model preserves migration 045 columns and check constraint (1.278438ms)
✔ migration 028 moves going-to-funding deals and writes system stage history (744.698069ms)
ℹ tests 47
ℹ suites 0
ℹ pass 47
ℹ fail 0
ℹ cancelled 0
ℹ skipped 0
ℹ todo 0
ℹ duration_ms 6832.783575
PREFLIGHT 5/11: migration lint

> workspace@0.0.0 lint:migrations /home/runner/workspace/.local/campaign-ux-source
> pnpm --filter @workspace/scripts run lint:migrations && pnpm --filter @workspace/scripts run lint:migration-dependencies


> @workspace/scripts@0.0.0 lint:migrations /home/runner/workspace/.local/campaign-ux-source/scripts
> tsx ./src/lint-migrations.ts

Migration idempotency lint passed.

> @workspace/scripts@0.0.0 lint:migration-dependencies /home/runner/workspace/.local/campaign-ux-source/scripts
> tsx ./src/lint-migration-dependencies.ts

baseline tables: 31
baseline columns: 320
migrations checked: 70
table references checked: 211
column references checked: 413
MIGRATION DEPENDENCY LINT PASS
PREFLIGHT 6/11: schema parity

> workspace@0.0.0 check:schema /home/runner/workspace/.local/campaign-ux-source
> pnpm --filter @workspace/scripts exec tsx ./src/check-schema.ts

[⣷] Pulling schema from database...
[2K[1G[⣯] Pulling schema from database...
[2K[1G[⣟] Pulling schema from database...
[2K[1G[⡿] Pulling schema from database...
[2K[1G[⢿] Pulling schema from database...
[2K[1G[⣻] Pulling schema from database...
[2K[1G[⣽] Pulling schema from database...
[2K[1G[⣷] Pulling schema from database...
[2K[1G[⣯] Pulling schema from database...
[2K[1G[⣟] Pulling schema from database...
[2K[1G[⡿] Pulling schema from database...
[2K[1G[⢿] Pulling schema from database...
[2K[1G[⣻] Pulling schema from database...
[2K[1G[⣽] Pulling schema from database...
[2K[1G[⣷] Pulling schema from database...
[2K[1G[⣯] Pulling schema from database...
[2K[1G[⣟] Pulling schema from database...
[2K[1G[⡿] Pulling schema from database...
[2K[1G[⢿] Pulling schema from database...
[2K[1G[⣻] Pulling schema from database...
[2K[1G[⣽] Pulling schema from database...
[2K[1G[✓] Pulling schema from database...
Schema parity OK: SQL runner and complete Drizzle schema set match
PREFLIGHT 7/11: built-app smoke

> workspace@0.0.0 smoke /home/runner/workspace/.local/campaign-ux-source
> pnpm run test:built-collateral && pnpm run test:built-startup && playwright test --config playwright.smoke.config.ts


> workspace@0.0.0 test:built-collateral /home/runner/workspace/.local/campaign-ux-source
> pnpm --filter @workspace/api-server run test:built-collateral


> @workspace/api-server@0.0.0 test:built-collateral /home/runner/workspace/.local/campaign-ux-source/artifacts/api-server
> pnpm run build && cd ../.. && node artifacts/api-server/test-built-collateral.mjs


> @workspace/api-server@0.0.0 build /home/runner/workspace/.local/campaign-ux-source/artifacts/api-server
> node ./build.mjs


  dist/chunks/runtime-SK5XVCU4.mjs    9.6mb ⚠️
  dist/chunks/chunk-L5M2SXKH.mjs      2.6mb ⚠️
  dist/chunks/chunk-O7Z42DEX.mjs      2.0mb ⚠️
  dist/chunks/esm-KUD6TZZ6.mjs        1.7mb ⚠️
  dist/chunks/excel-ZZULIAHE.mjs      1.6mb ⚠️
  dist/chunks/esm-JJSRRVUZ.mjs      992.6kb
  dist/chunks/chunk-ETVMQFYX.mjs    933.4kb
  dist/chunks/chunk-CJPBNUHV.mjs    158.1kb
  dist/chunks/chunk-WGINKKAP.mjs    127.6kb
  dist/chunks/chunk-2FBFM7CE.mjs    117.7kb
  dist/pino-pretty.mjs               84.6kb
  dist/chunks/chunk-RICIZEEN.mjs     51.8kb
  dist/chunks/chunk-T2GMKMES.mjs     22.5kb
  dist/chunks/chunk-RIS63LTX.mjs     21.9kb
  dist/chunks/chunk-7E3CCQC2.mjs     11.5kb
  dist/pino-worker.mjs                9.1kb
  dist/index.mjs                      6.2kb
  dist/thread-stream-worker.mjs       4.2kb
  dist/chunks/chunk-R5GPNPTX.mjs      3.8kb
  dist/chunks/chunk-ATFS5275.mjs      3.5kb
  ...and 58 more output files...

⚡ Done in 2848ms

> workspace@0.0.0 test:built-startup /home/runner/workspace/.local/campaign-ux-source
> node scripts/test-built-startup.mjs

{
  "label": "built-startup-regression",
  "entry": "/home/runner/workspace/.local/campaign-ux-source/artifacts/api-server/dist/index.mjs",
  "first200Ms": 101,
  "listenerMs": 74,
  "applicationReadyMs": 4185,
  "maxProbeMs": 30,
  "successfulProbes": 160,
  "failedProbes": 2,
  "failedAfterFirst200": 0
}
BUILT STARTUP LIVENESS PASS
[WebServer] (node:31822) Warning: The 'NO_COLOR' env is ignored due to the 'FORCE_COLOR' env being set.
[WebServer] (Use `node --trace-warnings ...` to show where the warning was created)
[WebServer] (node:31834) Warning: The 'NO_COLOR' env is ignored due to the 'FORCE_COLOR' env being set.
[WebServer] (Use `node --trace-warnings ...` to show where the warning was created)
[WebServer] (node:31850) Warning: The 'NO_COLOR' env is ignored due to the 'FORCE_COLOR' env being set.
[WebServer] (Use `node --trace-warnings ...` to show where the warning was created)
[WebServer] (node:31863) Warning: The 'NO_COLOR' env is ignored due to the 'FORCE_COLOR' env being set.
[WebServer] (Use `node --trace-warnings ...` to show where the warning was created)
[WebServer] 
[WebServer]   dist/chunks/runtime-SK5XVCU4.mjs    9.6mb ⚠️
[WebServer]   dist/chunks/chunk-L5M2SXKH.mjs      2.6mb ⚠️
[WebServer]   dist/chunks/chunk-O7Z42DEX.mjs      2.0mb ⚠️
[WebServer]   dist/chunks/esm-KUD6TZZ6.mjs        1.7mb ⚠️
[WebServer]   dist/chunks/excel-ZZULIAHE.mjs      1.6mb ⚠️
[WebServer]   dist/chunks/esm-JJSRRVUZ.mjs      992.6kb
[WebServer]   dist/chunks/chunk-ETVMQFYX.mjs    933.4kb
[WebServer]   dist/chunks/chunk-CJPBNUHV.mjs    158.1kb
[WebServer]   dist/chunks/chunk-WGINKKAP.mjs    127.6kb
[WebServer]   dist/chunks/chunk-2FBFM7CE.mjs    117.7kb
[WebServer]   dist/pino-pretty.mjs               84.6kb
[WebServer]   dist/chunks/chunk-RICIZEEN.mjs     51.8kb
[WebServer]   dist/chunks/chunk-T2GMKMES.mjs     22.5kb
[WebServer]   dist/chunks/chunk-RIS63LTX.mjs     21.9kb
[WebServer]   dist/chunks/chunk-7E3CCQC2.mjs     11.5kb
[WebServer]   dist/pino-worker.mjs                9.1kb
[WebServer]   dist/index.mjs                      6.2kb
[WebServer]   dist/thread-stream-worker.mjs       4.2kb
[WebServer]   dist/chunks/chunk-R5GPNPTX.mjs      3.8kb
[WebServer]   dist/chunks/chunk-ATFS5275.mjs      3.5kb
[WebServer]   ...and 58 more output files...
[WebServer] 
[WebServer] ⚡ Done in 1842ms
[WebServer] (node:31905) Warning: The 'NO_COLOR' env is ignored due to the 'FORCE_COLOR' env being set.
[WebServer] (Use `node --trace-warnings ...` to show where the warning was created)
[WebServer] (node:31918) Warning: The 'NO_COLOR' env is ignored due to the 'FORCE_COLOR' env being set.
[WebServer] (Use `node --trace-warnings ...` to show where the warning was created)
[WebServer] src/components/ui/tooltip.tsx (2:0): Error when using sourcemap for reporting an error: Can't resolve original location of error.
[WebServer] src/components/ui/sheet.tsx (2:0): Error when using sourcemap for reporting an error: Can't resolve original location of error.
[WebServer] src/components/ui/dropdown-menu.tsx (2:0): Error when using sourcemap for reporting an error: Can't resolve original location of error.
[WebServer] src/components/ui/select.tsx (2:0): Error when using sourcemap for reporting an error: Can't resolve original location of error.
[WebServer] src/components/ui/label.tsx (2:0): Error when using sourcemap for reporting an error: Can't resolve original location of error.
[WebServer] src/components/ui/command.tsx (2:0): Error when using sourcemap for reporting an error: Can't resolve original location of error.
[WebServer] 
[WebServer] (!) Some chunks are larger than 500 kB after minification. Consider:
[WebServer] - Using dynamic import() to code-split the application
[WebServer] - Use build.rollupOptions.output.manualChunks to improve chunking: https://rollupjs.org/configuration-options/#output-manualchunks
[WebServer] - Adjust chunk size limit for this warning via build.chunkSizeWarningLimit.
[WebServer] (node:31850) Warning: The 'NO_COLOR' env is ignored due to the 'FORCE_COLOR' env being set.
[WebServer] (Use `node --trace-warnings ...` to show where the warning was created)
[WebServer] (node:31961) Warning: The 'NO_COLOR' env is ignored due to the 'FORCE_COLOR' env being set.
[WebServer] (Use `node --trace-warnings ...` to show where the warning was created)
[WebServer] (node:31961) Warning: The 'NO_COLOR' env is ignored due to the 'FORCE_COLOR' env being set.
[WebServer] (Use `node --trace-warnings ...` to show where the warning was created)

Running 1 test using 1 worker

(node:31975) Warning: The 'NO_COLOR' env is ignored due to the 'FORCE_COLOR' env being set.
(Use `node --trace-warnings ...` to show where the warning was created)
  ✓  1 tests/smoke.spec.ts:3:5 › production smoke paths (5.4s)

  1 passed (32.6s)
PREFLIGHT 8/11: migration dependency lint

> workspace@0.0.0 lint:migration-dependencies /home/runner/workspace/.local/campaign-ux-source
> pnpm --filter @workspace/scripts run lint:migration-dependencies


> @workspace/scripts@0.0.0 lint:migration-dependencies /home/runner/workspace/.local/campaign-ux-source/scripts
> tsx ./src/lint-migration-dependencies.ts

baseline tables: 31
baseline columns: 320
migrations checked: 70
table references checked: 211
column references checked: 413
MIGRATION DEPENDENCY LINT PASS
PREFLIGHT 9/11: production database clone

> workspace@0.0.0 db:clone-prod /home/runner/workspace/.local/campaign-ux-source
> pnpm --silent --dir scripts exec tsx ./src/dbCloneProd.ts

DB clone source: schema-only
Public base tables: 31
Public columns: 320
Schema migrations ledger rows: 0
DB CLONE PASS
PREFLIGHT 10/11: migration rehearsal

> workspace@0.0.0 migrate:rehearse /home/runner/workspace/.local/campaign-ux-source
> pnpm --silent --dir scripts exec tsx ./src/migrate-rehearse.ts

Applied names/count: 002_rep_slugs.sql, 003_deals.sql, 004_deal_intended_rep_slug.sql, 006_drip_sequence_ownership.sql, 009_email_send_failure_reason.sql, 010_email_webhook_events.sql, 011_email_rate_slots.sql, 012_application_signature.sql, 013_retired_rep_slugs.sql, 014_application_optional_fields.sql, 015_application_consent_text_version.sql, 016_user_titles.sql, 017_deal_notes_gm_split.sql, 018_lender_matcher_gates.sql, 019_document_categories.sql, 020_lender_submissions.sql, 021_lead_package_config.sql, 022_lender_submission_package_snapshots.sql, 023_routing_and_marketing_ownership.sql, 024_email_compliance_daily_budget.sql, 025_usfa_intake.sql, 026_usfa_intake_runtime_support.sql, 028_merge_going_to_funding_stage.sql, 029_deal_approvals.sql, 030_add_application_collateral.sql, 031_collateral_library.sql, 032_finance_application_collateral.sql, 033_lender_submission_review_fields.sql, 034_application_sms_consent.sql, 035_user_identities.sql, 036_partners_contacts.sql, 037_partner_flows_and_texting.sql, 038_partner_texting.sql, 039_ridgestone_partner_profile.sql, 040_release_schema_parity.sql, 041_push_notifications.sql, 042_push_delivery_ledger.sql, 043_align_push_schema.sql, 044_notification_delivery_claims.sql, 045_application_equipment_category_homeowner.sql, 046_complete_partner_contacts_recovery.sql, 047_partner_contacts_prerequisite.sql, 048_financing_campaign_draft.sql, 049_lender_underwriting_intelligence.sql, 050_lender_guideline_versions.sql, 051_users_role_default_pending.sql, 052_reusable_campaign_launcher.sql, 053_campaign_preview_approval_snapshots.sql, 054_campaign_preview_recipient_snapshots.sql, 055_campaign_launch_execution_leases.sql, 056_campaign_flyer.sql, 057_telephony_settings.sql, 058_telephony_business_defaults.sql, 059_inbound_voice_settings.sql, 060_inbound_voice_array_defaults.sql, 061_telephony_completion.sql, 062_email_readiness_daily_cap.sql, 063_lead_vertical.sql, 064_collateral_flyer_library.sql, 065_campaign_flyer_link_vendor_template.sql, 066_bundled_vendor_equipment_flyers.sql, 067_campaign_attribution.sql, 068_campaign_attribution_fk_names.sql, 069_campaign_attribution_recovery.sql, 070_campaign_lifecycle.sql / 65
Superseded names/count: none / 0
Failed: none
Ledger before/after counts: 0/70
Added ledger rows: 000_baseline, 001_create_credit_tables, 002_rep_slugs, 003_deals, 004_deal_intended_rep_slug, 005_lead_distribution_settings, 006_drip_sequence_ownership, 007_lead_staleness_threshold, 008_email_safety_settings, 009_email_send_failure_reason, 010_email_webhook_events, 011_email_rate_slots, 012_application_signature, 013_retired_rep_slugs, 014_application_optional_fields, 015_application_consent_text_version, 016_user_titles, 017_deal_notes_gm_split, 018_lender_matcher_gates, 019_document_categories, 020_lender_submissions, 021_lead_package_config, 022_lender_submission_package_snapshots, 023_routing_and_marketing_ownership, 024_email_compliance_daily_budget, 025_usfa_intake, 026_usfa_intake_runtime_support, 028_merge_going_to_funding_stage, 029_deal_approvals, 030_add_application_collateral, 031_collateral_library, 032_finance_application_collateral, 033_lender_submission_review_fields, 034_application_sms_consent, 035_user_identities, 036_partners_contacts, 037_partner_flows_and_texting, 038_partner_texting, 039_ridgestone_partner_profile, 040_release_schema_parity, 041_push_notifications, 042_push_delivery_ledger, 043_align_push_schema, 044_notification_delivery_claims, 045_application_equipment_category_homeowner, 046_complete_partner_contacts_recovery, 047_partner_contacts_prerequisite, 048_financing_campaign_draft, 049_lender_underwriting_intelligence, 050_lender_guideline_versions, 051_users_role_default_pending, 052_reusable_campaign_launcher, 053_campaign_preview_approval_snapshots, 054_campaign_preview_recipient_snapshots, 055_campaign_launch_execution_leases, 056_campaign_flyer, 057_telephony_settings, 058_telephony_business_defaults, 059_inbound_voice_settings, 060_inbound_voice_array_defaults, 061_telephony_completion, 062_email_readiness_daily_cap, 063_lead_vertical, 064_collateral_flyer_library, 065_campaign_flyer_link_vendor_template, 066_bundled_vendor_equipment_flyers, 067_campaign_attribution, 068_campaign_attribution_fk_names, 069_campaign_attribution_recovery, 070_campaign_lifecycle
Changed ledger rows: none
Removed ledger rows: none
Applied names/count: 000_baseline.sql, 001_create_credit_tables.sql, 002_rep_slugs.sql, 003_deals.sql, 004_deal_intended_rep_slug.sql, 005_lead_distribution_settings.sql, 006_drip_sequence_ownership.sql, 007_lead_staleness_threshold.sql, 008_email_safety_settings.sql, 009_email_send_failure_reason.sql, 010_email_webhook_events.sql, 011_email_rate_slots.sql, 012_application_signature.sql, 013_retired_rep_slugs.sql, 014_application_optional_fields.sql, 015_application_consent_text_version.sql, 016_user_titles.sql, 017_deal_notes_gm_split.sql, 018_lender_matcher_gates.sql, 019_document_categories.sql, 020_lender_submissions.sql, 021_lead_package_config.sql, 022_lender_submission_package_snapshots.sql, 023_routing_and_marketing_ownership.sql, 024_email_compliance_daily_budget.sql, 025_usfa_intake.sql, 026_usfa_intake_runtime_support.sql, 028_merge_going_to_funding_stage.sql, 029_deal_approvals.sql, 030_add_application_collateral.sql, 031_collateral_library.sql, 032_finance_application_collateral.sql, 033_lender_submission_review_fields.sql, 034_application_sms_consent.sql, 035_user_identities.sql, 036_partners_contacts.sql, 037_partner_flows_and_texting.sql, 038_partner_texting.sql, 039_ridgestone_partner_profile.sql, 040_release_schema_parity.sql, 041_push_notifications.sql, 042_push_delivery_ledger.sql, 043_align_push_schema.sql, 044_notification_delivery_claims.sql, 045_application_equipment_category_homeowner.sql, 046_complete_partner_contacts_recovery.sql, 047_partner_contacts_prerequisite.sql, 048_financing_campaign_draft.sql, 049_lender_underwriting_intelligence.sql, 050_lender_guideline_versions.sql, 051_users_role_default_pending.sql, 052_reusable_campaign_launcher.sql, 053_campaign_preview_approval_snapshots.sql, 054_campaign_preview_recipient_snapshots.sql, 055_campaign_launch_execution_leases.sql, 056_campaign_flyer.sql, 057_telephony_settings.sql, 058_telephony_business_defaults.sql, 059_inbound_voice_settings.sql, 060_inbound_voice_array_defaults.sql, 061_telephony_completion.sql, 062_email_readiness_daily_cap.sql, 063_lead_vertical.sql, 064_collateral_flyer_library.sql, 065_campaign_flyer_link_vendor_template.sql, 066_bundled_vendor_equipment_flyers.sql, 067_campaign_attribution.sql, 068_campaign_attribution_fk_names.sql, 069_campaign_attribution_recovery.sql, 070_campaign_lifecycle.sql / 70
Superseded names/count: none / 0
Failed: none
Ledger before/after counts: 0/70
Added ledger rows: 000_baseline, 001_create_credit_tables, 002_rep_slugs, 003_deals, 004_deal_intended_rep_slug, 005_lead_distribution_settings, 006_drip_sequence_ownership, 007_lead_staleness_threshold, 008_email_safety_settings, 009_email_send_failure_reason, 010_email_webhook_events, 011_email_rate_slots, 012_application_signature, 013_retired_rep_slugs, 014_application_optional_fields, 015_application_consent_text_version, 016_user_titles, 017_deal_notes_gm_split, 018_lender_matcher_gates, 019_document_categories, 020_lender_submissions, 021_lead_package_config, 022_lender_submission_package_snapshots, 023_routing_and_marketing_ownership, 024_email_compliance_daily_budget, 025_usfa_intake, 026_usfa_intake_runtime_support, 028_merge_going_to_funding_stage, 029_deal_approvals, 030_add_application_collateral, 031_collateral_library, 032_finance_application_collateral, 033_lender_submission_review_fields, 034_application_sms_consent, 035_user_identities, 036_partners_contacts, 037_partner_flows_and_texting, 038_partner_texting, 039_ridgestone_partner_profile, 040_release_schema_parity, 041_push_notifications, 042_push_delivery_ledger, 043_align_push_schema, 044_notification_delivery_claims, 045_application_equipment_category_homeowner, 046_complete_partner_contacts_recovery, 047_partner_contacts_prerequisite, 048_financing_campaign_draft, 049_lender_underwriting_intelligence, 050_lender_guideline_versions, 051_users_role_default_pending, 052_reusable_campaign_launcher, 053_campaign_preview_approval_snapshots, 054_campaign_preview_recipient_snapshots, 055_campaign_launch_execution_leases, 056_campaign_flyer, 057_telephony_settings, 058_telephony_business_defaults, 059_inbound_voice_settings, 060_inbound_voice_array_defaults, 061_telephony_completion, 062_email_readiness_daily_cap, 063_lead_vertical, 064_collateral_flyer_library, 065_campaign_flyer_link_vendor_template, 066_bundled_vendor_equipment_flyers, 067_campaign_attribution, 068_campaign_attribution_fk_names, 069_campaign_attribution_recovery, 070_campaign_lifecycle
Changed ledger rows: none
Removed ledger rows: none
[⣷] Pulling schema from database...
[2K[1G[⣯] Pulling schema from database...
[2K[1G[⣟] Pulling schema from database...
[2K[1G[⡿] Pulling schema from database...
[2K[1G[⢿] Pulling schema from database...
[2K[1G[⣻] Pulling schema from database...
[2K[1G[⣽] Pulling schema from database...
[2K[1G[⣷] Pulling schema from database...
[2K[1G[⣯] Pulling schema from database...
[2K[1G[⣟] Pulling schema from database...
[2K[1G[⡿] Pulling schema from database...
[2K[1G[⢿] Pulling schema from database...
[2K[1G[⣻] Pulling schema from database...
[2K[1G[⣽] Pulling schema from database...
[2K[1G[⣷] Pulling schema from database...
[2K[1G[⣯] Pulling schema from database...
[2K[1G[⣟] Pulling schema from database...
[2K[1G[⡿] Pulling schema from database...
[2K[1G[⢿] Pulling schema from database...
[2K[1G[⣻] Pulling schema from database...
[2K[1G[⣽] Pulling schema from database...
[2K[1G[⣷] Pulling schema from database...
[2K[1G[✓] Pulling schema from database...
Schema parity OK: SQL runner and complete Drizzle schema set match
EMPTY-SCHEMA users.role default: pending
EMPTY-SCHEMA 000-TO-LATEST REHEARSAL PASS
[⣷] Pulling schema from database...
[2K[1G[⣯] Pulling schema from database...
[2K[1G[⣟] Pulling schema from database...
[2K[1G[⡿] Pulling schema from database...
[2K[1G[⢿] Pulling schema from database...
[2K[1G[⣻] Pulling schema from database...
[2K[1G[⣽] Pulling schema from database...
[2K[1G[⣷] Pulling schema from database...
[2K[1G[⣯] Pulling schema from database...
[2K[1G[⣟] Pulling schema from database...
[2K[1G[⡿] Pulling schema from database...
[2K[1G[⢿] Pulling schema from database...
[2K[1G[⣻] Pulling schema from database...
[2K[1G[⣽] Pulling schema from database...
[2K[1G[⣷] Pulling schema from database...
[2K[1G[⣯] Pulling schema from database...
[2K[1G[⣟] Pulling schema from database...
[2K[1G[⡿] Pulling schema from database...
[2K[1G[⢿] Pulling schema from database...
[2K[1G[⣻] Pulling schema from database...
[2K[1G[✓] Pulling schema from database...
Schema parity OK: SQL runner and complete Drizzle schema set match
POPULATED-SCHEMA initial no-ledger reconciliation: applied=65, ledger=70|1, baseline SQL skipped
POPULATED-SCHEMA retry: applied=0, adopted=000_baseline (a07aee3fbf5a174ff94c05859a401cac808b0c89435fd834e4bae09e75117902), constraints/indexes unchanged (63/748|246|196)
[⣷] Pulling schema from database...
[2K[1G[⣯] Pulling schema from database...
[2K[1G[⣟] Pulling schema from database...
[2K[1G[⡿] Pulling schema from database...
[2K[1G[✓] Pulling schema from database...
PRODUCTION-PROFILE next-publish model statements=105
BOOT {"status":"ok","phase":"ready"}
{"level":"info","event":"api_startup_listener_ready","port":42937}
{"level":30,"time":1791473786634,"pid":33301,"hostname":"repl","msg":"SENTRY_DSN not set — Sentry error tracking disabled"}
{"level":30,"time":1791473786641,"pid":33301,"hostname":"repl","clerkFapiHost":"frontend-api.clerk.dev","publishableKeyHost":"select-humpback-65.clerk.accounts.dev","publishableKeyPrefix":"pk_test","secretKeyPrefix":"sk_test","proxyRevision":"2026-09-19.1","msg":"Clerk production proxy FAPI host resolved"}
{"level":40,"time":1791473786643,"pid":33301,"hostname":"repl","msg":"ALLOWED_ORIGINS is not set in production — all CORS origins will be rejected"}
{"level":30,"time":1791473786744,"pid":33301,"hostname":"repl","msg":"schema OK — applied 0 (), 70 total"}
{"level":30,"time":1791473786745,"pid":33301,"hostname":"repl","msg":"Drip automation is disarmed"}
{"level":30,"time":1791473786746,"pid":33301,"hostname":"repl","msg":"USFA sheet poller disarmed: Google service account credentials are not configured or invalid"}
{"level":30,"time":1791473786747,"pid":33301,"hostname":"repl","msg":"USFA application poller disarmed: Gmail delegation or Object Storage is not configured"}
{"level":"info","event":"api_application_ready","port":42937}
{"level":30,"time":1791473786772,"pid":33301,"hostname":"repl","msg":"Seeded 6 default workflow rules"}

CATALOG DRIFT REJECTION PASS
ATTRIBUTION-REHEARSAL {"scenario":"production-profile","sourceKind":"isolated-metadata-matched-fixture-not-production-data","ledgerBefore":{"count":67,"rows":[{"name":"000_baseline","checksum":"a07aee3fbf5a174ff94c05859a401cac808b0c89435fd834e4bae09e75117902","state":"applied"},{"name":"001_create_credit_tables","checksum":"5a3914c1b6bad5369a994291aac3617ceda45e98b0401a50a2cb861662f8c881","state":"applied"},{"name":"002_rep_slugs","checksum":"46d83e32152a948c363f6ca17dc92bd9d9f2a91c79f08929af4c9035384c9672","state":"applied"},{"name":"003_deals","checksum":"ed582ec3e291049d0c411d9793704802cccd64cae108a7a00735890b28eaa233","state":"applied"},{"name":"004_deal_intended_rep_slug","checksum":"34b24e6e50cdfe1ea9922f458f33309c92c6e9680fe138eb1172e4fe49a7c26c","state":"applied"},{"name":"005_lead_distribution_settings","checksum":"f3ea1cd2887f39f9cc5d2cd66c3a1626d36b43c0b84e5fef0a0e4946dc2d46a4","state":"applied"},{"name":"006_drip_sequence_ownership","checksum":"09459bd62d55597d4758b75d593810755d14a6076c186127d5134614cb0380ba","state":"applied"},{"name":"007_lead_staleness_threshold","checksum":"2771bb13b11489bf588742b6e2f461474e4f17e2835abeee158be1652f9ebb95","state":"applied"},{"name":"008_email_safety_settings","checksum":"9d9805015f069ad2bb33abff0150018397a02a4caf0b8d6de28400a9e54d2400","state":"applied"},{"name":"009_email_send_failure_reason","checksum":"b6e7000f176009602ea54453ef8fec4e0dd379024caa68f7d26292ef8b5765f0","state":"applied"},{"name":"010_email_webhook_events","checksum":"c215003f45148264d1bd30add3e2d82d017a7492e10ea51da1f348a808eaa9d3","state":"applied"},{"name":"011_email_rate_slots","checksum":"b4efc9d24cb78f72f9baa9809823c3e75159c9cc66ba0c0361a4d98d45ddbdb4","state":"applied"},{"name":"012_application_signature","checksum":"5c42b2d9a3f7c5dd7e06f132413384e331077ad632883e12bc609cbd2eee2c8d","state":"applied"},{"name":"013_retired_rep_slugs","checksum":"88acbb2d9265cc349e3aaf0e8ef79f1f2edb4af417d0e6bcbdfa8e4d6f1b7c30","state":"applied"},{"name":"014_application_optional_fields","checksum":"2fc4bea96e83512ab1ddd4c9bb670a2ef55b5836fb5ac8ae02cf9e0872fe0f45","state":"applied"},{"name":"015_application_consent_text_version","checksum":"bb518329ba39771c0697155d75cb9701219b16c05d6468a795c48e770261edee","state":"applied"},{"name":"016_user_titles","checksum":"043ede312d09b85daf6f60cbebcc74adb99ff68d2a9c322ab3932f4ca0db4e83","state":"applied"},{"name":"017_deal_notes_gm_split","checksum":"cb8cc5ef51ea9baae90858fa774cf5dab6e1f86cf948a9a75718b41d67a005b7","state":"applied"},{"name":"018_lender_matcher_gates","checksum":"cc7df9b47f0119b2ddc249086feaf6084d78964bb6fec0e96239765c80c502cd","state":"applied"},{"name":"019_document_categories","checksum":"681bbfb3858c481d6d0cbe15d9c5f4129a783f28816a628a445dfeefc760d374","state":"applied"},{"name":"020_lender_submissions","checksum":"1ef5d4e359cd3626037a5ea45a08087aaf783b8816ad2b7e5be0301476719f48","state":"applied"},{"name":"021_lead_package_config","checksum":"ce5c5a0a00688d29b7bc5c5f4e35ad2797088defb969e36fd4d2c0cc1693e5f3","state":"applied"},{"name":"022_lender_submission_package_snapshots","checksum":"fc16b93c7a074a22888d8197a6a88b9bb8ff71283d912e3325add8ad330116f3","state":"applied"},{"name":"023_routing_and_marketing_ownership","checksum":"08da9afb034d57bc56219d1444cf5557775c23f71a8732169aa8ee244f0541ad","state":"applied"},{"name":"024_email_compliance_daily_budget","checksum":"bad7383e9ed8df253c20bd4bd8725a8773dc1d034fcba1c7417e3234fd14f530","state":"applied"},{"name":"025_usfa_intake","checksum":"6bb0033bd971fcf0d0a2274b01c78556799af5ee9738ec6b0d9f08f2b1170a50","state":"applied"},{"name":"026_usfa_intake_runtime_support","checksum":"9d13c871f3c5799751e2698cd6771636b6e4b337ef9098f8e7b5674a69888b55","state":"applied"},{"name":"028_merge_going_to_funding_stage","checksum":"09d6ed0446929d5f0f8c47a7799a2ea8b006854a919a8702cd0dafb4bcc0dce4","state":"applied"},{"name":"029_deal_approvals","checksum":"90b2d5390a2560b35c2f15981cd3087de9ea3d3b937b55edbaffa819b46a3c39","state":"applied"},{"name":"030_add_application_collateral","checksum":"33c910dadd587a5cc37c2f499c4f185a9b8e3cdb624a515b9ae2b967fb583fdb","state":"applied"},{"name":"031_collateral_library","checksum":"adbd86747569c0b02956d5b38debfc81e326c874aa7bbede7a73398d95fde4b3","state":"applied"},{"name":"032_finance_application_collateral","checksum":"57c07e85f37a80aae9c0c2ea3f2f2445887b4728386f4dfcfe3f0e776c25804c","state":"applied"},{"name":"033_lender_submission_review_fields","checksum":"1de8df04ade0e8160715e4716908b05ba4e2425a85c4c5cb951083ca827efa6d","state":"applied"},{"name":"034_application_sms_consent","checksum":"1831bc9ac93e3e9dfd6234caef56c3e0ccdf06d18fa623db53a192a8224623b5","state":"applied"},{"name":"035_user_identities","checksum":"184edad6d31e1bf079ab45da6fd691608d37783cb710d5a031c21dc7067cbdbd","state":"applied"},{"name":"036_partners_contacts","checksum":"35f6d26c0369bd046876d06ad7abfe636c499ddf4d4786bdb4c28e19f59952c9","state":"applied"},{"name":"037_partner_flows_and_texting","checksum":"31de09eb3327b34727006e986f2d593a71c6851ffc832674bda61beac6b8b223","state":"applied"},{"name":"038_partner_texting","checksum":"3bb622d378f1f73eef3accec85e51608cddb7e9cf08f1b10c7056642ecaeb29d","state":"applied"},{"name":"039_ridgestone_partner_profile","checksum":"4a1bba89fc6a725f23ce8468df1ebad33d27c4b92315816a7392c7c0f59bc23c","state":"applied"},{"name":"040_release_schema_parity","checksum":"5828af4a1b3664252cd0eb52506626bf14948bf5851e6882c2842ae44dbcb179","state":"applied"},{"name":"041_push_notifications","checksum":"2e45ec1de0773fb243dd51d60ba27df5a4a107aa4af86b5774d097349ba996b0","state":"applied"},{"name":"042_push_delivery_ledger","checksum":"d2f191455da390cbdebcd3b87aa377fbcb08044b9707078b2d39ddf0f4ee6e7a","state":"applied"},{"name":"043_align_push_schema","checksum":"73e384983cab81b55914dc905884eb2c4229169b699b8618fafa26ad7027365b","state":"applied"},{"name":"044_notification_delivery_claims","checksum":"efaec622e931eb624efec6a658a473bd09159e704b317e602e9a1a16d3c6a295","state":"applied"},{"name":"045_application_equipment_category_homeowner","checksum":"5e04725aaa480af54a339ba1d1414d35ea4033cba59825b79276aca6c29a7fc9","state":"applied"},{"name":"046_complete_partner_contacts_recovery","checksum":"598d709d7fac1b3f4497cc6da7118b7b12b4bbdb87c26f1ec534c3989230751c","state":"applied"},{"name":"047_partner_contacts_prerequisite","checksum":"d9c8ade860b0dd7d4dd7281c437a0b961f3b6cd3d305f87ade6fa18c78364399","state":"applied"},{"name":"048_financing_campaign_draft","checksum":"e32cc9a267265db14871d7980065623138873a1b0a019fe2f28f6261b0a898b7","state":"applied"},{"name":"049_lender_underwriting_intelligence","checksum":"ac06ab7c7670b7884d100e849a404a0dca67d2d48fc2fe90cdbe8df9753b5624","state":"applied"},{"name":"050_lender_guideline_versions","checksum":"38e3ec493dfb3963c10cece011d62ebed00daeb6b253943f35ba094559dcd458","state":"applied"},{"name":"051_users_role_default_pending","checksum":"04cee486a4d7fcd49bb92db32f230baa7f8af7016d6d31912367b354d7d204e4","state":"applied"},{"name":"052_reusable_campaign_launcher","checksum":"cfd8d92a060e40ce3710a761f674325d43078fac3cfea6144c74b51bd9f87959","state":"applied"},{"name":"053_campaign_preview_approval_snapshots","checksum":"cac7747dfd8f3aa3467bfb26c30ddde4e736b10ef2882a1d4d25d9b9e2f03e27","state":"applied"},{"name":"054_campaign_preview_recipient_snapshots","checksum":"efc6aaf9e7a82359f63d725c5963d1ffba1f8b70e45db9d2b9e3e42a10890ddc","state":"applied"},{"name":"055_campaign_launch_execution_leases","checksum":"2bc3bc65a6b5ee415a7be5298e77412fd6df21aafe61e136fca0610924c829af","state":"applied"},{"name":"056_campaign_flyer","checksum":"4cddc8265dc8e756366b921a5e174fc2a01e0415902025cff5462f203e9294f3","state":"applied"},{"name":"057_telephony_settings","checksum":"a4687cf976ff9c566c1bc415d62dd69aa21b8e5e5ba9830b976669a3a45ef343","state":"applied"},{"name":"058_telephony_business_defaults","checksum":"8f06131c93a39bd45f852e9a9ee54e2902e2685924b56749d1da4fffacfff018","state":"applied"},{"name":"059_inbound_voice_settings","checksum":"6099effcdbb354a180973b1be07d9a001d5111bfb3d3ce6e1b1b8c7562ef9955","state":"applied"},{"name":"060_inbound_voice_array_defaults","checksum":"4f119252a69277b176a7dd109395be85ff71aeb2529fee7b1fdc42ab34da4162","state":"applied"},{"name":"061_telephony_completion","checksum":"8df6562600dbe97028914991d1a1676d959dff39a13714c66217baab42e661a2","state":"applied"},{"name":"062_email_readiness_daily_cap","checksum":"e477ea7fe3fe02de4e97a67d5c507cad004b93a65efb9f0bd28921b913967470","state":"applied"},{"name":"063_lead_vertical","checksum":"58327cfc2b57fc66b0c8576e114625dab4e742d1eb7fba436e801080c4166f05","state":"applied"},{"name":"064_collateral_flyer_library","checksum":"6ee2b26ee412d85fa177a3c2cf5dcf0dad693cbab1836dedc081f36842eed29a","state":"applied"},{"name":"065_campaign_flyer_link_vendor_template","checksum":"e8296fc3f597f8e2e60e073eff6b466ee2e5a25e80ad86375ef7d2416c1f2b6b","state":"applied"},{"name":"066_bundled_vendor_equipment_flyers","checksum":"8cdd91542020c136efbaf0a703bb7aa3b93a14472d97b4e50455bfaa0994a26e","state":"applied"},{"name":"067_campaign_attribution","checksum":"f2990978aa8e8a905a11dd746986b21e89a97d428474651a703d97559b2988ba","state":"failed"}]},"ledgerAfter":{"count":70,"rows":[{"name":"000_baseline","checksum":"a07aee3fbf5a174ff94c05859a401cac808b0c89435fd834e4bae09e75117902","state":"applied"},{"name":"001_create_credit_tables","checksum":"5a3914c1b6bad5369a994291aac3617ceda45e98b0401a50a2cb861662f8c881","state":"applied"},{"name":"002_rep_slugs","checksum":"46d83e32152a948c363f6ca17dc92bd9d9f2a91c79f08929af4c9035384c9672","state":"applied"},{"name":"003_deals","checksum":"ed582ec3e291049d0c411d9793704802cccd64cae108a7a00735890b28eaa233","state":"applied"},{"name":"004_deal_intended_rep_slug","checksum":"34b24e6e50cdfe1ea9922f458f33309c92c6e9680fe138eb1172e4fe49a7c26c","state":"applied"},{"name":"005_lead_distribution_settings","checksum":"f3ea1cd2887f39f9cc5d2cd66c3a1626d36b43c0b84e5fef0a0e4946dc2d46a4","state":"applied"},{"name":"006_drip_sequence_ownership","checksum":"09459bd62d55597d4758b75d593810755d14a6076c186127d5134614cb0380ba","state":"applied"},{"name":"007_lead_staleness_threshold","checksum":"2771bb13b11489bf588742b6e2f461474e4f17e2835abeee158be1652f9ebb95","state":"applied"},{"name":"008_email_safety_settings","checksum":"9d9805015f069ad2bb33abff0150018397a02a4caf0b8d6de28400a9e54d2400","state":"applied"},{"name":"009_email_send_failure_reason","checksum":"b6e7000f176009602ea54453ef8fec4e0dd379024caa68f7d26292ef8b5765f0","state":"applied"},{"name":"010_email_webhook_events","checksum":"c215003f45148264d1bd30add3e2d82d017a7492e10ea51da1f348a808eaa9d3","state":"applied"},{"name":"011_email_rate_slots","checksum":"b4efc9d24cb78f72f9baa9809823c3e75159c9cc66ba0c0361a4d98d45ddbdb4","state":"applied"},{"name":"012_application_signature","checksum":"5c42b2d9a3f7c5dd7e06f132413384e331077ad632883e12bc609cbd2eee2c8d","state":"applied"},{"name":"013_retired_rep_slugs","checksum":"88acbb2d9265cc349e3aaf0e8ef79f1f2edb4af417d0e6bcbdfa8e4d6f1b7c30","state":"applied"},{"name":"014_application_optional_fields","checksum":"2fc4bea96e83512ab1ddd4c9bb670a2ef55b5836fb5ac8ae02cf9e0872fe0f45","state":"applied"},{"name":"015_application_consent_text_version","checksum":"bb518329ba39771c0697155d75cb9701219b16c05d6468a795c48e770261edee","state":"applied"},{"name":"016_user_titles","checksum":"043ede312d09b85daf6f60cbebcc74adb99ff68d2a9c322ab3932f4ca0db4e83","state":"applied"},{"name":"017_deal_notes_gm_split","checksum":"cb8cc5ef51ea9baae90858fa774cf5dab6e1f86cf948a9a75718b41d67a005b7","state":"applied"},{"name":"018_lender_matcher_gates","checksum":"cc7df9b47f0119b2ddc249086feaf6084d78964bb6fec0e96239765c80c502cd","state":"applied"},{"name":"019_document_categories","checksum":"681bbfb3858c481d6d0cbe15d9c5f4129a783f28816a628a445dfeefc760d374","state":"applied"},{"name":"020_lender_submissions","checksum":"1ef5d4e359cd3626037a5ea45a08087aaf783b8816ad2b7e5be0301476719f48","state":"applied"},{"name":"021_lead_package_config","checksum":"ce5c5a0a00688d29b7bc5c5f4e35ad2797088defb969e36fd4d2c0cc1693e5f3","state":"applied"},{"name":"022_lender_submission_package_snapshots","checksum":"fc16b93c7a074a22888d8197a6a88b9bb8ff71283d912e3325add8ad330116f3","state":"applied"},{"name":"023_routing_and_marketing_ownership","checksum":"08da9afb034d57bc56219d1444cf5557775c23f71a8732169aa8ee244f0541ad","state":"applied"},{"name":"024_email_compliance_daily_budget","checksum":"bad7383e9ed8df253c20bd4bd8725a8773dc1d034fcba1c7417e3234fd14f530","state":"applied"},{"name":"025_usfa_intake","checksum":"6bb0033bd971fcf0d0a2274b01c78556799af5ee9738ec6b0d9f08f2b1170a50","state":"applied"},{"name":"026_usfa_intake_runtime_support","checksum":"9d13c871f3c5799751e2698cd6771636b6e4b337ef9098f8e7b5674a69888b55","state":"applied"},{"name":"028_merge_going_to_funding_stage","checksum":"09d6ed0446929d5f0f8c47a7799a2ea8b006854a919a8702cd0dafb4bcc0dce4","state":"applied"},{"name":"029_deal_approvals","checksum":"90b2d5390a2560b35c2f15981cd3087de9ea3d3b937b55edbaffa819b46a3c39","state":"applied"},{"name":"030_add_application_collateral","checksum":"33c910dadd587a5cc37c2f499c4f185a9b8e3cdb624a515b9ae2b967fb583fdb","state":"applied"},{"name":"031_collateral_library","checksum":"adbd86747569c0b02956d5b38debfc81e326c874aa7bbede7a73398d95fde4b3","state":"applied"},{"name":"032_finance_application_collateral","checksum":"57c07e85f37a80aae9c0c2ea3f2f2445887b4728386f4dfcfe3f0e776c25804c","state":"applied"},{"name":"033_lender_submission_review_fields","checksum":"1de8df04ade0e8160715e4716908b05ba4e2425a85c4c5cb951083ca827efa6d","state":"applied"},{"name":"034_application_sms_consent","checksum":"1831bc9ac93e3e9dfd6234caef56c3e0ccdf06d18fa623db53a192a8224623b5","state":"applied"},{"name":"035_user_identities","checksum":"184edad6d31e1bf079ab45da6fd691608d37783cb710d5a031c21dc7067cbdbd","state":"applied"},{"name":"036_partners_contacts","checksum":"35f6d26c0369bd046876d06ad7abfe636c499ddf4d4786bdb4c28e19f59952c9","state":"applied"},{"name":"037_partner_flows_and_texting","checksum":"31de09eb3327b34727006e986f2d593a71c6851ffc832674bda61beac6b8b223","state":"applied"},{"name":"038_partner_texting","checksum":"3bb622d378f1f73eef3accec85e51608cddb7e9cf08f1b10c7056642ecaeb29d","state":"applied"},{"name":"039_ridgestone_partner_profile","checksum":"4a1bba89fc6a725f23ce8468df1ebad33d27c4b92315816a7392c7c0f59bc23c","state":"applied"},{"name":"040_release_schema_parity","checksum":"5828af4a1b3664252cd0eb52506626bf14948bf5851e6882c2842ae44dbcb179","state":"applied"},{"name":"041_push_notifications","checksum":"2e45ec1de0773fb243dd51d60ba27df5a4a107aa4af86b5774d097349ba996b0","state":"applied"},{"name":"042_push_delivery_ledger","checksum":"d2f191455da390cbdebcd3b87aa377fbcb08044b9707078b2d39ddf0f4ee6e7a","state":"applied"},{"name":"043_align_push_schema","checksum":"73e384983cab81b55914dc905884eb2c4229169b699b8618fafa26ad7027365b","state":"applied"},{"name":"044_notification_delivery_claims","checksum":"efaec622e931eb624efec6a658a473bd09159e704b317e602e9a1a16d3c6a295","state":"applied"},{"name":"045_application_equipment_category_homeowner","checksum":"5e04725aaa480af54a339ba1d1414d35ea4033cba59825b79276aca6c29a7fc9","state":"applied"},{"name":"046_complete_partner_contacts_recovery","checksum":"598d709d7fac1b3f4497cc6da7118b7b12b4bbdb87c26f1ec534c3989230751c","state":"applied"},{"name":"047_partner_contacts_prerequisite","checksum":"d9c8ade860b0dd7d4dd7281c437a0b961f3b6cd3d305f87ade6fa18c78364399","state":"applied"},{"name":"048_financing_campaign_draft","checksum":"e32cc9a267265db14871d7980065623138873a1b0a019fe2f28f6261b0a898b7","state":"applied"},{"name":"049_lender_underwriting_intelligence","checksum":"ac06ab7c7670b7884d100e849a404a0dca67d2d48fc2fe90cdbe8df9753b5624","state":"applied"},{"name":"050_lender_guideline_versions","checksum":"38e3ec493dfb3963c10cece011d62ebed00daeb6b253943f35ba094559dcd458","state":"applied"},{"name":"051_users_role_default_pending","checksum":"04cee486a4d7fcd49bb92db32f230baa7f8af7016d6d31912367b354d7d204e4","state":"applied"},{"name":"052_reusable_campaign_launcher","checksum":"cfd8d92a060e40ce3710a761f674325d43078fac3cfea6144c74b51bd9f87959","state":"applied"},{"name":"053_campaign_preview_approval_snapshots","checksum":"cac7747dfd8f3aa3467bfb26c30ddde4e736b10ef2882a1d4d25d9b9e2f03e27","state":"applied"},{"name":"054_campaign_preview_recipient_snapshots","checksum":"efc6aaf9e7a82359f63d725c5963d1ffba1f8b70e45db9d2b9e3e42a10890ddc","state":"applied"},{"name":"055_campaign_launch_execution_leases","checksum":"2bc3bc65a6b5ee415a7be5298e77412fd6df21aafe61e136fca0610924c829af","state":"applied"},{"name":"056_campaign_flyer","checksum":"4cddc8265dc8e756366b921a5e174fc2a01e0415902025cff5462f203e9294f3","state":"applied"},{"name":"057_telephony_settings","checksum":"a4687cf976ff9c566c1bc415d62dd69aa21b8e5e5ba9830b976669a3a45ef343","state":"applied"},{"name":"058_telephony_business_defaults","checksum":"8f06131c93a39bd45f852e9a9ee54e2902e2685924b56749d1da4fffacfff018","state":"applied"},{"name":"059_inbound_voice_settings","checksum":"6099effcdbb354a180973b1be07d9a001d5111bfb3d3ce6e1b1b8c7562ef9955","state":"applied"},{"name":"060_inbound_voice_array_defaults","checksum":"4f119252a69277b176a7dd109395be85ff71aeb2529fee7b1fdc42ab34da4162","state":"applied"},{"name":"061_telephony_completion","checksum":"8df6562600dbe97028914991d1a1676d959dff39a13714c66217baab42e661a2","state":"applied"},{"name":"062_email_readiness_daily_cap","checksum":"e477ea7fe3fe02de4e97a67d5c507cad004b93a65efb9f0bd28921b913967470","state":"applied"},{"name":"063_lead_vertical","checksum":"58327cfc2b57fc66b0c8576e114625dab4e742d1eb7fba436e801080c4166f05","state":"applied"},{"name":"064_collateral_flyer_library","checksum":"6ee2b26ee412d85fa177a3c2cf5dcf0dad693cbab1836dedc081f36842eed29a","state":"applied"},{"name":"065_campaign_flyer_link_vendor_template","checksum":"e8296fc3f597f8e2e60e073eff6b466ee2e5a25e80ad86375ef7d2416c1f2b6b","state":"applied"},{"name":"066_bundled_vendor_equipment_flyers","checksum":"8cdd91542020c136efbaf0a703bb7aa3b93a14472d97b4e50455bfaa0994a26e","state":"applied"},{"name":"067_campaign_attribution","checksum":"f2990978aa8e8a905a11dd746986b21e89a97d428474651a703d97559b2988ba","state":"superseded"},{"name":"068_campaign_attribution_fk_names","checksum":"061300fbfd0a7a899ca5141094b960b1507703247aa103264912e62ce688df66","state":"applied"},{"name":"069_campaign_attribution_recovery","checksum":"6cec18c4f246402baa5387fd182ae181cf2ba3fa11d34472b1101bdcc883c7f0","state":"applied"},{"name":"070_campaign_lifecycle","checksum":"d65f9db85abef993f939e144a8a80819621c5d193051b280f7cc9f1212835937","state":"applied"}]},"ddlBatches":0,"postgresDdlStatements":0,"catalogBefore":"1955efec4cc0e19025e0e58a1e0e418da1b962031584cb65e6d8808c1d5bec58","catalogAfter":"1955efec4cc0e19025e0e58a1e0e418da1b962031584cb65e6d8808c1d5bec58","boot":{"http":200,"phase":"ready","schemaFailure":false},"verdict":"PASS"}
[⣷] Pulling schema from database...
[2K[1G[⣯] Pulling schema from database...
[2K[1G[⣟] Pulling schema from database...
[2K[1G[⡿] Pulling schema from database...
[2K[1G[✓] Pulling schema from database...
MODEL-SYNC statements=137
BOOT {"status":"ok","phase":"ready"}
{"level":"info","event":"api_startup_listener_ready","port":35221}
{"level":30,"time":1791473794257,"pid":33334,"hostname":"repl","msg":"SENTRY_DSN not set — Sentry error tracking disabled"}
{"level":30,"time":1791473794265,"pid":33334,"hostname":"repl","clerkFapiHost":"frontend-api.clerk.dev","publishableKeyHost":"select-humpback-65.clerk.accounts.dev","publishableKeyPrefix":"pk_test","secretKeyPrefix":"sk_test","proxyRevision":"2026-09-19.1","msg":"Clerk production proxy FAPI host resolved"}
{"level":40,"time":1791473794267,"pid":33334,"hostname":"repl","msg":"ALLOWED_ORIGINS is not set in production — all CORS origins will be rejected"}
{"level":30,"time":1791473794379,"pid":33334,"hostname":"repl","msg":"schema OK — applied 0 (), 70 total"}
{"level":30,"time":1791473794381,"pid":33334,"hostname":"repl","msg":"Drip automation is disarmed"}
{"level":30,"time":1791473794382,"pid":33334,"hostname":"repl","msg":"USFA sheet poller disarmed: Google service account credentials are not configured or invalid"}
{"level":30,"time":1791473794382,"pid":33334,"hostname":"repl","msg":"USFA application poller disarmed: Gmail delegation or Object Storage is not configured"}
{"level":"info","event":"api_application_ready","port":35221}
{"level":30,"time":1791473794400,"pid":33334,"hostname":"repl","msg":"Seeded 6 default workflow rules"}

ATTRIBUTION-REHEARSAL {"scenario":"publish-model-sync","sourceKind":"isolated-metadata-matched-fixture-not-production-data","ledgerBefore":{"count":66,"rows":[{"name":"000_baseline","checksum":"a07aee3fbf5a174ff94c05859a401cac808b0c89435fd834e4bae09e75117902","state":"applied"},{"name":"001_create_credit_tables","checksum":"5a3914c1b6bad5369a994291aac3617ceda45e98b0401a50a2cb861662f8c881","state":"applied"},{"name":"002_rep_slugs","checksum":"46d83e32152a948c363f6ca17dc92bd9d9f2a91c79f08929af4c9035384c9672","state":"applied"},{"name":"003_deals","checksum":"ed582ec3e291049d0c411d9793704802cccd64cae108a7a00735890b28eaa233","state":"applied"},{"name":"004_deal_intended_rep_slug","checksum":"34b24e6e50cdfe1ea9922f458f33309c92c6e9680fe138eb1172e4fe49a7c26c","state":"applied"},{"name":"005_lead_distribution_settings","checksum":"f3ea1cd2887f39f9cc5d2cd66c3a1626d36b43c0b84e5fef0a0e4946dc2d46a4","state":"applied"},{"name":"006_drip_sequence_ownership","checksum":"09459bd62d55597d4758b75d593810755d14a6076c186127d5134614cb0380ba","state":"applied"},{"name":"007_lead_staleness_threshold","checksum":"2771bb13b11489bf588742b6e2f461474e4f17e2835abeee158be1652f9ebb95","state":"applied"},{"name":"008_email_safety_settings","checksum":"9d9805015f069ad2bb33abff0150018397a02a4caf0b8d6de28400a9e54d2400","state":"applied"},{"name":"009_email_send_failure_reason","checksum":"b6e7000f176009602ea54453ef8fec4e0dd379024caa68f7d26292ef8b5765f0","state":"applied"},{"name":"010_email_webhook_events","checksum":"c215003f45148264d1bd30add3e2d82d017a7492e10ea51da1f348a808eaa9d3","state":"applied"},{"name":"011_email_rate_slots","checksum":"b4efc9d24cb78f72f9baa9809823c3e75159c9cc66ba0c0361a4d98d45ddbdb4","state":"applied"},{"name":"012_application_signature","checksum":"5c42b2d9a3f7c5dd7e06f132413384e331077ad632883e12bc609cbd2eee2c8d","state":"applied"},{"name":"013_retired_rep_slugs","checksum":"88acbb2d9265cc349e3aaf0e8ef79f1f2edb4af417d0e6bcbdfa8e4d6f1b7c30","state":"applied"},{"name":"014_application_optional_fields","checksum":"2fc4bea96e83512ab1ddd4c9bb670a2ef55b5836fb5ac8ae02cf9e0872fe0f45","state":"applied"},{"name":"015_application_consent_text_version","checksum":"bb518329ba39771c0697155d75cb9701219b16c05d6468a795c48e770261edee","state":"applied"},{"name":"016_user_titles","checksum":"043ede312d09b85daf6f60cbebcc74adb99ff68d2a9c322ab3932f4ca0db4e83","state":"applied"},{"name":"017_deal_notes_gm_split","checksum":"cb8cc5ef51ea9baae90858fa774cf5dab6e1f86cf948a9a75718b41d67a005b7","state":"applied"},{"name":"018_lender_matcher_gates","checksum":"cc7df9b47f0119b2ddc249086feaf6084d78964bb6fec0e96239765c80c502cd","state":"applied"},{"name":"019_document_categories","checksum":"681bbfb3858c481d6d0cbe15d9c5f4129a783f28816a628a445dfeefc760d374","state":"applied"},{"name":"020_lender_submissions","checksum":"1ef5d4e359cd3626037a5ea45a08087aaf783b8816ad2b7e5be0301476719f48","state":"applied"},{"name":"021_lead_package_config","checksum":"ce5c5a0a00688d29b7bc5c5f4e35ad2797088defb969e36fd4d2c0cc1693e5f3","state":"applied"},{"name":"022_lender_submission_package_snapshots","checksum":"fc16b93c7a074a22888d8197a6a88b9bb8ff71283d912e3325add8ad330116f3","state":"applied"},{"name":"023_routing_and_marketing_ownership","checksum":"08da9afb034d57bc56219d1444cf5557775c23f71a8732169aa8ee244f0541ad","state":"applied"},{"name":"024_email_compliance_daily_budget","checksum":"bad7383e9ed8df253c20bd4bd8725a8773dc1d034fcba1c7417e3234fd14f530","state":"applied"},{"name":"025_usfa_intake","checksum":"6bb0033bd971fcf0d0a2274b01c78556799af5ee9738ec6b0d9f08f2b1170a50","state":"applied"},{"name":"026_usfa_intake_runtime_support","checksum":"9d13c871f3c5799751e2698cd6771636b6e4b337ef9098f8e7b5674a69888b55","state":"applied"},{"name":"028_merge_going_to_funding_stage","checksum":"09d6ed0446929d5f0f8c47a7799a2ea8b006854a919a8702cd0dafb4bcc0dce4","state":"applied"},{"name":"029_deal_approvals","checksum":"90b2d5390a2560b35c2f15981cd3087de9ea3d3b937b55edbaffa819b46a3c39","state":"applied"},{"name":"030_add_application_collateral","checksum":"33c910dadd587a5cc37c2f499c4f185a9b8e3cdb624a515b9ae2b967fb583fdb","state":"applied"},{"name":"031_collateral_library","checksum":"adbd86747569c0b02956d5b38debfc81e326c874aa7bbede7a73398d95fde4b3","state":"applied"},{"name":"032_finance_application_collateral","checksum":"57c07e85f37a80aae9c0c2ea3f2f2445887b4728386f4dfcfe3f0e776c25804c","state":"applied"},{"name":"033_lender_submission_review_fields","checksum":"1de8df04ade0e8160715e4716908b05ba4e2425a85c4c5cb951083ca827efa6d","state":"applied"},{"name":"034_application_sms_consent","checksum":"1831bc9ac93e3e9dfd6234caef56c3e0ccdf06d18fa623db53a192a8224623b5","state":"applied"},{"name":"035_user_identities","checksum":"184edad6d31e1bf079ab45da6fd691608d37783cb710d5a031c21dc7067cbdbd","state":"applied"},{"name":"036_partners_contacts","checksum":"35f6d26c0369bd046876d06ad7abfe636c499ddf4d4786bdb4c28e19f59952c9","state":"applied"},{"name":"037_partner_flows_and_texting","checksum":"31de09eb3327b34727006e986f2d593a71c6851ffc832674bda61beac6b8b223","state":"applied"},{"name":"038_partner_texting","checksum":"3bb622d378f1f73eef3accec85e51608cddb7e9cf08f1b10c7056642ecaeb29d","state":"applied"},{"name":"039_ridgestone_partner_profile","checksum":"4a1bba89fc6a725f23ce8468df1ebad33d27c4b92315816a7392c7c0f59bc23c","state":"applied"},{"name":"040_release_schema_parity","checksum":"5828af4a1b3664252cd0eb52506626bf14948bf5851e6882c2842ae44dbcb179","state":"applied"},{"name":"041_push_notifications","checksum":"2e45ec1de0773fb243dd51d60ba27df5a4a107aa4af86b5774d097349ba996b0","state":"applied"},{"name":"042_push_delivery_ledger","checksum":"d2f191455da390cbdebcd3b87aa377fbcb08044b9707078b2d39ddf0f4ee6e7a","state":"applied"},{"name":"043_align_push_schema","checksum":"73e384983cab81b55914dc905884eb2c4229169b699b8618fafa26ad7027365b","state":"applied"},{"name":"044_notification_delivery_claims","checksum":"efaec622e931eb624efec6a658a473bd09159e704b317e602e9a1a16d3c6a295","state":"applied"},{"name":"045_application_equipment_category_homeowner","checksum":"5e04725aaa480af54a339ba1d1414d35ea4033cba59825b79276aca6c29a7fc9","state":"applied"},{"name":"046_complete_partner_contacts_recovery","checksum":"598d709d7fac1b3f4497cc6da7118b7b12b4bbdb87c26f1ec534c3989230751c","state":"applied"},{"name":"047_partner_contacts_prerequisite","checksum":"d9c8ade860b0dd7d4dd7281c437a0b961f3b6cd3d305f87ade6fa18c78364399","state":"applied"},{"name":"048_financing_campaign_draft","checksum":"e32cc9a267265db14871d7980065623138873a1b0a019fe2f28f6261b0a898b7","state":"applied"},{"name":"049_lender_underwriting_intelligence","checksum":"ac06ab7c7670b7884d100e849a404a0dca67d2d48fc2fe90cdbe8df9753b5624","state":"applied"},{"name":"050_lender_guideline_versions","checksum":"38e3ec493dfb3963c10cece011d62ebed00daeb6b253943f35ba094559dcd458","state":"applied"},{"name":"051_users_role_default_pending","checksum":"04cee486a4d7fcd49bb92db32f230baa7f8af7016d6d31912367b354d7d204e4","state":"applied"},{"name":"052_reusable_campaign_launcher","checksum":"cfd8d92a060e40ce3710a761f674325d43078fac3cfea6144c74b51bd9f87959","state":"applied"},{"name":"053_campaign_preview_approval_snapshots","checksum":"cac7747dfd8f3aa3467bfb26c30ddde4e736b10ef2882a1d4d25d9b9e2f03e27","state":"applied"},{"name":"054_campaign_preview_recipient_snapshots","checksum":"efc6aaf9e7a82359f63d725c5963d1ffba1f8b70e45db9d2b9e3e42a10890ddc","state":"applied"},{"name":"055_campaign_launch_execution_leases","checksum":"2bc3bc65a6b5ee415a7be5298e77412fd6df21aafe61e136fca0610924c829af","state":"applied"},{"name":"056_campaign_flyer","checksum":"4cddc8265dc8e756366b921a5e174fc2a01e0415902025cff5462f203e9294f3","state":"applied"},{"name":"057_telephony_settings","checksum":"a4687cf976ff9c566c1bc415d62dd69aa21b8e5e5ba9830b976669a3a45ef343","state":"applied"},{"name":"058_telephony_business_defaults","checksum":"8f06131c93a39bd45f852e9a9ee54e2902e2685924b56749d1da4fffacfff018","state":"applied"},{"name":"059_inbound_voice_settings","checksum":"6099effcdbb354a180973b1be07d9a001d5111bfb3d3ce6e1b1b8c7562ef9955","state":"applied"},{"name":"060_inbound_voice_array_defaults","checksum":"4f119252a69277b176a7dd109395be85ff71aeb2529fee7b1fdc42ab34da4162","state":"applied"},{"name":"061_telephony_completion","checksum":"8df6562600dbe97028914991d1a1676d959dff39a13714c66217baab42e661a2","state":"applied"},{"name":"062_email_readiness_daily_cap","checksum":"e477ea7fe3fe02de4e97a67d5c507cad004b93a65efb9f0bd28921b913967470","state":"applied"},{"name":"063_lead_vertical","checksum":"58327cfc2b57fc66b0c8576e114625dab4e742d1eb7fba436e801080c4166f05","state":"applied"},{"name":"064_collateral_flyer_library","checksum":"6ee2b26ee412d85fa177a3c2cf5dcf0dad693cbab1836dedc081f36842eed29a","state":"applied"},{"name":"065_campaign_flyer_link_vendor_template","checksum":"e8296fc3f597f8e2e60e073eff6b466ee2e5a25e80ad86375ef7d2416c1f2b6b","state":"applied"},{"name":"066_bundled_vendor_equipment_flyers","checksum":"8cdd91542020c136efbaf0a703bb7aa3b93a14472d97b4e50455bfaa0994a26e","state":"applied"}]},"ledgerAfter":{"count":70,"rows":[{"name":"000_baseline","checksum":"a07aee3fbf5a174ff94c05859a401cac808b0c89435fd834e4bae09e75117902","state":"applied"},{"name":"001_create_credit_tables","checksum":"5a3914c1b6bad5369a994291aac3617ceda45e98b0401a50a2cb861662f8c881","state":"applied"},{"name":"002_rep_slugs","checksum":"46d83e32152a948c363f6ca17dc92bd9d9f2a91c79f08929af4c9035384c9672","state":"applied"},{"name":"003_deals","checksum":"ed582ec3e291049d0c411d9793704802cccd64cae108a7a00735890b28eaa233","state":"applied"},{"name":"004_deal_intended_rep_slug","checksum":"34b24e6e50cdfe1ea9922f458f33309c92c6e9680fe138eb1172e4fe49a7c26c","state":"applied"},{"name":"005_lead_distribution_settings","checksum":"f3ea1cd2887f39f9cc5d2cd66c3a1626d36b43c0b84e5fef0a0e4946dc2d46a4","state":"applied"},{"name":"006_drip_sequence_ownership","checksum":"09459bd62d55597d4758b75d593810755d14a6076c186127d5134614cb0380ba","state":"applied"},{"name":"007_lead_staleness_threshold","checksum":"2771bb13b11489bf588742b6e2f461474e4f17e2835abeee158be1652f9ebb95","state":"applied"},{"name":"008_email_safety_settings","checksum":"9d9805015f069ad2bb33abff0150018397a02a4caf0b8d6de28400a9e54d2400","state":"applied"},{"name":"009_email_send_failure_reason","checksum":"b6e7000f176009602ea54453ef8fec4e0dd379024caa68f7d26292ef8b5765f0","state":"applied"},{"name":"010_email_webhook_events","checksum":"c215003f45148264d1bd30add3e2d82d017a7492e10ea51da1f348a808eaa9d3","state":"applied"},{"name":"011_email_rate_slots","checksum":"b4efc9d24cb78f72f9baa9809823c3e75159c9cc66ba0c0361a4d98d45ddbdb4","state":"applied"},{"name":"012_application_signature","checksum":"5c42b2d9a3f7c5dd7e06f132413384e331077ad632883e12bc609cbd2eee2c8d","state":"applied"},{"name":"013_retired_rep_slugs","checksum":"88acbb2d9265cc349e3aaf0e8ef79f1f2edb4af417d0e6bcbdfa8e4d6f1b7c30","state":"applied"},{"name":"014_application_optional_fields","checksum":"2fc4bea96e83512ab1ddd4c9bb670a2ef55b5836fb5ac8ae02cf9e0872fe0f45","state":"applied"},{"name":"015_application_consent_text_version","checksum":"bb518329ba39771c0697155d75cb9701219b16c05d6468a795c48e770261edee","state":"applied"},{"name":"016_user_titles","checksum":"043ede312d09b85daf6f60cbebcc74adb99ff68d2a9c322ab3932f4ca0db4e83","state":"applied"},{"name":"017_deal_notes_gm_split","checksum":"cb8cc5ef51ea9baae90858fa774cf5dab6e1f86cf948a9a75718b41d67a005b7","state":"applied"},{"name":"018_lender_matcher_gates","checksum":"cc7df9b47f0119b2ddc249086feaf6084d78964bb6fec0e96239765c80c502cd","state":"applied"},{"name":"019_document_categories","checksum":"681bbfb3858c481d6d0cbe15d9c5f4129a783f28816a628a445dfeefc760d374","state":"applied"},{"name":"020_lender_submissions","checksum":"1ef5d4e359cd3626037a5ea45a08087aaf783b8816ad2b7e5be0301476719f48","state":"applied"},{"name":"021_lead_package_config","checksum":"ce5c5a0a00688d29b7bc5c5f4e35ad2797088defb969e36fd4d2c0cc1693e5f3","state":"applied"},{"name":"022_lender_submission_package_snapshots","checksum":"fc16b93c7a074a22888d8197a6a88b9bb8ff71283d912e3325add8ad330116f3","state":"applied"},{"name":"023_routing_and_marketing_ownership","checksum":"08da9afb034d57bc56219d1444cf5557775c23f71a8732169aa8ee244f0541ad","state":"applied"},{"name":"024_email_compliance_daily_budget","checksum":"bad7383e9ed8df253c20bd4bd8725a8773dc1d034fcba1c7417e3234fd14f530","state":"applied"},{"name":"025_usfa_intake","checksum":"6bb0033bd971fcf0d0a2274b01c78556799af5ee9738ec6b0d9f08f2b1170a50","state":"applied"},{"name":"026_usfa_intake_runtime_support","checksum":"9d13c871f3c5799751e2698cd6771636b6e4b337ef9098f8e7b5674a69888b55","state":"applied"},{"name":"028_merge_going_to_funding_stage","checksum":"09d6ed0446929d5f0f8c47a7799a2ea8b006854a919a8702cd0dafb4bcc0dce4","state":"applied"},{"name":"029_deal_approvals","checksum":"90b2d5390a2560b35c2f15981cd3087de9ea3d3b937b55edbaffa819b46a3c39","state":"applied"},{"name":"030_add_application_collateral","checksum":"33c910dadd587a5cc37c2f499c4f185a9b8e3cdb624a515b9ae2b967fb583fdb","state":"applied"},{"name":"031_collateral_library","checksum":"adbd86747569c0b02956d5b38debfc81e326c874aa7bbede7a73398d95fde4b3","state":"applied"},{"name":"032_finance_application_collateral","checksum":"57c07e85f37a80aae9c0c2ea3f2f2445887b4728386f4dfcfe3f0e776c25804c","state":"applied"},{"name":"033_lender_submission_review_fields","checksum":"1de8df04ade0e8160715e4716908b05ba4e2425a85c4c5cb951083ca827efa6d","state":"applied"},{"name":"034_application_sms_consent","checksum":"1831bc9ac93e3e9dfd6234caef56c3e0ccdf06d18fa623db53a192a8224623b5","state":"applied"},{"name":"035_user_identities","checksum":"184edad6d31e1bf079ab45da6fd691608d37783cb710d5a031c21dc7067cbdbd","state":"applied"},{"name":"036_partners_contacts","checksum":"35f6d26c0369bd046876d06ad7abfe636c499ddf4d4786bdb4c28e19f59952c9","state":"applied"},{"name":"037_partner_flows_and_texting","checksum":"31de09eb3327b34727006e986f2d593a71c6851ffc832674bda61beac6b8b223","state":"applied"},{"name":"038_partner_texting","checksum":"3bb622d378f1f73eef3accec85e51608cddb7e9cf08f1b10c7056642ecaeb29d","state":"applied"},{"name":"039_ridgestone_partner_profile","checksum":"4a1bba89fc6a725f23ce8468df1ebad33d27c4b92315816a7392c7c0f59bc23c","state":"applied"},{"name":"040_release_schema_parity","checksum":"5828af4a1b3664252cd0eb52506626bf14948bf5851e6882c2842ae44dbcb179","state":"applied"},{"name":"041_push_notifications","checksum":"2e45ec1de0773fb243dd51d60ba27df5a4a107aa4af86b5774d097349ba996b0","state":"applied"},{"name":"042_push_delivery_ledger","checksum":"d2f191455da390cbdebcd3b87aa377fbcb08044b9707078b2d39ddf0f4ee6e7a","state":"applied"},{"name":"043_align_push_schema","checksum":"73e384983cab81b55914dc905884eb2c4229169b699b8618fafa26ad7027365b","state":"applied"},{"name":"044_notification_delivery_claims","checksum":"efaec622e931eb624efec6a658a473bd09159e704b317e602e9a1a16d3c6a295","state":"applied"},{"name":"045_application_equipment_category_homeowner","checksum":"5e04725aaa480af54a339ba1d1414d35ea4033cba59825b79276aca6c29a7fc9","state":"applied"},{"name":"046_complete_partner_contacts_recovery","checksum":"598d709d7fac1b3f4497cc6da7118b7b12b4bbdb87c26f1ec534c3989230751c","state":"applied"},{"name":"047_partner_contacts_prerequisite","checksum":"d9c8ade860b0dd7d4dd7281c437a0b961f3b6cd3d305f87ade6fa18c78364399","state":"applied"},{"name":"048_financing_campaign_draft","checksum":"e32cc9a267265db14871d7980065623138873a1b0a019fe2f28f6261b0a898b7","state":"applied"},{"name":"049_lender_underwriting_intelligence","checksum":"ac06ab7c7670b7884d100e849a404a0dca67d2d48fc2fe90cdbe8df9753b5624","state":"applied"},{"name":"050_lender_guideline_versions","checksum":"38e3ec493dfb3963c10cece011d62ebed00daeb6b253943f35ba094559dcd458","state":"applied"},{"name":"051_users_role_default_pending","checksum":"04cee486a4d7fcd49bb92db32f230baa7f8af7016d6d31912367b354d7d204e4","state":"applied"},{"name":"052_reusable_campaign_launcher","checksum":"cfd8d92a060e40ce3710a761f674325d43078fac3cfea6144c74b51bd9f87959","state":"applied"},{"name":"053_campaign_preview_approval_snapshots","checksum":"cac7747dfd8f3aa3467bfb26c30ddde4e736b10ef2882a1d4d25d9b9e2f03e27","state":"applied"},{"name":"054_campaign_preview_recipient_snapshots","checksum":"efc6aaf9e7a82359f63d725c5963d1ffba1f8b70e45db9d2b9e3e42a10890ddc","state":"applied"},{"name":"055_campaign_launch_execution_leases","checksum":"2bc3bc65a6b5ee415a7be5298e77412fd6df21aafe61e136fca0610924c829af","state":"applied"},{"name":"056_campaign_flyer","checksum":"4cddc8265dc8e756366b921a5e174fc2a01e0415902025cff5462f203e9294f3","state":"applied"},{"name":"057_telephony_settings","checksum":"a4687cf976ff9c566c1bc415d62dd69aa21b8e5e5ba9830b976669a3a45ef343","state":"applied"},{"name":"058_telephony_business_defaults","checksum":"8f06131c93a39bd45f852e9a9ee54e2902e2685924b56749d1da4fffacfff018","state":"applied"},{"name":"059_inbound_voice_settings","checksum":"6099effcdbb354a180973b1be07d9a001d5111bfb3d3ce6e1b1b8c7562ef9955","state":"applied"},{"name":"060_inbound_voice_array_defaults","checksum":"4f119252a69277b176a7dd109395be85ff71aeb2529fee7b1fdc42ab34da4162","state":"applied"},{"name":"061_telephony_completion","checksum":"8df6562600dbe97028914991d1a1676d959dff39a13714c66217baab42e661a2","state":"applied"},{"name":"062_email_readiness_daily_cap","checksum":"e477ea7fe3fe02de4e97a67d5c507cad004b93a65efb9f0bd28921b913967470","state":"applied"},{"name":"063_lead_vertical","checksum":"58327cfc2b57fc66b0c8576e114625dab4e742d1eb7fba436e801080c4166f05","state":"applied"},{"name":"064_collateral_flyer_library","checksum":"6ee2b26ee412d85fa177a3c2cf5dcf0dad693cbab1836dedc081f36842eed29a","state":"applied"},{"name":"065_campaign_flyer_link_vendor_template","checksum":"e8296fc3f597f8e2e60e073eff6b466ee2e5a25e80ad86375ef7d2416c1f2b6b","state":"applied"},{"name":"066_bundled_vendor_equipment_flyers","checksum":"8cdd91542020c136efbaf0a703bb7aa3b93a14472d97b4e50455bfaa0994a26e","state":"applied"},{"name":"067_campaign_attribution","checksum":"f2990978aa8e8a905a11dd746986b21e89a97d428474651a703d97559b2988ba","state":"superseded"},{"name":"068_campaign_attribution_fk_names","checksum":"061300fbfd0a7a899ca5141094b960b1507703247aa103264912e62ce688df66","state":"applied"},{"name":"069_campaign_attribution_recovery","checksum":"6cec18c4f246402baa5387fd182ae181cf2ba3fa11d34472b1101bdcc883c7f0","state":"applied"},{"name":"070_campaign_lifecycle","checksum":"d65f9db85abef993f939e144a8a80819621c5d193051b280f7cc9f1212835937","state":"applied"}]},"ddlBatches":0,"postgresDdlStatements":0,"catalogBefore":"1955efec4cc0e19025e0e58a1e0e418da1b962031584cb65e6d8808c1d5bec58","catalogAfter":"1955efec4cc0e19025e0e58a1e0e418da1b962031584cb65e6d8808c1d5bec58","boot":{"http":200,"phase":"ready","schemaFailure":false},"verdict":"PASS"}
BOOT {"status":"ok","phase":"ready"}
{"level":"info","event":"api_startup_listener_ready","port":39277}
{"level":30,"time":1791473801435,"pid":33377,"hostname":"repl","msg":"SENTRY_DSN not set — Sentry error tracking disabled"}
{"level":30,"time":1791473801442,"pid":33377,"hostname":"repl","clerkFapiHost":"frontend-api.clerk.dev","publishableKeyHost":"select-humpback-65.clerk.accounts.dev","publishableKeyPrefix":"pk_test","secretKeyPrefix":"sk_test","proxyRevision":"2026-09-19.1","msg":"Clerk production proxy FAPI host resolved"}
{"level":40,"time":1791473801444,"pid":33377,"hostname":"repl","msg":"ALLOWED_ORIGINS is not set in production — all CORS origins will be rejected"}
{"level":30,"time":1791473801509,"pid":33377,"hostname":"repl","msg":"schema OK — applied 0 (), 70 total"}
{"level":30,"time":1791473801510,"pid":33377,"hostname":"repl","msg":"Drip automation is disarmed"}
{"level":"info","event":"api_application_ready","port":39277}
{"level":30,"time":1791473801511,"pid":33377,"hostname":"repl","msg":"USFA sheet poller disarmed: Google service account credentials are not configured or invalid"}
{"level":30,"time":1791473801512,"pid":33377,"hostname":"repl","msg":"USFA application poller disarmed: Gmail delegation or Object Storage is not configured"}
{"level":30,"time":1791473801532,"pid":33377,"hostname":"repl","msg":"Seeded 6 default workflow rules"}

069 RAW SQL REPLAY TWICE: catalog unchanged PASS
ATTRIBUTION-REHEARSAL {"scenario":"partial-profile","sourceKind":"isolated-metadata-matched-fixture-not-production-data","ledgerBefore":{"count":67,"rows":[{"name":"000_baseline","checksum":"a07aee3fbf5a174ff94c05859a401cac808b0c89435fd834e4bae09e75117902","state":"applied"},{"name":"001_create_credit_tables","checksum":"5a3914c1b6bad5369a994291aac3617ceda45e98b0401a50a2cb861662f8c881","state":"applied"},{"name":"002_rep_slugs","checksum":"46d83e32152a948c363f6ca17dc92bd9d9f2a91c79f08929af4c9035384c9672","state":"applied"},{"name":"003_deals","checksum":"ed582ec3e291049d0c411d9793704802cccd64cae108a7a00735890b28eaa233","state":"applied"},{"name":"004_deal_intended_rep_slug","checksum":"34b24e6e50cdfe1ea9922f458f33309c92c6e9680fe138eb1172e4fe49a7c26c","state":"applied"},{"name":"005_lead_distribution_settings","checksum":"f3ea1cd2887f39f9cc5d2cd66c3a1626d36b43c0b84e5fef0a0e4946dc2d46a4","state":"applied"},{"name":"006_drip_sequence_ownership","checksum":"09459bd62d55597d4758b75d593810755d14a6076c186127d5134614cb0380ba","state":"applied"},{"name":"007_lead_staleness_threshold","checksum":"2771bb13b11489bf588742b6e2f461474e4f17e2835abeee158be1652f9ebb95","state":"applied"},{"name":"008_email_safety_settings","checksum":"9d9805015f069ad2bb33abff0150018397a02a4caf0b8d6de28400a9e54d2400","state":"applied"},{"name":"009_email_send_failure_reason","checksum":"b6e7000f176009602ea54453ef8fec4e0dd379024caa68f7d26292ef8b5765f0","state":"applied"},{"name":"010_email_webhook_events","checksum":"c215003f45148264d1bd30add3e2d82d017a7492e10ea51da1f348a808eaa9d3","state":"applied"},{"name":"011_email_rate_slots","checksum":"b4efc9d24cb78f72f9baa9809823c3e75159c9cc66ba0c0361a4d98d45ddbdb4","state":"applied"},{"name":"012_application_signature","checksum":"5c42b2d9a3f7c5dd7e06f132413384e331077ad632883e12bc609cbd2eee2c8d","state":"applied"},{"name":"013_retired_rep_slugs","checksum":"88acbb2d9265cc349e3aaf0e8ef79f1f2edb4af417d0e6bcbdfa8e4d6f1b7c30","state":"applied"},{"name":"014_application_optional_fields","checksum":"2fc4bea96e83512ab1ddd4c9bb670a2ef55b5836fb5ac8ae02cf9e0872fe0f45","state":"applied"},{"name":"015_application_consent_text_version","checksum":"bb518329ba39771c0697155d75cb9701219b16c05d6468a795c48e770261edee","state":"applied"},{"name":"016_user_titles","checksum":"043ede312d09b85daf6f60cbebcc74adb99ff68d2a9c322ab3932f4ca0db4e83","state":"applied"},{"name":"017_deal_notes_gm_split","checksum":"cb8cc5ef51ea9baae90858fa774cf5dab6e1f86cf948a9a75718b41d67a005b7","state":"applied"},{"name":"018_lender_matcher_gates","checksum":"cc7df9b47f0119b2ddc249086feaf6084d78964bb6fec0e96239765c80c502cd","state":"applied"},{"name":"019_document_categories","checksum":"681bbfb3858c481d6d0cbe15d9c5f4129a783f28816a628a445dfeefc760d374","state":"applied"},{"name":"020_lender_submissions","checksum":"1ef5d4e359cd3626037a5ea45a08087aaf783b8816ad2b7e5be0301476719f48","state":"applied"},{"name":"021_lead_package_config","checksum":"ce5c5a0a00688d29b7bc5c5f4e35ad2797088defb969e36fd4d2c0cc1693e5f3","state":"applied"},{"name":"022_lender_submission_package_snapshots","checksum":"fc16b93c7a074a22888d8197a6a88b9bb8ff71283d912e3325add8ad330116f3","state":"applied"},{"name":"023_routing_and_marketing_ownership","checksum":"08da9afb034d57bc56219d1444cf5557775c23f71a8732169aa8ee244f0541ad","state":"applied"},{"name":"024_email_compliance_daily_budget","checksum":"bad7383e9ed8df253c20bd4bd8725a8773dc1d034fcba1c7417e3234fd14f530","state":"applied"},{"name":"025_usfa_intake","checksum":"6bb0033bd971fcf0d0a2274b01c78556799af5ee9738ec6b0d9f08f2b1170a50","state":"applied"},{"name":"026_usfa_intake_runtime_support","checksum":"9d13c871f3c5799751e2698cd6771636b6e4b337ef9098f8e7b5674a69888b55","state":"applied"},{"name":"028_merge_going_to_funding_stage","checksum":"09d6ed0446929d5f0f8c47a7799a2ea8b006854a919a8702cd0dafb4bcc0dce4","state":"applied"},{"name":"029_deal_approvals","checksum":"90b2d5390a2560b35c2f15981cd3087de9ea3d3b937b55edbaffa819b46a3c39","state":"applied"},{"name":"030_add_application_collateral","checksum":"33c910dadd587a5cc37c2f499c4f185a9b8e3cdb624a515b9ae2b967fb583fdb","state":"applied"},{"name":"031_collateral_library","checksum":"adbd86747569c0b02956d5b38debfc81e326c874aa7bbede7a73398d95fde4b3","state":"applied"},{"name":"032_finance_application_collateral","checksum":"57c07e85f37a80aae9c0c2ea3f2f2445887b4728386f4dfcfe3f0e776c25804c","state":"applied"},{"name":"033_lender_submission_review_fields","checksum":"1de8df04ade0e8160715e4716908b05ba4e2425a85c4c5cb951083ca827efa6d","state":"applied"},{"name":"034_application_sms_consent","checksum":"1831bc9ac93e3e9dfd6234caef56c3e0ccdf06d18fa623db53a192a8224623b5","state":"applied"},{"name":"035_user_identities","checksum":"184edad6d31e1bf079ab45da6fd691608d37783cb710d5a031c21dc7067cbdbd","state":"applied"},{"name":"036_partners_contacts","checksum":"35f6d26c0369bd046876d06ad7abfe636c499ddf4d4786bdb4c28e19f59952c9","state":"applied"},{"name":"037_partner_flows_and_texting","checksum":"31de09eb3327b34727006e986f2d593a71c6851ffc832674bda61beac6b8b223","state":"applied"},{"name":"038_partner_texting","checksum":"3bb622d378f1f73eef3accec85e51608cddb7e9cf08f1b10c7056642ecaeb29d","state":"applied"},{"name":"039_ridgestone_partner_profile","checksum":"4a1bba89fc6a725f23ce8468df1ebad33d27c4b92315816a7392c7c0f59bc23c","state":"applied"},{"name":"040_release_schema_parity","checksum":"5828af4a1b3664252cd0eb52506626bf14948bf5851e6882c2842ae44dbcb179","state":"applied"},{"name":"041_push_notifications","checksum":"2e45ec1de0773fb243dd51d60ba27df5a4a107aa4af86b5774d097349ba996b0","state":"applied"},{"name":"042_push_delivery_ledger","checksum":"d2f191455da390cbdebcd3b87aa377fbcb08044b9707078b2d39ddf0f4ee6e7a","state":"applied"},{"name":"043_align_push_schema","checksum":"73e384983cab81b55914dc905884eb2c4229169b699b8618fafa26ad7027365b","state":"applied"},{"name":"044_notification_delivery_claims","checksum":"efaec622e931eb624efec6a658a473bd09159e704b317e602e9a1a16d3c6a295","state":"applied"},{"name":"045_application_equipment_category_homeowner","checksum":"5e04725aaa480af54a339ba1d1414d35ea4033cba59825b79276aca6c29a7fc9","state":"applied"},{"name":"046_complete_partner_contacts_recovery","checksum":"598d709d7fac1b3f4497cc6da7118b7b12b4bbdb87c26f1ec534c3989230751c","state":"applied"},{"name":"047_partner_contacts_prerequisite","checksum":"d9c8ade860b0dd7d4dd7281c437a0b961f3b6cd3d305f87ade6fa18c78364399","state":"applied"},{"name":"048_financing_campaign_draft","checksum":"e32cc9a267265db14871d7980065623138873a1b0a019fe2f28f6261b0a898b7","state":"applied"},{"name":"049_lender_underwriting_intelligence","checksum":"ac06ab7c7670b7884d100e849a404a0dca67d2d48fc2fe90cdbe8df9753b5624","state":"applied"},{"name":"050_lender_guideline_versions","checksum":"38e3ec493dfb3963c10cece011d62ebed00daeb6b253943f35ba094559dcd458","state":"applied"},{"name":"051_users_role_default_pending","checksum":"04cee486a4d7fcd49bb92db32f230baa7f8af7016d6d31912367b354d7d204e4","state":"applied"},{"name":"052_reusable_campaign_launcher","checksum":"cfd8d92a060e40ce3710a761f674325d43078fac3cfea6144c74b51bd9f87959","state":"applied"},{"name":"053_campaign_preview_approval_snapshots","checksum":"cac7747dfd8f3aa3467bfb26c30ddde4e736b10ef2882a1d4d25d9b9e2f03e27","state":"applied"},{"name":"054_campaign_preview_recipient_snapshots","checksum":"efc6aaf9e7a82359f63d725c5963d1ffba1f8b70e45db9d2b9e3e42a10890ddc","state":"applied"},{"name":"055_campaign_launch_execution_leases","checksum":"2bc3bc65a6b5ee415a7be5298e77412fd6df21aafe61e136fca0610924c829af","state":"applied"},{"name":"056_campaign_flyer","checksum":"4cddc8265dc8e756366b921a5e174fc2a01e0415902025cff5462f203e9294f3","state":"applied"},{"name":"057_telephony_settings","checksum":"a4687cf976ff9c566c1bc415d62dd69aa21b8e5e5ba9830b976669a3a45ef343","state":"applied"},{"name":"058_telephony_business_defaults","checksum":"8f06131c93a39bd45f852e9a9ee54e2902e2685924b56749d1da4fffacfff018","state":"applied"},{"name":"059_inbound_voice_settings","checksum":"6099effcdbb354a180973b1be07d9a001d5111bfb3d3ce6e1b1b8c7562ef9955","state":"applied"},{"name":"060_inbound_voice_array_defaults","checksum":"4f119252a69277b176a7dd109395be85ff71aeb2529fee7b1fdc42ab34da4162","state":"applied"},{"name":"061_telephony_completion","checksum":"8df6562600dbe97028914991d1a1676d959dff39a13714c66217baab42e661a2","state":"applied"},{"name":"062_email_readiness_daily_cap","checksum":"e477ea7fe3fe02de4e97a67d5c507cad004b93a65efb9f0bd28921b913967470","state":"applied"},{"name":"063_lead_vertical","checksum":"58327cfc2b57fc66b0c8576e114625dab4e742d1eb7fba436e801080c4166f05","state":"applied"},{"name":"064_collateral_flyer_library","checksum":"6ee2b26ee412d85fa177a3c2cf5dcf0dad693cbab1836dedc081f36842eed29a","state":"applied"},{"name":"065_campaign_flyer_link_vendor_template","checksum":"e8296fc3f597f8e2e60e073eff6b466ee2e5a25e80ad86375ef7d2416c1f2b6b","state":"applied"},{"name":"066_bundled_vendor_equipment_flyers","checksum":"8cdd91542020c136efbaf0a703bb7aa3b93a14472d97b4e50455bfaa0994a26e","state":"applied"},{"name":"067_campaign_attribution","checksum":"f2990978aa8e8a905a11dd746986b21e89a97d428474651a703d97559b2988ba","state":"failed"}]},"ledgerAfter":{"count":70,"rows":[{"name":"000_baseline","checksum":"a07aee3fbf5a174ff94c05859a401cac808b0c89435fd834e4bae09e75117902","state":"applied"},{"name":"001_create_credit_tables","checksum":"5a3914c1b6bad5369a994291aac3617ceda45e98b0401a50a2cb861662f8c881","state":"applied"},{"name":"002_rep_slugs","checksum":"46d83e32152a948c363f6ca17dc92bd9d9f2a91c79f08929af4c9035384c9672","state":"applied"},{"name":"003_deals","checksum":"ed582ec3e291049d0c411d9793704802cccd64cae108a7a00735890b28eaa233","state":"applied"},{"name":"004_deal_intended_rep_slug","checksum":"34b24e6e50cdfe1ea9922f458f33309c92c6e9680fe138eb1172e4fe49a7c26c","state":"applied"},{"name":"005_lead_distribution_settings","checksum":"f3ea1cd2887f39f9cc5d2cd66c3a1626d36b43c0b84e5fef0a0e4946dc2d46a4","state":"applied"},{"name":"006_drip_sequence_ownership","checksum":"09459bd62d55597d4758b75d593810755d14a6076c186127d5134614cb0380ba","state":"applied"},{"name":"007_lead_staleness_threshold","checksum":"2771bb13b11489bf588742b6e2f461474e4f17e2835abeee158be1652f9ebb95","state":"applied"},{"name":"008_email_safety_settings","checksum":"9d9805015f069ad2bb33abff0150018397a02a4caf0b8d6de28400a9e54d2400","state":"applied"},{"name":"009_email_send_failure_reason","checksum":"b6e7000f176009602ea54453ef8fec4e0dd379024caa68f7d26292ef8b5765f0","state":"applied"},{"name":"010_email_webhook_events","checksum":"c215003f45148264d1bd30add3e2d82d017a7492e10ea51da1f348a808eaa9d3","state":"applied"},{"name":"011_email_rate_slots","checksum":"b4efc9d24cb78f72f9baa9809823c3e75159c9cc66ba0c0361a4d98d45ddbdb4","state":"applied"},{"name":"012_application_signature","checksum":"5c42b2d9a3f7c5dd7e06f132413384e331077ad632883e12bc609cbd2eee2c8d","state":"applied"},{"name":"013_retired_rep_slugs","checksum":"88acbb2d9265cc349e3aaf0e8ef79f1f2edb4af417d0e6bcbdfa8e4d6f1b7c30","state":"applied"},{"name":"014_application_optional_fields","checksum":"2fc4bea96e83512ab1ddd4c9bb670a2ef55b5836fb5ac8ae02cf9e0872fe0f45","state":"applied"},{"name":"015_application_consent_text_version","checksum":"bb518329ba39771c0697155d75cb9701219b16c05d6468a795c48e770261edee","state":"applied"},{"name":"016_user_titles","checksum":"043ede312d09b85daf6f60cbebcc74adb99ff68d2a9c322ab3932f4ca0db4e83","state":"applied"},{"name":"017_deal_notes_gm_split","checksum":"cb8cc5ef51ea9baae90858fa774cf5dab6e1f86cf948a9a75718b41d67a005b7","state":"applied"},{"name":"018_lender_matcher_gates","checksum":"cc7df9b47f0119b2ddc249086feaf6084d78964bb6fec0e96239765c80c502cd","state":"applied"},{"name":"019_document_categories","checksum":"681bbfb3858c481d6d0cbe15d9c5f4129a783f28816a628a445dfeefc760d374","state":"applied"},{"name":"020_lender_submissions","checksum":"1ef5d4e359cd3626037a5ea45a08087aaf783b8816ad2b7e5be0301476719f48","state":"applied"},{"name":"021_lead_package_config","checksum":"ce5c5a0a00688d29b7bc5c5f4e35ad2797088defb969e36fd4d2c0cc1693e5f3","state":"applied"},{"name":"022_lender_submission_package_snapshots","checksum":"fc16b93c7a074a22888d8197a6a88b9bb8ff71283d912e3325add8ad330116f3","state":"applied"},{"name":"023_routing_and_marketing_ownership","checksum":"08da9afb034d57bc56219d1444cf5557775c23f71a8732169aa8ee244f0541ad","state":"applied"},{"name":"024_email_compliance_daily_budget","checksum":"bad7383e9ed8df253c20bd4bd8725a8773dc1d034fcba1c7417e3234fd14f530","state":"applied"},{"name":"025_usfa_intake","checksum":"6bb0033bd971fcf0d0a2274b01c78556799af5ee9738ec6b0d9f08f2b1170a50","state":"applied"},{"name":"026_usfa_intake_runtime_support","checksum":"9d13c871f3c5799751e2698cd6771636b6e4b337ef9098f8e7b5674a69888b55","state":"applied"},{"name":"028_merge_going_to_funding_stage","checksum":"09d6ed0446929d5f0f8c47a7799a2ea8b006854a919a8702cd0dafb4bcc0dce4","state":"applied"},{"name":"029_deal_approvals","checksum":"90b2d5390a2560b35c2f15981cd3087de9ea3d3b937b55edbaffa819b46a3c39","state":"applied"},{"name":"030_add_application_collateral","checksum":"33c910dadd587a5cc37c2f499c4f185a9b8e3cdb624a515b9ae2b967fb583fdb","state":"applied"},{"name":"031_collateral_library","checksum":"adbd86747569c0b02956d5b38debfc81e326c874aa7bbede7a73398d95fde4b3","state":"applied"},{"name":"032_finance_application_collateral","checksum":"57c07e85f37a80aae9c0c2ea3f2f2445887b4728386f4dfcfe3f0e776c25804c","state":"applied"},{"name":"033_lender_submission_review_fields","checksum":"1de8df04ade0e8160715e4716908b05ba4e2425a85c4c5cb951083ca827efa6d","state":"applied"},{"name":"034_application_sms_consent","checksum":"1831bc9ac93e3e9dfd6234caef56c3e0ccdf06d18fa623db53a192a8224623b5","state":"applied"},{"name":"035_user_identities","checksum":"184edad6d31e1bf079ab45da6fd691608d37783cb710d5a031c21dc7067cbdbd","state":"applied"},{"name":"036_partners_contacts","checksum":"35f6d26c0369bd046876d06ad7abfe636c499ddf4d4786bdb4c28e19f59952c9","state":"applied"},{"name":"037_partner_flows_and_texting","checksum":"31de09eb3327b34727006e986f2d593a71c6851ffc832674bda61beac6b8b223","state":"applied"},{"name":"038_partner_texting","checksum":"3bb622d378f1f73eef3accec85e51608cddb7e9cf08f1b10c7056642ecaeb29d","state":"applied"},{"name":"039_ridgestone_partner_profile","checksum":"4a1bba89fc6a725f23ce8468df1ebad33d27c4b92315816a7392c7c0f59bc23c","state":"applied"},{"name":"040_release_schema_parity","checksum":"5828af4a1b3664252cd0eb52506626bf14948bf5851e6882c2842ae44dbcb179","state":"applied"},{"name":"041_push_notifications","checksum":"2e45ec1de0773fb243dd51d60ba27df5a4a107aa4af86b5774d097349ba996b0","state":"applied"},{"name":"042_push_delivery_ledger","checksum":"d2f191455da390cbdebcd3b87aa377fbcb08044b9707078b2d39ddf0f4ee6e7a","state":"applied"},{"name":"043_align_push_schema","checksum":"73e384983cab81b55914dc905884eb2c4229169b699b8618fafa26ad7027365b","state":"applied"},{"name":"044_notification_delivery_claims","checksum":"efaec622e931eb624efec6a658a473bd09159e704b317e602e9a1a16d3c6a295","state":"applied"},{"name":"045_application_equipment_category_homeowner","checksum":"5e04725aaa480af54a339ba1d1414d35ea4033cba59825b79276aca6c29a7fc9","state":"applied"},{"name":"046_complete_partner_contacts_recovery","checksum":"598d709d7fac1b3f4497cc6da7118b7b12b4bbdb87c26f1ec534c3989230751c","state":"applied"},{"name":"047_partner_contacts_prerequisite","checksum":"d9c8ade860b0dd7d4dd7281c437a0b961f3b6cd3d305f87ade6fa18c78364399","state":"applied"},{"name":"048_financing_campaign_draft","checksum":"e32cc9a267265db14871d7980065623138873a1b0a019fe2f28f6261b0a898b7","state":"applied"},{"name":"049_lender_underwriting_intelligence","checksum":"ac06ab7c7670b7884d100e849a404a0dca67d2d48fc2fe90cdbe8df9753b5624","state":"applied"},{"name":"050_lender_guideline_versions","checksum":"38e3ec493dfb3963c10cece011d62ebed00daeb6b253943f35ba094559dcd458","state":"applied"},{"name":"051_users_role_default_pending","checksum":"04cee486a4d7fcd49bb92db32f230baa7f8af7016d6d31912367b354d7d204e4","state":"applied"},{"name":"052_reusable_campaign_launcher","checksum":"cfd8d92a060e40ce3710a761f674325d43078fac3cfea6144c74b51bd9f87959","state":"applied"},{"name":"053_campaign_preview_approval_snapshots","checksum":"cac7747dfd8f3aa3467bfb26c30ddde4e736b10ef2882a1d4d25d9b9e2f03e27","state":"applied"},{"name":"054_campaign_preview_recipient_snapshots","checksum":"efc6aaf9e7a82359f63d725c5963d1ffba1f8b70e45db9d2b9e3e42a10890ddc","state":"applied"},{"name":"055_campaign_launch_execution_leases","checksum":"2bc3bc65a6b5ee415a7be5298e77412fd6df21aafe61e136fca0610924c829af","state":"applied"},{"name":"056_campaign_flyer","checksum":"4cddc8265dc8e756366b921a5e174fc2a01e0415902025cff5462f203e9294f3","state":"applied"},{"name":"057_telephony_settings","checksum":"a4687cf976ff9c566c1bc415d62dd69aa21b8e5e5ba9830b976669a3a45ef343","state":"applied"},{"name":"058_telephony_business_defaults","checksum":"8f06131c93a39bd45f852e9a9ee54e2902e2685924b56749d1da4fffacfff018","state":"applied"},{"name":"059_inbound_voice_settings","checksum":"6099effcdbb354a180973b1be07d9a001d5111bfb3d3ce6e1b1b8c7562ef9955","state":"applied"},{"name":"060_inbound_voice_array_defaults","checksum":"4f119252a69277b176a7dd109395be85ff71aeb2529fee7b1fdc42ab34da4162","state":"applied"},{"name":"061_telephony_completion","checksum":"8df6562600dbe97028914991d1a1676d959dff39a13714c66217baab42e661a2","state":"applied"},{"name":"062_email_readiness_daily_cap","checksum":"e477ea7fe3fe02de4e97a67d5c507cad004b93a65efb9f0bd28921b913967470","state":"applied"},{"name":"063_lead_vertical","checksum":"58327cfc2b57fc66b0c8576e114625dab4e742d1eb7fba436e801080c4166f05","state":"applied"},{"name":"064_collateral_flyer_library","checksum":"6ee2b26ee412d85fa177a3c2cf5dcf0dad693cbab1836dedc081f36842eed29a","state":"applied"},{"name":"065_campaign_flyer_link_vendor_template","checksum":"e8296fc3f597f8e2e60e073eff6b466ee2e5a25e80ad86375ef7d2416c1f2b6b","state":"applied"},{"name":"066_bundled_vendor_equipment_flyers","checksum":"8cdd91542020c136efbaf0a703bb7aa3b93a14472d97b4e50455bfaa0994a26e","state":"applied"},{"name":"067_campaign_attribution","checksum":"f2990978aa8e8a905a11dd746986b21e89a97d428474651a703d97559b2988ba","state":"superseded"},{"name":"068_campaign_attribution_fk_names","checksum":"061300fbfd0a7a899ca5141094b960b1507703247aa103264912e62ce688df66","state":"applied"},{"name":"069_campaign_attribution_recovery","checksum":"6cec18c4f246402baa5387fd182ae181cf2ba3fa11d34472b1101bdcc883c7f0","state":"applied"},{"name":"070_campaign_lifecycle","checksum":"d65f9db85abef993f939e144a8a80819621c5d193051b280f7cc9f1212835937","state":"applied"}]},"ddlBatches":4,"postgresDdlStatements":4,"catalogBefore":"fac486ab1cb853b0237be9fa25c986ba7ba283d88c2636a858cf8bb88cbc2a1c","catalogAfter":"bf0583229fa3079509edece5f3bdace31fd33d51ebdb9469a737bb7243dd4ea9","boot":{"http":200,"phase":"ready","schemaFailure":false},"verdict":"PASS"}
BOOT {"status":"ok","phase":"ready"}
{"level":"info","event":"api_startup_listener_ready","port":34781}
{"level":30,"time":1791473806727,"pid":33433,"hostname":"repl","msg":"SENTRY_DSN not set — Sentry error tracking disabled"}
{"level":30,"time":1791473806734,"pid":33433,"hostname":"repl","clerkFapiHost":"frontend-api.clerk.dev","publishableKeyHost":"select-humpback-65.clerk.accounts.dev","publishableKeyPrefix":"pk_test","secretKeyPrefix":"sk_test","proxyRevision":"2026-09-19.1","msg":"Clerk production proxy FAPI host resolved"}
{"level":40,"time":1791473806736,"pid":33433,"hostname":"repl","msg":"ALLOWED_ORIGINS is not set in production — all CORS origins will be rejected"}
{"level":30,"time":1791473806894,"pid":33433,"hostname":"repl","msg":"schema OK — applied 0 (), 70 total"}
{"level":30,"time":1791473806895,"pid":33433,"hostname":"repl","msg":"Drip automation is disarmed"}
{"level":30,"time":1791473806897,"pid":33433,"hostname":"repl","msg":"USFA sheet poller disarmed: Google service account credentials are not configured or invalid"}
{"level":30,"time":1791473806897,"pid":33433,"hostname":"repl","msg":"USFA application poller disarmed: Gmail delegation or Object Storage is not configured"}
{"level":"info","event":"api_application_ready","port":34781}
{"level":30,"time":1791473806912,"pid":33433,"hostname":"repl","msg":"Seeded 6 default workflow rules"}

ATTRIBUTION-REHEARSAL {"scenario":"fresh-empty","sourceKind":"isolated-metadata-matched-fixture-not-production-data","ledgerBefore":{"rows":[],"count":0},"ledgerAfter":{"count":70,"rows":[{"name":"000_baseline","checksum":"a07aee3fbf5a174ff94c05859a401cac808b0c89435fd834e4bae09e75117902","state":"applied"},{"name":"001_create_credit_tables","checksum":"5a3914c1b6bad5369a994291aac3617ceda45e98b0401a50a2cb861662f8c881","state":"applied"},{"name":"002_rep_slugs","checksum":"46d83e32152a948c363f6ca17dc92bd9d9f2a91c79f08929af4c9035384c9672","state":"applied"},{"name":"003_deals","checksum":"ed582ec3e291049d0c411d9793704802cccd64cae108a7a00735890b28eaa233","state":"applied"},{"name":"004_deal_intended_rep_slug","checksum":"34b24e6e50cdfe1ea9922f458f33309c92c6e9680fe138eb1172e4fe49a7c26c","state":"applied"},{"name":"005_lead_distribution_settings","checksum":"f3ea1cd2887f39f9cc5d2cd66c3a1626d36b43c0b84e5fef0a0e4946dc2d46a4","state":"applied"},{"name":"006_drip_sequence_ownership","checksum":"09459bd62d55597d4758b75d593810755d14a6076c186127d5134614cb0380ba","state":"applied"},{"name":"007_lead_staleness_threshold","checksum":"2771bb13b11489bf588742b6e2f461474e4f17e2835abeee158be1652f9ebb95","state":"applied"},{"name":"008_email_safety_settings","checksum":"9d9805015f069ad2bb33abff0150018397a02a4caf0b8d6de28400a9e54d2400","state":"applied"},{"name":"009_email_send_failure_reason","checksum":"b6e7000f176009602ea54453ef8fec4e0dd379024caa68f7d26292ef8b5765f0","state":"applied"},{"name":"010_email_webhook_events","checksum":"c215003f45148264d1bd30add3e2d82d017a7492e10ea51da1f348a808eaa9d3","state":"applied"},{"name":"011_email_rate_slots","checksum":"b4efc9d24cb78f72f9baa9809823c3e75159c9cc66ba0c0361a4d98d45ddbdb4","state":"applied"},{"name":"012_application_signature","checksum":"5c42b2d9a3f7c5dd7e06f132413384e331077ad632883e12bc609cbd2eee2c8d","state":"applied"},{"name":"013_retired_rep_slugs","checksum":"88acbb2d9265cc349e3aaf0e8ef79f1f2edb4af417d0e6bcbdfa8e4d6f1b7c30","state":"applied"},{"name":"014_application_optional_fields","checksum":"2fc4bea96e83512ab1ddd4c9bb670a2ef55b5836fb5ac8ae02cf9e0872fe0f45","state":"applied"},{"name":"015_application_consent_text_version","checksum":"bb518329ba39771c0697155d75cb9701219b16c05d6468a795c48e770261edee","state":"applied"},{"name":"016_user_titles","checksum":"043ede312d09b85daf6f60cbebcc74adb99ff68d2a9c322ab3932f4ca0db4e83","state":"applied"},{"name":"017_deal_notes_gm_split","checksum":"cb8cc5ef51ea9baae90858fa774cf5dab6e1f86cf948a9a75718b41d67a005b7","state":"applied"},{"name":"018_lender_matcher_gates","checksum":"cc7df9b47f0119b2ddc249086feaf6084d78964bb6fec0e96239765c80c502cd","state":"applied"},{"name":"019_document_categories","checksum":"681bbfb3858c481d6d0cbe15d9c5f4129a783f28816a628a445dfeefc760d374","state":"applied"},{"name":"020_lender_submissions","checksum":"1ef5d4e359cd3626037a5ea45a08087aaf783b8816ad2b7e5be0301476719f48","state":"applied"},{"name":"021_lead_package_config","checksum":"ce5c5a0a00688d29b7bc5c5f4e35ad2797088defb969e36fd4d2c0cc1693e5f3","state":"applied"},{"name":"022_lender_submission_package_snapshots","checksum":"fc16b93c7a074a22888d8197a6a88b9bb8ff71283d912e3325add8ad330116f3","state":"applied"},{"name":"023_routing_and_marketing_ownership","checksum":"08da9afb034d57bc56219d1444cf5557775c23f71a8732169aa8ee244f0541ad","state":"applied"},{"name":"024_email_compliance_daily_budget","checksum":"bad7383e9ed8df253c20bd4bd8725a8773dc1d034fcba1c7417e3234fd14f530","state":"applied"},{"name":"025_usfa_intake","checksum":"6bb0033bd971fcf0d0a2274b01c78556799af5ee9738ec6b0d9f08f2b1170a50","state":"applied"},{"name":"026_usfa_intake_runtime_support","checksum":"9d13c871f3c5799751e2698cd6771636b6e4b337ef9098f8e7b5674a69888b55","state":"applied"},{"name":"028_merge_going_to_funding_stage","checksum":"09d6ed0446929d5f0f8c47a7799a2ea8b006854a919a8702cd0dafb4bcc0dce4","state":"applied"},{"name":"029_deal_approvals","checksum":"90b2d5390a2560b35c2f15981cd3087de9ea3d3b937b55edbaffa819b46a3c39","state":"applied"},{"name":"030_add_application_collateral","checksum":"33c910dadd587a5cc37c2f499c4f185a9b8e3cdb624a515b9ae2b967fb583fdb","state":"applied"},{"name":"031_collateral_library","checksum":"adbd86747569c0b02956d5b38debfc81e326c874aa7bbede7a73398d95fde4b3","state":"applied"},{"name":"032_finance_application_collateral","checksum":"57c07e85f37a80aae9c0c2ea3f2f2445887b4728386f4dfcfe3f0e776c25804c","state":"applied"},{"name":"033_lender_submission_review_fields","checksum":"1de8df04ade0e8160715e4716908b05ba4e2425a85c4c5cb951083ca827efa6d","state":"applied"},{"name":"034_application_sms_consent","checksum":"1831bc9ac93e3e9dfd6234caef56c3e0ccdf06d18fa623db53a192a8224623b5","state":"applied"},{"name":"035_user_identities","checksum":"184edad6d31e1bf079ab45da6fd691608d37783cb710d5a031c21dc7067cbdbd","state":"applied"},{"name":"036_partners_contacts","checksum":"35f6d26c0369bd046876d06ad7abfe636c499ddf4d4786bdb4c28e19f59952c9","state":"applied"},{"name":"037_partner_flows_and_texting","checksum":"31de09eb3327b34727006e986f2d593a71c6851ffc832674bda61beac6b8b223","state":"applied"},{"name":"038_partner_texting","checksum":"3bb622d378f1f73eef3accec85e51608cddb7e9cf08f1b10c7056642ecaeb29d","state":"applied"},{"name":"039_ridgestone_partner_profile","checksum":"4a1bba89fc6a725f23ce8468df1ebad33d27c4b92315816a7392c7c0f59bc23c","state":"applied"},{"name":"040_release_schema_parity","checksum":"5828af4a1b3664252cd0eb52506626bf14948bf5851e6882c2842ae44dbcb179","state":"applied"},{"name":"041_push_notifications","checksum":"2e45ec1de0773fb243dd51d60ba27df5a4a107aa4af86b5774d097349ba996b0","state":"applied"},{"name":"042_push_delivery_ledger","checksum":"d2f191455da390cbdebcd3b87aa377fbcb08044b9707078b2d39ddf0f4ee6e7a","state":"applied"},{"name":"043_align_push_schema","checksum":"73e384983cab81b55914dc905884eb2c4229169b699b8618fafa26ad7027365b","state":"applied"},{"name":"044_notification_delivery_claims","checksum":"efaec622e931eb624efec6a658a473bd09159e704b317e602e9a1a16d3c6a295","state":"applied"},{"name":"045_application_equipment_category_homeowner","checksum":"5e04725aaa480af54a339ba1d1414d35ea4033cba59825b79276aca6c29a7fc9","state":"applied"},{"name":"046_complete_partner_contacts_recovery","checksum":"598d709d7fac1b3f4497cc6da7118b7b12b4bbdb87c26f1ec534c3989230751c","state":"applied"},{"name":"047_partner_contacts_prerequisite","checksum":"d9c8ade860b0dd7d4dd7281c437a0b961f3b6cd3d305f87ade6fa18c78364399","state":"applied"},{"name":"048_financing_campaign_draft","checksum":"e32cc9a267265db14871d7980065623138873a1b0a019fe2f28f6261b0a898b7","state":"applied"},{"name":"049_lender_underwriting_intelligence","checksum":"ac06ab7c7670b7884d100e849a404a0dca67d2d48fc2fe90cdbe8df9753b5624","state":"applied"},{"name":"050_lender_guideline_versions","checksum":"38e3ec493dfb3963c10cece011d62ebed00daeb6b253943f35ba094559dcd458","state":"applied"},{"name":"051_users_role_default_pending","checksum":"04cee486a4d7fcd49bb92db32f230baa7f8af7016d6d31912367b354d7d204e4","state":"applied"},{"name":"052_reusable_campaign_launcher","checksum":"cfd8d92a060e40ce3710a761f674325d43078fac3cfea6144c74b51bd9f87959","state":"applied"},{"name":"053_campaign_preview_approval_snapshots","checksum":"cac7747dfd8f3aa3467bfb26c30ddde4e736b10ef2882a1d4d25d9b9e2f03e27","state":"applied"},{"name":"054_campaign_preview_recipient_snapshots","checksum":"efc6aaf9e7a82359f63d725c5963d1ffba1f8b70e45db9d2b9e3e42a10890ddc","state":"applied"},{"name":"055_campaign_launch_execution_leases","checksum":"2bc3bc65a6b5ee415a7be5298e77412fd6df21aafe61e136fca0610924c829af","state":"applied"},{"name":"056_campaign_flyer","checksum":"4cddc8265dc8e756366b921a5e174fc2a01e0415902025cff5462f203e9294f3","state":"applied"},{"name":"057_telephony_settings","checksum":"a4687cf976ff9c566c1bc415d62dd69aa21b8e5e5ba9830b976669a3a45ef343","state":"applied"},{"name":"058_telephony_business_defaults","checksum":"8f06131c93a39bd45f852e9a9ee54e2902e2685924b56749d1da4fffacfff018","state":"applied"},{"name":"059_inbound_voice_settings","checksum":"6099effcdbb354a180973b1be07d9a001d5111bfb3d3ce6e1b1b8c7562ef9955","state":"applied"},{"name":"060_inbound_voice_array_defaults","checksum":"4f119252a69277b176a7dd109395be85ff71aeb2529fee7b1fdc42ab34da4162","state":"applied"},{"name":"061_telephony_completion","checksum":"8df6562600dbe97028914991d1a1676d959dff39a13714c66217baab42e661a2","state":"applied"},{"name":"062_email_readiness_daily_cap","checksum":"e477ea7fe3fe02de4e97a67d5c507cad004b93a65efb9f0bd28921b913967470","state":"applied"},{"name":"063_lead_vertical","checksum":"58327cfc2b57fc66b0c8576e114625dab4e742d1eb7fba436e801080c4166f05","state":"applied"},{"name":"064_collateral_flyer_library","checksum":"6ee2b26ee412d85fa177a3c2cf5dcf0dad693cbab1836dedc081f36842eed29a","state":"applied"},{"name":"065_campaign_flyer_link_vendor_template","checksum":"e8296fc3f597f8e2e60e073eff6b466ee2e5a25e80ad86375ef7d2416c1f2b6b","state":"applied"},{"name":"066_bundled_vendor_equipment_flyers","checksum":"8cdd91542020c136efbaf0a703bb7aa3b93a14472d97b4e50455bfaa0994a26e","state":"applied"},{"name":"067_campaign_attribution","checksum":"f2990978aa8e8a905a11dd746986b21e89a97d428474651a703d97559b2988ba","state":"applied"},{"name":"068_campaign_attribution_fk_names","checksum":"061300fbfd0a7a899ca5141094b960b1507703247aa103264912e62ce688df66","state":"applied"},{"name":"069_campaign_attribution_recovery","checksum":"6cec18c4f246402baa5387fd182ae181cf2ba3fa11d34472b1101bdcc883c7f0","state":"applied"},{"name":"070_campaign_lifecycle","checksum":"d65f9db85abef993f939e144a8a80819621c5d193051b280f7cc9f1212835937","state":"applied"}]},"ddlBatches":69,"postgresDdlStatements":66,"catalogBefore":"f3aaf7b36a1979fa8eb0d3f37b64b3bc600229946ec0294b71e0bf595c3a1036","catalogAfter":"bf0583229fa3079509edece5f3bdace31fd33d51ebdb9469a737bb7243dd4ea9","boot":{"http":200,"phase":"ready","schemaFailure":false},"verdict":"PASS"}
ATTRIBUTION RECOVERY REHEARSAL PASS scenarios=4
MIGRATION REHEARSAL PASS
PREFLIGHT 11/11: database divergence

> workspace@0.0.0 db:divergence /home/runner/workspace/.local/campaign-ux-source
> pnpm --silent --dir scripts exec tsx ./src/db-divergence.ts

Clone-only ledger rows: none
Dev-only ledger rows: none
Changed ledger rows: none
Clone-only tables: none
Dev-only tables: none
Clone-only columns: none
Dev-only columns: none
Changed columns: none
DB DIVERGENCE PASS
PREFLIGHT PASS
