
> workspace@0.0.0 preflight /tmp/predeploy-c6fc40f-source
> pnpm --filter @workspace/scripts exec tsx ./src/preflight.ts

PREFLIGHT 1/11: schema path guard

> workspace@0.0.0 guard:schema-path /tmp/predeploy-c6fc40f-source
> pnpm --filter @workspace/scripts exec tsx ./src/forbid-schema-push.ts

Schema path guard passed
PREFLIGHT 2/11: recovery guard

> workspace@0.0.0 recovery:guard /tmp/predeploy-c6fc40f-source
> pnpm --filter @workspace/scripts run recovery:guard


> @workspace/scripts@0.0.0 recovery:guard /tmp/predeploy-c6fc40f-source/scripts
> tsx ./src/recovery-guard.ts

Recovery guard passed.
PREFLIGHT 3/11: typecheck

> workspace@0.0.0 typecheck /tmp/predeploy-c6fc40f-source
> pnpm run typecheck:libs && pnpm -r --filter "./artifacts/**" --filter "./scripts" --if-present run typecheck


> workspace@0.0.0 typecheck:libs /tmp/predeploy-c6fc40f-source
> tsc --build

Scope: 5 of 11 workspace projects
artifacts/api-server typecheck$ tsc -p tsconfig.json --noEmit
artifacts/mbs-crm typecheck$ tsc -p tsconfig.json --noEmit
artifacts/mbs-crm-mobile typecheck$ tsc -p tsconfig.json --noEmit
artifacts/mockup-sandbox typecheck$ tsc -p tsconfig.json --noEmit
artifacts/mockup-sandbox typecheck: Done
scripts typecheck$ tsc -p tsconfig.json --noEmit
artifacts/mbs-crm-mobile typecheck: Done
scripts typecheck: Done
artifacts/mbs-crm typecheck: Done
artifacts/api-server typecheck: Done
PREFLIGHT 4/11: full suite

> workspace@0.0.0 test /tmp/predeploy-c6fc40f-source
> pnpm --filter @workspace/api-server run test && pnpm --filter @workspace/mbs-crm run test && pnpm --filter @workspace/scripts run test && pnpm --filter @workspace/scripts exec tsx --test ../lib/db/src/*.test.ts


> @workspace/api-server@0.0.0 test /tmp/predeploy-c6fc40f-source/artifacts/api-server
> node --test --experimental-strip-types --loader ./test-loader.mjs src/lib/*.test.ts

(node:3031) ExperimentalWarning: `--experimental-loader` may be removed in the future; instead use `register()`:
--import 'data:text/javascript,import { register } from "node:module"; import { pathToFileURL } from "node:url"; register("./test-loader.mjs", pathToFileURL("./"));'
(Use `node --trace-warnings ...` to show where the warning was created)
✔ migration status endpoint is forbidden for reps (58.062342ms)
(node:3031) ExperimentalWarning: `--experimental-loader` may be removed in the future; instead use `register()`:
--import 'data:text/javascript,import { register } from "node:module"; import { pathToFileURL } from "node:url"; register("./test-loader.mjs", pathToFileURL("./"));'
(Use `node --trace-warnings ...` to show where the warning was created)
(node:3032) ExperimentalWarning: `--experimental-loader` may be removed in the future; instead use `register()`:
--import 'data:text/javascript,import { register } from "node:module"; import { pathToFileURL } from "node:url"; register("./test-loader.mjs", pathToFileURL("./"));'
(Use `node --trace-warnings ...` to show where the warning was created)
✔ post-Clerk push health enforces anonymous, representative, and admin roles (63.59864ms)
(node:3032) ExperimentalWarning: `--experimental-loader` may be removed in the future; instead use `register()`:
--import 'data:text/javascript,import { register } from "node:module"; import { pathToFileURL } from "node:url"; register("./test-loader.mjs", pathToFileURL("./"));'
(Use `node --trace-warnings ...` to show where the warning was created)
(node:3033) ExperimentalWarning: `--experimental-loader` may be removed in the future; instead use `register()`:
--import 'data:text/javascript,import { register } from "node:module"; import { pathToFileURL } from "node:url"; register("./test-loader.mjs", pathToFileURL("./"));'
(Use `node --trace-warnings ...` to show where the warning was created)
✔ GET /api/analytics/reps includes active reps and active users assigned leads or deals only (1514.612092ms)
(node:3033) ExperimentalWarning: `--experimental-loader` may be removed in the future; instead use `register()`:
--import 'data:text/javascript,import { register } from "node:module"; import { pathToFileURL } from "node:url"; register("./test-loader.mjs", pathToFileURL("./"));'
(Use `node --trace-warnings ...` to show where the warning was created)
(node:3039) ExperimentalWarning: `--experimental-loader` may be removed in the future; instead use `register()`:
--import 'data:text/javascript,import { register } from "node:module"; import { pathToFileURL } from "node:url"; register("./test-loader.mjs", pathToFileURL("./"));'
(Use `node --trace-warnings ...` to show where the warning was created)
✔ application consent version is server-owned and persists the current disclosure version (0.97263ms)
(node:3045) ExperimentalWarning: `--experimental-loader` may be removed in the future; instead use `register()`:
--import 'data:text/javascript,import { register } from "node:module"; import { pathToFileURL } from "node:url"; register("./test-loader.mjs", pathToFileURL("./"));'
(Use `node --trace-warnings ...` to show where the warning was created)
✔ blank application uses the rep identity and exact disclosure/footer (3.680514ms)
✔ title is profile data and a blank title is not derived from role (0.65314ms)
✔ filled application masks both SSNs and never emits encrypted or plaintext SSN fields (0.905516ms)
(node:3046) ExperimentalWarning: `--experimental-loader` may be removed in the future; instead use `register()`:
--import 'data:text/javascript,import { register } from "node:module"; import { pathToFileURL } from "node:url"; register("./test-loader.mjs", pathToFileURL("./"));'
(Use `node --trace-warnings ...` to show where the warning was created)
✔ native form preserves complete consent and footer text, never plaintext SSNs (1814.419509ms)
✔ native form embeds Unicode Inter text, logo, ET dates, and mapped application type (1454.953229ms)
✔ application and prepared-by footer baselines are separated inside the bottom margin (0.241829ms)
✔ application form renders natively as one US Letter PDF (1381.8745ms)
✔ filled native application stays on one Letter page and masks SSNs (1276.001155ms)
✔ native historical applications embed PNG signatures without substituting signature evidence (1230.865792ms)
✔ native header uses work email, ordered phones, and required clearance (4.205229ms)
✔ Nate and Calvin header regions remain deterministic (3068.535739ms)
(node:3047) ExperimentalWarning: `--experimental-loader` may be removed in the future; instead use `register()`:
--import 'data:text/javascript,import { register } from "node:module"; import { pathToFileURL } from "node:url"; register("./test-loader.mjs", pathToFileURL("./"));'
(Use `node --trace-warnings ...` to show where the warning was created)
✔ typed signature accepts two trimmed characters (1.041434ms)
✔ typed signature rejects one character and names over 200 characters (0.16864ms)
✔ drawn signature accepts safe PNG data URLs and rejects malformed/non-image values (0.749279ms)
✔ application rules enforce consents and equipment description without requiring vendor (0.260866ms)
✔ signed application HTML escapes injection strings and signature metadata (16.27774ms)
✔ legacy applications do not invent a signature method or signed timestamp (0.317181ms)
(node:3089) ExperimentalWarning: `--experimental-loader` may be removed in the future; instead use `register()`:
--import 'data:text/javascript,import { register } from "node:module"; import { pathToFileURL } from "node:url"; register("./test-loader.mjs", pathToFileURL("./"));'
(Use `node --trace-warnings ...` to show where the warning was created)
(node:3089) ExperimentalWarning: `--experimental-loader` may be removed in the future; instead use `register()`:
--import 'data:text/javascript,import { register } from "node:module"; import { pathToFileURL } from "node:url"; register("./test-loader.mjs", pathToFileURL("./"));'
(Use `node --trace-warnings ...` to show where the warning was created)
✔ application submit attributes a rep-slug lead and records QR-card activity (83.332981ms)
✔ application submit persists and returns equipment category and homeownership (27.369414ms)
✔ application submit rejects explicit null category and homeownership values (47.486325ms)
✔ a second public application reuses its existing email lead, logs the re-application, and notifies its assigned rep (34.020039ms)
✔ a phone-only re-application sends only to the stored lead email, never the submitted unverified email (25.364446ms)
✔ conflicting email and phone identities return a named 400 without attaching an application (31.45211ms)
✔ each re-application retains its own immutable signed-document key (81.443347ms)
(node:3112) ExperimentalWarning: `--experimental-loader` may be removed in the future; instead use `register()`:
--import 'data:text/javascript,import { register } from "node:module"; import { pathToFileURL } from "node:url"; register("./test-loader.mjs", pathToFileURL("./"));'
(Use `node --trace-warnings ...` to show where the warning was created)
✔ production parser accepts and normalizes a nine-digit EIN (7.048503ms)
✔ production parser accepts the optional collateral boolean and defaults it when omitted (1.176413ms)
✔ production parser reports malformed EIN with its field and format message (1.730406ms)
✔ production parser turns a malformed non-object body into a named validation error (1.383019ms)
✔ production parser accepts a punctuated phone after trimming only (0.653083ms)
✔ validation response never returns the literal Invalid input (0.240364ms)
✔ optional Section 1 fields remain optional and SSNs normalize to digits (0.976796ms)
✔ invalid optional business start date is rejected without making other optional fields required (0.794058ms)
(node:3118) ExperimentalWarning: `--experimental-loader` may be removed in the future; instead use `register()`:
--import 'data:text/javascript,import { register } from "node:module"; import { pathToFileURL } from "node:url"; register("./test-loader.mjs", pathToFileURL("./"));'
(Use `node --trace-warnings ...` to show where the warning was created)
(node:3118) ExperimentalWarning: `--experimental-loader` may be removed in the future; instead use `register()`:
--import 'data:text/javascript,import { register } from "node:module"; import { pathToFileURL } from "node:url"; register("./test-loader.mjs", pathToFileURL("./"));'
(Use `node --trace-warnings ...` to show where the warning was created)
✔ the real API router has a gate before every private mutation (6947.047042ms)
✔ the production mutation gate accepts a Clerk-authenticated request (66.643689ms)
✔ creator-owned resources reject other reps (2.481256ms)
✔ unsigned inbound voice and voicemail callbacks are rejected before routing or storage (55.102257ms)
✔ a rep cannot self-assign a lead (12.746013ms)
✔ unsigned SendGrid webhooks are rejected in every environment (17.928035ms)
✔ unsigned Twilio callbacks are rejected before side effects (25.31956ms)
[22:11:30.815] [33mWARN[39m (3118): [36mSendGrid webhook signature rejected[39m
    [35mroute[39m: "/api/sendgrid/webhook"
    [35mreason[39m: "verification_key_missing"
    [35mhasSignatureHeader[39m: false
    [35mhasTimestampHeader[39m: false
    [35mhasRawBody[39m: true
    [35mrawBodyBytes[39m: 23
(node:3136) ExperimentalWarning: `--experimental-loader` may be removed in the future; instead use `register()`:
--import 'data:text/javascript,import { register } from "node:module"; import { pathToFileURL } from "node:url"; register("./test-loader.mjs", pathToFileURL("./"));'
(Use `node --trace-warnings ...` to show where the warning was created)
✔ brand helper serves the canonical light and reverse marks (7.924601ms)
✔ email and flyer branding use the hosted light mark and non-legacy alt (2.898549ms)
﹣ configured email logo URL returns HTTP 200 when online (0.573285ms) # Set RUN_ONLINE_TESTS=1 to check live hosting
(node:3137) ExperimentalWarning: `--experimental-loader` may be removed in the future; instead use `register()`:
--import 'data:text/javascript,import { register } from "node:module"; import { pathToFileURL } from "node:url"; register("./test-loader.mjs", pathToFileURL("./"));'
(Use `node --trace-warnings ...` to show where the warning was created)
✔ unconfigured browser telephony has an explicit successful readiness state (1.818249ms)
✔ voice and owned-number configuration are independent and secret-free (0.280713ms)
(node:3152) ExperimentalWarning: `--experimental-loader` may be removed in the future; instead use `register()`:
--import 'data:text/javascript,import { register } from "node:module"; import { pathToFileURL } from "node:url"; register("./test-loader.mjs", pathToFileURL("./"));'
(Use `node --trace-warnings ...` to show where the warning was created)
✔ flyer recording failure propagates rather than silently accepting a redirect (1.531311ms)
✔ Parse authentication is independent, constant-time digest matched, and rejects malformed credentials (0.572225ms)
✔ Reply exclusions, opaque envelope addresses, stable message dedupe and text-only rendering (1.053007ms)
✔ Signed referral context rejects edits, cross-purpose tokens and expiry (0.573519ms)
✔ KPI reconciliation deduplicates cohorts/deals, excludes pre-attribution milestones, labels unknown history and reuses rate calculator (2.390042ms)
✔ Real database attribution and Parse redelivery reconcile without live communications (2088.946972ms)
(node:3168) ExperimentalWarning: `--experimental-loader` may be removed in the future; instead use `register()`:
--import 'data:text/javascript,import { register } from "node:module"; import { pathToFileURL } from "node:url"; register("./test-loader.mjs", pathToFileURL("./"));'
(Use `node --trace-warnings ...` to show where the warning was created)
✔ campaign reply capture is optional; real sender retains Reply-To or tokenises only on opt-in (7.330531ms)
(node:3168) ExperimentalWarning: `--experimental-loader` may be removed in the future; instead use `register()`:
--import 'data:text/javascript,import { register } from "node:module"; import { pathToFileURL } from "node:url"; register("./test-loader.mjs", pathToFileURL("./"));'
(Use `node --trace-warnings ...` to show where the warning was created)
(node:3180) ExperimentalWarning: `--experimental-loader` may be removed in the future; instead use `register()`:
--import 'data:text/javascript,import { register } from "node:module"; import { pathToFileURL } from "node:url"; register("./test-loader.mjs", pathToFileURL("./"));'
(Use `node --trace-warnings ...` to show where the warning was created)
✔ campaign APIs are restricted to manager and admin roles (3.849172ms)
✔ campaign without a flyer produces plain text and one remote logo HTML alternative (0.881007ms)
✔ Link sends no attachment and renders an expiring URL in both email alternatives; Attach is unchanged (2.412288ms)
✔ vendor vertical mappings use imported lead vertical first and default to equipment (4.292482ms)
✔ daily overflow is deferred to the next New York business day (23.19763ms)
✔ future scheduled launches are rejected when no delivery worker exists (0.166452ms)
✔ resume candidates exclude sent, uncertain, and early deferred rows (0.232202ms)
✔ audience classification preserves actionable email exclusion reasons (0.341249ms)
✔ campaign audience union deduplicates IDs, prioritizes picked origin, and sorts by ID (0.356793ms)
✔ campaign exclusion breakdown distinguishes consent, suppression, prior sends and duplicates (0.326806ms)
✔ a picked lead outside the filters is included but suppression excludes it with a visible reason (0.407983ms)
✔ manual picks without filters never expand into an all-leads campaign (0.18512ms)
✔ SMS preview explains missing, duplicate, consent, and unsupported launch outcomes (0.166243ms)
✔ editing a campaign invalidates its approval version (0.128872ms)
✔ repeat launch lifecycle is idempotent and transitions are explicit (0.13098ms)
✔ future scheduling advances the campaign, while an unscheduled dry run does not (0.112672ms)
✔ campaign content hashes are stable and change when approved template content changes (0.958296ms)
✔ campaign Reply-To defaults and participates in approval hash (0.266327ms)
✔ approval blocks unknown merge tokens before any provider send (0.200934ms)
✔ campaign flyer delivery uses the approved immutable creative (0.323179ms)
✔ approval requires the current hash and explicit claims affirmation (0.523591ms)
✔ approval and launch reject empty or malformed eligible audience counts (0.225162ms)
✔ provider-free validation reports no-send, tested address, audience count, and timestamp (0.170109ms)
✔ provider-free validation rejects inactive or missing content and exercises rendering (0.276667ms)
✔ approved audience remains the launch source after reload or newer preview changes (0.263608ms)
✔ assigned representative reply-to contract preserves routing (0.149314ms)
✔ same-key resume only selects eligible recipients and never retries uncertain queued rows (0.203959ms)
✔ recipient ledger summaries are cumulative across partial runs (0.222747ms)
✔ execution lease refuses active owners and allows expiry takeover (0.154987ms)
✔ resume continues past already-processed queued recipient (0.106555ms)
(node:3180) ExperimentalWarning: `--experimental-loader` may be removed in the future; instead use `register()`:
--import 'data:text/javascript,import { register } from "node:module"; import { pathToFileURL } from "node:url"; register("./test-loader.mjs", pathToFileURL("./"));'
(Use `node --trace-warnings ...` to show where the warning was created)
(node:3190) ExperimentalWarning: `--experimental-loader` may be removed in the future; instead use `register()`:
--import 'data:text/javascript,import { register } from "node:module"; import { pathToFileURL } from "node:url"; register("./test-loader.mjs", pathToFileURL("./"));'
(Use `node --trace-warnings ...` to show where the warning was created)
✔ Clerk publishable key origins are decoded for diagnostics only (0.945745ms)
✔ Clerk proxy always uses the documented proxy upstream (0.178692ms)
✔ production proxy emits a fatal diagnostic when its secret is missing (0.838676ms)
✔ production proxy logs the derived FAPI host and safe key prefixes once (0.823442ms)
✔ production proxy logs a full upstream exception and returns a short reason (0.527592ms)
✔ production proxy preserves an upstream failure status and logs response headers (1.147163ms)
✔ Clerk health probes the proxy upstream and caches the result (0.521914ms)
✔ Clerk health reports missing keys and an unreachable upstream (0.18078ms)
(node:3190) ExperimentalWarning: `--experimental-loader` may be removed in the future; instead use `register()`:
--import 'data:text/javascript,import { register } from "node:module"; import { pathToFileURL } from "node:url"; register("./test-loader.mjs", pathToFileURL("./"));'
(Use `node --trace-warnings ...` to show where the warning was created)
(node:3199) ExperimentalWarning: `--experimental-loader` may be removed in the future; instead use `register()`:
--import 'data:text/javascript,import { register } from "node:module"; import { pathToFileURL } from "node:url"; register("./test-loader.mjs", pathToFileURL("./"));'
(Use `node --trace-warnings ...` to show where the warning was created)
✔ reps cannot use admin collateral template policy (0.831061ms)
✔ collateral admin policy permits managers only through the explicit admin role (0.121988ms)
✔ rep collateral email policy only permits assigned leads (0.255774ms)
(node:3211) ExperimentalWarning: `--experimental-loader` may be removed in the future; instead use `register()`:
--import 'data:text/javascript,import { register } from "node:module"; import { pathToFileURL } from "node:url"; register("./test-loader.mjs", pathToFileURL("./"));'
(Use `node --trace-warnings ...` to show where the warning was created)
✔ collateral provider payload rewrites legacy CRM URLs, not unrelated destinations (2.905078ms)
(node:3211) ExperimentalWarning: `--experimental-loader` may be removed in the future; instead use `register()`:
--import 'data:text/javascript,import { register } from "node:module"; import { pathToFileURL } from "node:url"; register("./test-loader.mjs", pathToFileURL("./"));'
(Use `node --trace-warnings ...` to show where the warning was created)
(node:3228) ExperimentalWarning: `--experimental-loader` may be removed in the future; instead use `register()`:
--import 'data:text/javascript,import { register } from "node:module"; import { pathToFileURL } from "node:url"; register("./test-loader.mjs", pathToFileURL("./"));'
(Use `node --trace-warnings ...` to show where the warning was created)
✔ collateral merge fields prefer corporate email and omit absent optional values (46.893517ms)
✔ collateral merge fields omit optional title and phone lines (11.23749ms)
✔ QR encoder receives the exact rep URL and required brand-safe options (6.305543ms)
✔ PDF image overlay emits Letter output and explicitly rejects raster output without sharp (129.529475ms)
✔ image overlay does not mutate source bytes and retains artwork content above rep band (60.428821ms)
(node:3234) ExperimentalWarning: `--experimental-loader` may be removed in the future; instead use `register()`:
--import 'data:text/javascript,import { register } from "node:module"; import { pathToFileURL } from "node:url"; register("./test-loader.mjs", pathToFileURL("./"));'
(Use `node --trace-warnings ...` to show where the warning was created)
✔ commercial financing disclosure remains sourced from the immutable consent text artifact (0.877029ms)
✔ consentText.ts matches the canonical full-file SHA-256 fixture (0.974241ms)
✔ the disclosure acceptance checkbox has a required, artifact-owned label and version (0.130143ms)
✔ public disclosure payload exactly exposes the immutable artifact constants (0.666983ms)
(node:3248) ExperimentalWarning: `--experimental-loader` may be removed in the future; instead use `register()`:
--import 'data:text/javascript,import { register } from "node:module"; import { pathToFileURL } from "node:url"; register("./test-loader.mjs", pathToFileURL("./"));'
(Use `node --trace-warnings ...` to show where the warning was created)
✔ calls card fixture counts two voicemails, one callback, and one overdue record (392.01058ms)
(node:3264) ExperimentalWarning: `--experimental-loader` may be removed in the future; instead use `register()`:
--import 'data:text/javascript,import { register } from "node:module"; import { pathToFileURL } from "node:url"; register("./test-loader.mjs", pathToFileURL("./"));'
(Use `node --trace-warnings ...` to show where the warning was created)
✔ Migration 029 is append-only and preserves historical approvals (6.048735ms)
✔ latest approval selection uses created_at then id tie-break (0.339377ms)
✔ approval reminder creation is idempotent across duplicate captures (1.318056ms)
(node:3264) ExperimentalWarning: `--experimental-loader` may be removed in the future; instead use `register()`:
--import 'data:text/javascript,import { register } from "node:module"; import { pathToFileURL } from "node:url"; register("./test-loader.mjs", pathToFileURL("./"));'
(Use `node --trace-warnings ...` to show where the warning was created)
(node:3272) ExperimentalWarning: `--experimental-loader` may be removed in the future; instead use `register()`:
--import 'data:text/javascript,import { register } from "node:module"; import { pathToFileURL } from "node:url"; register("./test-loader.mjs", pathToFileURL("./"));'
(Use `node --trace-warnings ...` to show where the warning was created)
✔ deal contact projection scopes reps to their linked-lead ownership in one batch (924.536393ms)
(node:3272) ExperimentalWarning: `--experimental-loader` may be removed in the future; instead use `register()`:
--import 'data:text/javascript,import { register } from "node:module"; import { pathToFileURL } from "node:url"; register("./test-loader.mjs", pathToFileURL("./"));'
(Use `node --trace-warnings ...` to show where the warning was created)
(node:3290) ExperimentalWarning: `--experimental-loader` may be removed in the future; instead use `register()`:
--import 'data:text/javascript,import { register } from "node:module"; import { pathToFileURL } from "node:url"; register("./test-loader.mjs", pathToFileURL("./"));'
(Use `node --trace-warnings ...` to show where the warning was created)
(node:3290) ExperimentalWarning: `--experimental-loader` may be removed in the future; instead use `register()`:
--import 'data:text/javascript,import { register } from "node:module"; import { pathToFileURL } from "node:url"; register("./test-loader.mjs", pathToFileURL("./"));'
(Use `node --trace-warnings ...` to show where the warning was created)
✔ rep resolves an authorized funded deal to its lead and uploads against the lead id (1225.128145ms)
✔ visible deal does not disclose or authorize its other-rep lead (22.69706ms)
✔ linked deal uses a neutral deal fallback when company and contact identity are absent (14.208472ms)
(node:3304) ExperimentalWarning: `--experimental-loader` may be removed in the future; instead use `register()`:
--import 'data:text/javascript,import { register } from "node:module"; import { pathToFileURL } from "node:url"; register("./test-loader.mjs", pathToFileURL("./"));'
(Use `node --trace-warnings ...` to show where the warning was created)
✔ production funded GM aggregate sums raw actualGm without split multiplication (1.974506ms)
(node:3305) ExperimentalWarning: `--experimental-loader` may be removed in the future; instead use `register()`:
--import 'data:text/javascript,import { register } from "node:module"; import { pathToFileURL } from "node:url"; register("./test-loader.mjs", pathToFileURL("./"));'
(Use `node --trace-warnings ...` to show where the warning was created)
✔ manager and admin deal readers can inspect submission metadata (0.84785ms)
✔ rep submission reads remain assignment-bound and pending users are denied (0.173413ms)
(node:3341) ExperimentalWarning: `--experimental-loader` may be removed in the future; instead use `register()`:
--import 'data:text/javascript,import { register } from "node:module"; import { pathToFileURL } from "node:url"; register("./test-loader.mjs", pathToFileURL("./"));'
(Use `node --trace-warnings ...` to show where the warning was created)
✔ deal CSV includes notes and split percentage values (1113.099548ms)
(node:3341) ExperimentalWarning: `--experimental-loader` may be removed in the future; instead use `register()`:
--import 'data:text/javascript,import { register } from "node:module"; import { pathToFileURL } from "node:url"; register("./test-loader.mjs", pathToFileURL("./"));'
(Use `node --trace-warnings ...` to show where the warning was created)
(node:3356) ExperimentalWarning: `--experimental-loader` may be removed in the future; instead use `register()`:
--import 'data:text/javascript,import { register } from "node:module"; import { pathToFileURL } from "node:url"; register("./test-loader.mjs", pathToFileURL("./"));'
(Use `node --trace-warnings ...` to show where the warning was created)
(node:3356) ExperimentalWarning: `--experimental-loader` may be removed in the future; instead use `register()`:
--import 'data:text/javascript,import { register } from "node:module"; import { pathToFileURL } from "node:url"; register("./test-loader.mjs", pathToFileURL("./"));'
(Use `node --trace-warnings ...` to show where the warning was created)
✔ Express deal update persists notes and exactly one notes_updated activity (47.544124ms)
✔ deal update rolls back notes when activity logging fails (13.659756ms)
Error: activity insert failed
    at Object.values (file:///tmp/predeploy-c6fc40f-source/artifacts/api-server/src/lib/dealsUpdateRoute.test.ts:92:47)
    at logActivity (file:///tmp/predeploy-c6fc40f-source/artifacts/api-server/src/lib/activityHelper.ts:17:43)
    at file:///tmp/predeploy-c6fc40f-source/artifacts/api-server/src/routes/deals.ts:793:13
    at process.processTicksAndRejections (node:internal/process/task_queues:103:5)
    at async Object.transaction (file:///tmp/predeploy-c6fc40f-source/artifacts/api-server/src/lib/dealsUpdateRoute.test.ts:79:16)
    at async file:///tmp/predeploy-c6fc40f-source/artifacts/api-server/src/routes/deals.ts:766:16
✔ rate points save updates the correct GM field and writes complete activity in one transaction (16.071393ms)
(node:3372) ExperimentalWarning: `--experimental-loader` may be removed in the future; instead use `register()`:
--import 'data:text/javascript,import { register } from "node:module"; import { pathToFileURL } from "node:url"; register("./test-loader.mjs", pathToFileURL("./"));'
(Use `node --trace-warnings ...` to show where the warning was created)
✔ document download headers support Unicode names with an ASCII fallback (1.143612ms)
✔ document download headers encode control and quote characters (0.2818ms)
(node:3380) ExperimentalWarning: `--experimental-loader` may be removed in the future; instead use `register()`:
--import 'data:text/javascript,import { register } from "node:module"; import { pathToFileURL } from "node:url"; register("./test-loader.mjs", pathToFileURL("./"));'
(Use `node --trace-warnings ...` to show where the warning was created)
✔ legacy document category helper mirrors migration 019 key backfill (1.040506ms)
(node:3380) ExperimentalWarning: `--experimental-loader` may be removed in the future; instead use `register()`:
--import 'data:text/javascript,import { register } from "node:module"; import { pathToFileURL } from "node:url"; register("./test-loader.mjs", pathToFileURL("./"));'
(Use `node --trace-warnings ...` to show where the warning was created)
✔ a rep cannot update a document category for another rep's lead (35.638353ms)
✔ a rep can update a document category for their assigned lead (16.476718ms)
(node:3388) ExperimentalWarning: `--experimental-loader` may be removed in the future; instead use `register()`:
--import 'data:text/javascript,import { register } from "node:module"; import { pathToFileURL } from "node:url"; register("./test-loader.mjs", pathToFileURL("./"));'
(Use `node --trace-warnings ...` to show where the warning was created)
(node:3388) ExperimentalWarning: `--experimental-loader` may be removed in the future; instead use `register()`:
--import 'data:text/javascript,import { register } from "node:module"; import { pathToFileURL } from "node:url"; register("./test-loader.mjs", pathToFileURL("./"));'
(Use `node --trace-warnings ...` to show where the warning was created)
✔ authorized funded lead can upload a document through the real API route (2161.697189ms)
✔ authorized declined lead can upload a document through the real API route (20.068284ms)
✔ deal visibility does not authorize upload to a linked lead owned by another rep (10.016684ms)
(node:3406) ExperimentalWarning: `--experimental-loader` may be removed in the future; instead use `register()`:
--import 'data:text/javascript,import { register } from "node:module"; import { pathToFileURL } from "node:url"; register("./test-loader.mjs", pathToFileURL("./"));'
(Use `node --trace-warnings ...` to show where the warning was created)
(node:3406) ExperimentalWarning: `--experimental-loader` may be removed in the future; instead use `register()`:
--import 'data:text/javascript,import { register } from "node:module"; import { pathToFileURL } from "node:url"; register("./test-loader.mjs", pathToFileURL("./"));'
(Use `node --trace-warnings ...` to show where the warning was created)
✔ production origin validation and boot, root and deep health (2925.519948ms)
✔ provider payloads for direct, campaign/drip, image-free and application confirmation use public URLs (11.782642ms)
(node:3423) ExperimentalWarning: `--experimental-loader` may be removed in the future; instead use `register()`:
--import 'data:text/javascript,import { register } from "node:module"; import { pathToFileURL } from "node:url"; register("./test-loader.mjs", pathToFileURL("./"));'
(Use `node --trace-warnings ...` to show where the warning was created)
✔ shared limiter rejects the reservation that would exceed the cap (0.630973ms)
✔ limiter normalizes invalid capacities to safe bounds (0.146959ms)
(node:3431) ExperimentalWarning: `--experimental-loader` may be removed in the future; instead use `register()`:
--import 'data:text/javascript,import { register } from "node:module"; import { pathToFileURL } from "node:url"; register("./test-loader.mjs", pathToFileURL("./"));'
(Use `node --trace-warnings ...` to show where the warning was created)
✔ documents and strictly rejects unknown merge tokens (1.140221ms)
✔ data:image URIs are rejected separately from merge-token validation (0.335135ms)
✔ every inline starter template uses only supported merge tokens (0.396803ms)
✔ rendering uses Hi there fallback and omits a missing company phrase (0.852894ms)
✔ supported per-send footer tokens render without creating a second footer (0.265659ms)
✔ HTML and plain-text compliance footer is exact once and never data URI (3.069319ms)
✔ provider dispatch keeps test-send Reply-To on the admin address (0.450172ms)
(node:3431) ExperimentalWarning: `--experimental-loader` may be removed in the future; instead use `register()`:
--import 'data:text/javascript,import { register } from "node:module"; import { pathToFileURL } from "node:url"; register("./test-loader.mjs", pathToFileURL("./"));'
(Use `node --trace-warnings ...` to show where the warning was created)
(node:3441) ExperimentalWarning: `--experimental-loader` may be removed in the future; instead use `register()`:
--import 'data:text/javascript,import { register } from "node:module"; import { pathToFileURL } from "node:url"; register("./test-loader.mjs", pathToFileURL("./"));'
(Use `node --trace-warnings ...` to show where the warning was created)
✔ suppression uses a canonical case-insensitive email (0.98473ms)
✔ email engagement state never downgrades terminal statuses (0.211908ms)
✔ all provider suppression events classify as suppressing (0.289755ms)
(node:3453) ExperimentalWarning: `--experimental-loader` may be removed in the future; instead use `register()`:
--import 'data:text/javascript,import { register } from "node:module"; import { pathToFileURL } from "node:url"; register("./test-loader.mjs", pathToFileURL("./"));'
(Use `node --trace-warnings ...` to show where the warning was created)
✔ entity labels trim identity and prefer company before contact (0.705657ms)
(node:3462) ExperimentalWarning: `--experimental-loader` may be removed in the future; instead use `register()`:
--import 'data:text/javascript,import { register } from "node:module"; import { pathToFileURL } from "node:url"; register("./test-loader.mjs", pathToFileURL("./"));'
(Use `node --trace-warnings ...` to show where the warning was created)
✔ an Express flyer request returns 503 and records one correlatable 5xx event (48.206473ms)
(node:3472) ExperimentalWarning: `--experimental-loader` may be removed in the future; instead use `register()`:
--import 'data:text/javascript,import { register } from "node:module"; import { pathToFileURL } from "node:url"; register("./test-loader.mjs", pathToFileURL("./"));'
(Use `node --trace-warnings ...` to show where the warning was created)
✔ production flyer renderer defaults are pinned to two concurrent renders and 30 seconds (0.861368ms)
✔ flyer rendering keeps five queued requests at a maximum concurrency of two (26.720762ms)
✔ a flyer render timeout is represented as a 503 error and retains its active slot (26.252142ms)
✔ five callers receive 503 by their enqueue deadline when the two active renders never settle (9.185098ms)
✔ flyer renderer refuses a configuration above the two-render safety cap (0.19225ms)
(node:3486) ExperimentalWarning: `--experimental-loader` may be removed in the future; instead use `register()`:
--import 'data:text/javascript,import { register } from "node:module"; import { pathToFileURL } from "node:url"; register("./test-loader.mjs", pathToFileURL("./"));'
(Use `node --trace-warnings ...` to show where the warning was created)
✔ 5xx recorder logs and persists request correlation fields and an error stack (3.465589ms)
✔ 5xx recorder deliberately ignores non-server responses (1.210766ms)
(node:3495) ExperimentalWarning: `--experimental-loader` may be removed in the future; instead use `register()`:
--import 'data:text/javascript,import { register } from "node:module"; import { pathToFileURL } from "node:url"; register("./test-loader.mjs", pathToFileURL("./"));'
(Use `node --trace-warnings ...` to show where the warning was created)
✔ matches an unassigned inbound lead older than 24 hours (0.590702ms)
✔ does not match a lead exactly at the 24-hour boundary (0.151053ms)
✔ does not match assigned, non-inbound, or recent leads (0.091208ms)
(node:3501) ExperimentalWarning: `--experimental-loader` may be removed in the future; instead use `register()`:
--import 'data:text/javascript,import { register } from "node:module"; import { pathToFileURL } from "node:url"; register("./test-loader.mjs", pathToFileURL("./"));'
(Use `node --trace-warnings ...` to show where the warning was created)
▶ New York inbound business hours
  ✔ respects weekdays, exact boundaries, DST and holidays (17.67813ms)
✔ New York inbound business hours (18.649977ms)
▶ inbound routing targets
  ✔ rings a known caller's assigned active rep only (0.770491ms)
  ✔ rings active forwarding reps for unknown callers or ring-all mode (0.115535ms)
  ✔ returns a simultaneous 20-second dial for known and unknown callers (3.376208ms)
  ✔ skips dialing after hours and records with the closed greeting (1.4665ms)
  ✔ rings priority reps sequentially, skipping inactive, merged, and unforwarded users (0.822259ms)
  ✔ uses audio when available and falls back to written greeting otherwise (0.626017ms)
✔ inbound routing targets (7.734418ms)
(node:3512) ExperimentalWarning: `--experimental-loader` may be removed in the future; instead use `register()`:
--import 'data:text/javascript,import { register } from "node:module"; import { pathToFileURL } from "node:url"; register("./test-loader.mjs", pathToFileURL("./"));'
(Use `node --trace-warnings ...` to show where the warning was created)
✔ names the first missing or invalid Twilio setting (0.696851ms)
✔ reports detailed integration presence and caches token mint (0.436805ms)
✔ times out token mint with a safe reason (5.448586ms)
✔ lists both owned numbers when both roles use the business line (1.212484ms)
✔ reports split configured roles across owned numbers (0.133357ms)
✔ keeps selected sender role visible when the sender is unowned (0.109406ms)
(node:3521) ExperimentalWarning: `--experimental-loader` may be removed in the future; instead use `register()`:
--import 'data:text/javascript,import { register } from "node:module"; import { pathToFileURL } from "node:url"; register("./test-loader.mjs", pathToFileURL("./"));'
(Use `node --trace-warnings ...` to show where the warning was created)
✔ lead search matches company-table identity in one correlated SQL query (881.662634ms)
(node:3521) ExperimentalWarning: `--experimental-loader` may be removed in the future; instead use `register()`:
--import 'data:text/javascript,import { register } from "node:module"; import { pathToFileURL } from "node:url"; register("./test-loader.mjs", pathToFileURL("./"));'
(Use `node --trace-warnings ...` to show where the warning was created)
(node:3530) ExperimentalWarning: `--experimental-loader` may be removed in the future; instead use `register()`:
--import 'data:text/javascript,import { register } from "node:module"; import { pathToFileURL } from "node:url"; register("./test-loader.mjs", pathToFileURL("./"));'
(Use `node --trace-warnings ...` to show where the warning was created)
✔ CSV lead import parser keeps vertical column values (1.695517ms)
✔ CSV buffer parsing does not load the optional ExcelJS parser (0.733466ms)
✔ Excel buffer parsing lazily loads ExcelJS and preserves normalized rows (580.013426ms)
✔ lead import resolves an explicitly mapped vertical source column (0.673717ms)
✔ known verticals normalize to canonical values and unknown values remain intact (0.161255ms)
(node:3547) ExperimentalWarning: `--experimental-loader` may be removed in the future; instead use `register()`:
--import 'data:text/javascript,import { register } from "node:module"; import { pathToFileURL } from "node:url"; register("./test-loader.mjs", pathToFileURL("./"));'
(Use `node --trace-warnings ...` to show where the warning was created)
(node:3547) ExperimentalWarning: `--experimental-loader` may be removed in the future; instead use `register()`:
--import 'data:text/javascript,import { register } from "node:module"; import { pathToFileURL } from "node:url"; register("./test-loader.mjs", pathToFileURL("./"));'
(Use `node --trace-warnings ...` to show where the warning was created)
✔ deal contact SMS target uses application-scoped consent and never sends without consent (77.179697ms)
(node:3559) ExperimentalWarning: `--experimental-loader` may be removed in the future; instead use `register()`:
--import 'data:text/javascript,import { register } from "node:module"; import { pathToFileURL } from "node:url"; register("./test-loader.mjs", pathToFileURL("./"));'
(Use `node --trace-warnings ...` to show where the warning was created)
(node:3559) ExperimentalWarning: `--experimental-loader` may be removed in the future; instead use `register()`:
--import 'data:text/javascript,import { register } from "node:module"; import { pathToFileURL } from "node:url"; register("./test-loader.mjs", pathToFileURL("./"));'
(Use `node --trace-warnings ...` to show where the warning was created)
✔ GET /api/leads?stale=true returns only stale assigned leads for an admin (1367.76676ms)
✔ ordinary company search selects IDs before relational hydration (33.099525ms)
✔ POST /api/leads/capture/elementor is absent and does not invoke a handler (16.182759ms)
(node:3575) ExperimentalWarning: `--experimental-loader` may be removed in the future; instead use `register()`:
--import 'data:text/javascript,import { register } from "node:module"; import { pathToFileURL } from "node:url"; register("./test-loader.mjs", pathToFileURL("./"));'
(Use `node --trace-warnings ...` to show where the warning was created)
✔ context carries criteria, provenance, stipulations, and points (5.42403ms)
✔ prompt forbids ranking unknown dimensions and requires citations (0.274859ms)
✔ recommendations without a criterion or exact document gap are rejected (0.209626ms)
✔ free-text context is redacted before it reaches the prompt (0.347608ms)
✔ text recommendations must cite criteria and available document gaps (1.185225ms)
✔ document readiness uses categories and preserves personal/joint document gaps (0.397594ms)
✔ unknown required document remains a gap unless its exact label is present (0.287086ms)
(node:3583) ExperimentalWarning: `--experimental-loader` may be removed in the future; instead use `register()`:
--import 'data:text/javascript,import { register } from "node:module"; import { pathToFileURL } from "node:url"; register("./test-loader.mjs", pathToFileURL("./"));'
(Use `node --trace-warnings ...` to show where the warning was created)
✔ lender-package route exposes safe renderer reason and logs the full error (18.873098ms)
✔ lender-package route returns the no_application reason without rendering (0.559522ms)
(node:3583) ExperimentalWarning: `--experimental-loader` may be removed in the future; instead use `register()`:
--import 'data:text/javascript,import { register } from "node:module"; import { pathToFileURL } from "node:url"; register("./test-loader.mjs", pathToFileURL("./"));'
(Use `node --trace-warnings ...` to show where the warning was created)
✔ omission report paginates instead of failing on many excluded documents (413.348339ms)
✔ native cover uses branded rep email and polished cover values (183.875008ms)
✔ selection uses persisted document categories and orders underwriting documents (0.955034ms)
✔ selected package honors unchecked cover/application sections and the caller's document order (32.170728ms)
✔ selected package normalizes scrambled cross-category IDs but retains each category's chosen order (21.522307ms)
✔ selected package rejects document IDs belonging to another lead (2.103651ms)
✔ lender-package rendering includes supplied primary and secondary owner SSNs (1240.112813ms)
✔ the retired maskSsn input is rejected while legacy saved configs are normalized (1.627904ms)
✔ an assigned rep's selected-package route decrypts full SSNs and audits sensitivity without logging values (1177.535558ms)
✔ the standard lender-package download decrypts both owner SSNs only after lead authorization (1802.186749ms)
✔ baseline application has two pages; exactly two statements append in upload order with safe footers (38.992444ms)
✔ native package includes three rep-uploaded statements and an invoice with Puppeteer unavailable (1669.851643ms)
✔ malformed and excluded files are skipped and every exclusion is named on the final page (1334.180654ms)
✔ statement copy failures become exclusions without partially appended pages (10.443924ms)
✔ a configurable small package cap prunes the largest statement (57.052192ms)
✔ failed oversized transfers debit actual bytes and stop later downloads (27.116495ms)
✔ rep access uses the documents route's 403 denial semantics (0.254548ms)
✔ admin can download any lead, audits the successful export, and sanitizes Unicode footer email (6.2431ms)
(node:3591) ExperimentalWarning: `--experimental-loader` may be removed in the future; instead use `register()`:
--import 'data:text/javascript,import { register } from "node:module"; import { pathToFileURL } from "node:url"; register("./test-loader.mjs", pathToFileURL("./"));'
(Use `node --trace-warnings ...` to show where the warning was created)
✔ lender package reasons do not expose arbitrary server errors (0.686802ms)
(node:3603) ExperimentalWarning: `--experimental-loader` may be removed in the future; instead use `register()`:
--import 'data:text/javascript,import { register } from "node:module"; import { pathToFileURL } from "node:url"; register("./test-loader.mjs", pathToFileURL("./"));'
(Use `node --trace-warnings ...` to show where the warning was created)
(node:3603) ExperimentalWarning: `--experimental-loader` may be removed in the future; instead use `register()`:
--import 'data:text/javascript,import { register } from "node:module"; import { pathToFileURL } from "node:url"; register("./test-loader.mjs", pathToFileURL("./"));'
(Use `node --trace-warnings ...` to show where the warning was created)
✔ seed-new route requires an authenticated admin (46.256704ms)
✔ seed-new route returns the exact shared operation summary, including missing update names (16.206218ms)
Failed to seed new lenders Error: database unavailable
    at seedNewLenders (file:///tmp/predeploy-c6fc40f-source/artifacts/api-server/src/lib/lenderSeedRoutes.test.ts:108:13)
    at file:///tmp/predeploy-c6fc40f-source/artifacts/api-server/src/routes/lenders.ts:558:28
    at process.processTicksAndRejections (node:internal/process/task_queues:103:5)
✔ seed-new route returns 500 when the shared operation fails (5.250669ms)
(node:3620) ExperimentalWarning: `--experimental-loader` may be removed in the future; instead use `register()`:
--import 'data:text/javascript,import { register } from "node:module"; import { pathToFileURL } from "node:url"; register("./test-loader.mjs", pathToFileURL("./"));'
(Use `node --trace-warnings ...` to show where the warning was created)
✔ submission request validation returns a named 400 before package work (4.808566ms)
✔ a concurrent second submission is denied by the held advisory lock before email send (19.307298ms)
✔ a post-SendGrid transaction failure leaves a durable receipt and refuses a second email (1.442731ms)
✔ a known SendGrid failure releases the receipt so a retry may send (1.481414ms)
✔ a thrown network error leaves an uncertain receipt and blocks a second email (1.068059ms)
✔ submission lock is released when immutable package storage fails before email (1.166827ms)
✔ submission re-download returns the immutable stored bytes after verifying its hash (1.169119ms)
✔ submission stores exactly the emailed attachment with config/hash metadata before immutable re-download (12.550534ms)
✔ lender submission decrypts full SSNs for package assembly without placing values in audit metadata (2.629731ms)
✔ an assigned rep may download a full-SSN immutable package under the normal lead authorization rule (1.623203ms)
✔ exact-package download refuses a corrupt stored object (0.805069ms)
✔ lender submission denies a rep with a lead assigned to another rep (0.156597ms)
✔ lender submission refuses a duplicate inside the rolling 24-hour window (0.156082ms)
✔ successful lender submission creates a Submitted deal when one is absent (0.720402ms)
✔ successful lender submission moves an existing active deal to Submitted and links its row (0.847449ms)
✔ lender submission SendGrid mock receives the built PDF, recipient, rep CC, and exact subject (0.656854ms)
✔ submission status and notes changes persist with activity logging in one transaction (1.262083ms)
(node:3620) ExperimentalWarning: `--experimental-loader` may be removed in the future; instead use `register()`:
--import 'data:text/javascript,import { register } from "node:module"; import { pathToFileURL } from "node:url"; register("./test-loader.mjs", pathToFileURL("./"));'
(Use `node --trace-warnings ...` to show where the warning was created)
(node:3637) ExperimentalWarning: `--experimental-loader` may be removed in the future; instead use `register()`:
--import 'data:text/javascript,import { register } from "node:module"; import { pathToFileURL } from "node:url"; register("./test-loader.mjs", pathToFileURL("./"));'
(Use `node --trace-warnings ...` to show where the warning was created)
✔ manual submission persists source manual and writes its activity (1.046041ms)
(node:3645) ExperimentalWarning: `--experimental-loader` may be removed in the future; instead use `register()`:
--import 'data:text/javascript,import { register } from "node:module"; import { pathToFileURL } from "node:url"; register("./test-loader.mjs", pathToFileURL("./"));'
(Use `node --trace-warnings ...` to show where the warning was created)
✔ an 8-month working-capital lead includes Thoro and excludes Dexly on TIB (18.177814ms)
✔ a 24-month, $250,000 working-capital lead includes Dexly (0.537149ms)
✔ missing required criteria exclude a lender (0.18541ms)
✔ documented equipment restrictions exclude a conflicting equipment file (0.160938ms)
✔ incomplete equipment facts cannot silently clear documented restrictions (0.171771ms)
✔ missing amount, TIB, state, and generic Other industry cannot clear structured gates (0.176043ms)
✔ application estimated score band is used only when actual score is absent (0.177396ms)
✔ actual lead credit score overrides application estimated score (0.128106ms)
✔ application business start month supplies time in business when company data is absent (0.251804ms)
✔ company time in business overrides application business start date (0.235139ms)
✔ an equipment trucking lead matches only lenders allowed by structured criteria (1.731687ms)
✔ batch 2 startup, monthly revenue, industry, and financial-statement gates use structured criteria (2.423426ms)
✔ product-scoped revenue gates and all-program industry restrictions apply correctly (0.759637ms)
✔ Section D Fenix and AFG packet scenarios use production seed rows and matcher (7.927033ms)
✔ Maxim uses state/amount/TIB gates, ignores FICO, and requires collateral for WC (1.059829ms)
✔ AFG vocational exceptions are scoped to equipment applications (0.129638ms)
✔ AFG tow-truck exclusion considers company and application signals (0.260108ms)
✔ AFG restricted trucking exceptions cannot be used by working-capital applications (0.180172ms)
✔ AFG tow exclusion ignores incidental towing equipment language (0.104489ms)
✔ rep-facing DKW fixture ranks approval before points and speed (0.438514ms)
✔ Godspeed approval evidence exposes Maxim C1 down-payment range and points (0.43891ms)
✔ generic lender notes never leak a captured approval tier to another lead (0.092567ms)
✔ Maxim points are a documented deal-specific upper bound, not compensation.max (0.269652ms)
✔ Enviro-Care below AFG equipment minimum is explicitly excluded (0.11359ms)
✔ document gaps use categories and statement count without treating one bank statement as three (0.530991ms)
✔ a current business statement reconciles a stale personal-only persisted gap (0.153897ms)
(node:3653) ExperimentalWarning: `--experimental-loader` may be removed in the future; instead use `register()`:
--import 'data:text/javascript,import { register } from "node:module"; import { pathToFileURL } from "node:url"; register("./test-loader.mjs", pathToFileURL("./"));'
(Use `node --trace-warnings ...` to show where the warning was created)
✔ migration runner applies a new file once and skips it on the second run (11.496898ms)
✔ migration runner reports a checksum mismatch without rerunning the file (4.344884ms)
✔ schema boot line reports zero applied migrations (0.222496ms)
✔ schema boot line lists pending migration names (0.301382ms)
✔ dry run treats a wrapped missing-ledger error as a first run (5.081926ms)
(node:3675) ExperimentalWarning: `--experimental-loader` may be removed in the future; instead use `register()`:
--import 'data:text/javascript,import { register } from "node:module"; import { pathToFileURL } from "node:url"; register("./test-loader.mjs", pathToFileURL("./"));'
(Use `node --trace-warnings ...` to show where the warning was created)
✔ assignment destination SQL includes every active non-pending non-merged staff role (1.869929ms)
✔ campaign deals default is unrestricted; open/exclude use complementary correlated existence (1.79694ms)
✔ lead list accepts exact imported source values without changing their spelling (423.534736ms)
(node:3675) ExperimentalWarning: `--experimental-loader` may be removed in the future; instead use `register()`:
--import 'data:text/javascript,import { register } from "node:module"; import { pathToFileURL } from "node:url"; register("./test-loader.mjs", pathToFileURL("./"));'
(Use `node --trace-warnings ...` to show where the warning was created)
(node:3693) ExperimentalWarning: `--experimental-loader` may be removed in the future; instead use `register()`:
--import 'data:text/javascript,import { register } from "node:module"; import { pathToFileURL } from "node:url"; register("./test-loader.mjs", pathToFileURL("./"));'
(Use `node --trace-warnings ...` to show where the warning was created)
✔ seed literals have the exact mapped fields and exhaustive structured notes (1.441582ms)
✔ new lender seeds have one entry per lender and the seed plan is idempotent (0.33016ms)
✔ a later existing-lender packet takes precedence over overlapping seed fields (0.237252ms)
✔ the Section A seed literals preserve exact mapped fields, contacts, nulls, and notes (0.582176ms)
✔ seed insert mapping carries explicit contacts and position caps without name special cases (0.347727ms)
✔ supported document fields are populated only where the packet states them (0.333284ms)
✔ the pure exact-name planner is idempotent and preserves existing names (0.219817ms)
✔ Section B update literals preserve the exact marker, source statements, and schema mappings (0.334928ms)
✔ Section B appends preserve old notes and contacts while restricting structured patches (0.211109ms)
✔ production executor creates first, then applies Section B updates with only AFG contact correction (2.526503ms)
✔ seed operation reports the unique configured lender inventory and updates (1.269546ms)
✔ production executor uses exact names and does not recreate a missing Section B lender (0.637635ms)
✔ structured gates backfill after an earlier packet marker and remain idempotent (0.721732ms)
✔ a prior packet marker without the new AFG marker is updated once and then unchanged (0.83788ms)
✔ prior packet inventory includes the new AFG update and three unapplied September 15 updates (1.232382ms)
✔ Section D seeds one missing lender and updates old AFG marker exactly once (0.850009ms)
✔ the original four-lender seed script remains byte-unchanged (7.903006ms)
(node:3699) ExperimentalWarning: `--experimental-loader` may be removed in the future; instead use `register()`:
--import 'data:text/javascript,import { register } from "node:module"; import { pathToFileURL } from "node:url"; register("./test-loader.mjs", pathToFileURL("./"));'
(Use `node --trace-warnings ...` to show where the warning was created)
✔ legacy deal numbers cannot reappear in notification titles or descriptions (28.767443ms)
✔ the generated client's exact notification payload matches the query schema (1.229685ms)
✔ rep can list, click through, mark read, and mark all read without changing another user's rows (17.709201ms)
✔ admin can list, click through, mark read, and mark all read without changing another user's rows (20.644633ms)
(node:3699) ExperimentalWarning: `--experimental-loader` may be removed in the future; instead use `register()`:
--import 'data:text/javascript,import { register } from "node:module"; import { pathToFileURL } from "node:url"; register("./test-loader.mjs", pathToFileURL("./"));'
(Use `node --trace-warnings ...` to show where the warning was created)
(node:3717) ExperimentalWarning: `--experimental-loader` may be removed in the future; instead use `register()`:
--import 'data:text/javascript,import { register } from "node:module"; import { pathToFileURL } from "node:url"; register("./test-loader.mjs", pathToFileURL("./"));'
(Use `node --trace-warnings ...` to show where the warning was created)
✔ notification delivery attempts Expo and web channels independently (7.577201ms)
(node:3717) ExperimentalWarning: `--experimental-loader` may be removed in the future; instead use `register()`:
--import 'data:text/javascript,import { register } from "node:module"; import { pathToFileURL } from "node:url"; register("./test-loader.mjs", pathToFileURL("./"));'
(Use `node --trace-warnings ...` to show where the warning was created)
(node:3725) ExperimentalWarning: `--experimental-loader` may be removed in the future; instead use `register()`:
--import 'data:text/javascript,import { register } from "node:module"; import { pathToFileURL } from "node:url"; register("./test-loader.mjs", pathToFileURL("./"));'
(Use `node --trace-warnings ...` to show where the warning was created)
✔ broker-out matches are grouped as super-broker options (0.562044ms)
✔ broker-in split math exposes gross, referral, and net GM (0.560567ms)
✔ split math clamps malformed percentages (0.092576ms)
✔ missing referral data produces a numeric zero instead of NaN (0.071151ms)
(node:3733) ExperimentalWarning: `--experimental-loader` may be removed in the future; instead use `register()`:
--import 'data:text/javascript,import { register } from "node:module"; import { pathToFileURL } from "node:url"; register("./test-loader.mjs", pathToFileURL("./"));'
(Use `node --trace-warnings ...` to show where the warning was created)
✔ native PDF is healthy without Chromium; failed launches are cached for ten minutes (30.924511ms)
✔ successful probe closes browser and uses bounded launch options (8.789419ms)
✔ probe times out and still closes a late browser (41.977689ms)
(node:3741) ExperimentalWarning: `--experimental-loader` may be removed in the future; instead use `register()`:
--import 'data:text/javascript,import { register } from "node:module"; import { pathToFileURL } from "node:url"; register("./test-loader.mjs", pathToFileURL("./"));'
(Use `node --trace-warnings ...` to show where the warning was created)
[22:11:36.490] [33mWARN[39m (3741): [36mNon-fatal unhandled promise rejection; keeping process alive[39m
    [35mstack[39m: "Error: expected background cancellation\n    at TestContext.<anonymous> (file:///tmp/predeploy-c6fc40f-source/artifacts/api-server/src/lib/processHandlers.test.ts:11:33)\n    at Test.runInAsyncScope (node:async_hooks:214:14)\n    at Test.run (node:internal/test_runner/test:1106:25)\n    at Test.start (node:internal/test_runner/test:1003:17)\n    at startSubtestAfterBootstrap (node:internal/test_runner/harness:358:17)\n    at process.processTicksAndRejections (node:internal/process/task_queues:103:5)"
    err: {
      "type": "Error",
      "message": "expected background cancellation",
      "stack":
          Error: expected background cancellation
              at TestContext.<anonymous> (file:///tmp/predeploy-c6fc40f-source/artifacts/api-server/src/lib/processHandlers.test.ts:11:33)
              at Test.runInAsyncScope (node:async_hooks:214:14)
              at Test.run (node:internal/test_runner/test:1106:25)
              at Test.start (node:internal/test_runner/test:1003:17)
              at startSubtestAfterBootstrap (node:internal/test_runner/harness:358:17)
              at process.processTicksAndRejections (node:internal/process/task_queues:103:5)
    }
[22:11:36.494] [41mFATAL[49m (3741): [36mFATAL: Unhandled promise rejection; exiting[39m
    [35mstack[39m: "Error: unexpected failure\n    at TestContext.<anonymous> (file:///tmp/predeploy-c6fc40f-source/artifacts/api-server/src/lib/processHandlers.test.ts:25:28)\n    at Test.runInAsyncScope (node:async_hooks:214:14)\n    at Test.run (node:internal/test_runner/test:1106:25)\n    at Test.processPendingSubtests (node:internal/test_runner/test:788:18)\n    at Test.postRun (node:internal/test_runner/test:1235:19)\n    at Test.run (node:internal/test_runner/test:1163:12)\n    at process.processTicksAndRejections (node:internal/process/task_queues:103:5)\n    at async startSubtestAfterBootstrap (node:internal/test_runner/harness:358:3)"
    err: {
      "type": "Error",
      "message": "unexpected failure",
      "stack":
          Error: unexpected failure
              at TestContext.<anonymous> (file:///tmp/predeploy-c6fc40f-source/artifacts/api-server/src/lib/processHandlers.test.ts:25:28)
              at Test.runInAsyncScope (node:async_hooks:214:14)
              at Test.run (node:internal/test_runner/test:1106:25)
              at Test.processPendingSubtests (node:internal/test_runner/test:788:18)
              at Test.postRun (node:internal/test_runner/test:1235:19)
              at Test.run (node:internal/test_runner/test:1163:12)
              at process.processTicksAndRejections (node:internal/process/task_queues:103:5)
              at async startSubtestAfterBootstrap (node:internal/test_runner/harness:358:3)
    }
[22:11:36.612] [41mFATAL[49m (3741): [36mFATAL: Uncaught exception; exiting[39m
    [35mstack[39m: "Error: unexpected exception\n    at TestContext.<anonymous> (file:///tmp/predeploy-c6fc40f-source/artifacts/api-server/src/lib/processHandlers.test.ts:35:27)\n    at Test.runInAsyncScope (node:async_hooks:214:14)\n    at Test.run (node:internal/test_runner/test:1106:25)\n    at Test.processPendingSubtests (node:internal/test_runner/test:788:18)\n    at Test.postRun (node:internal/test_runner/test:1235:19)\n    at Test.run (node:internal/test_runner/test:1163:12)\n    at process.processTicksAndRejections (node:internal/process/task_queues:103:5)\n    at async Test.processPendingSubtests (node:internal/test_runner/test:788:7)"
    [35morigin[39m: "uncaughtException"
    err: {
      "type": "Error",
      "message": "unexpected exception",
      "stack":
          Error: unexpected exception
              at TestContext.<anonymous> (file:///tmp/predeploy-c6fc40f-source/artifacts/api-server/src/lib/processHandlers.test.ts:35:27)
              at Test.runInAsyncScope (node:async_hooks:214:14)
              at Test.run (node:internal/test_runner/test:1106:25)
              at Test.processPendingSubtests (node:internal/test_runner/test:788:18)
              at Test.postRun (node:internal/test_runner/test:1235:19)
              at Test.run (node:internal/test_runner/test:1163:12)
              at process.processTicksAndRejections (node:internal/process/task_queues:103:5)
              at async Test.processPendingSubtests (node:internal/test_runner/test:788:7)
    }
✔ only explicitly marked promise rejections keep the process alive (3.792046ms)
✔ unknown promise rejections are fatal (117.729799ms)
✔ unknown uncaught exceptions are fatal (2.293279ms)
✔ explicitly marked uncaught exceptions keep the process alive (0.256066ms)
(node:3741) ExperimentalWarning: `--experimental-loader` may be removed in the future; instead use `register()`:
--import 'data:text/javascript,import { register } from "node:module"; import { pathToFileURL } from "node:url"; register("./test-loader.mjs", pathToFileURL("./"));'
(Use `node --trace-warnings ...` to show where the warning was created)
[22:11:36.614] [33mWARN[39m (3741): [36mNon-fatal uncaught exception; keeping process alive[39m
    [35mstack[39m: "Error: expected isolated exception\n    at TestContext.<anonymous> (file:///tmp/predeploy-c6fc40f-source/artifacts/api-server/src/lib/processHandlers.test.ts:46:18)\n    at Test.runInAsyncScope (node:async_hooks:214:14)\n    at Test.run (node:internal/test_runner/test:1106:25)\n    at Test.processPendingSubtests (node:internal/test_runner/test:788:18)\n    at Test.postRun (node:internal/test_runner/test:1235:19)\n    at Test.run (node:internal/test_runner/test:1163:12)\n    at process.processTicksAndRejections (node:internal/process/task_queues:103:5)\n    at async Test.processPendingSubtests (node:internal/test_runner/test:788:7)"
    [35morigin[39m: "uncaughtException"
    err: {
      "type": "Error",
      "message": "expected isolated exception",
      "stack":
          Error: expected isolated exception
              at TestContext.<anonymous> (file:///tmp/predeploy-c6fc40f-source/artifacts/api-server/src/lib/processHandlers.test.ts:46:18)
              at Test.runInAsyncScope (node:async_hooks:214:14)
              at Test.run (node:internal/test_runner/test:1106:25)
              at Test.processPendingSubtests (node:internal/test_runner/test:788:18)
              at Test.postRun (node:internal/test_runner/test:1235:19)
              at Test.run (node:internal/test_runner/test:1163:12)
              at process.processTicksAndRejections (node:internal/process/task_queues:103:5)
              at async Test.processPendingSubtests (node:internal/test_runner/test:788:7)
    }
(node:3756) ExperimentalWarning: `--experimental-loader` may be removed in the future; instead use `register()`:
--import 'data:text/javascript,import { register } from "node:module"; import { pathToFileURL } from "node:url"; register("./test-loader.mjs", pathToFileURL("./"));'
(Use `node --trace-warnings ...` to show where the warning was created)
✔ production closeout route requires an authenticated admin (34.479182ms)
✔ production closeout route returns the same shared lender operation result (6.662231ms)
Failed to run production closeout Error: closeout unavailable
    at runProductionCloseout (file:///tmp/predeploy-c6fc40f-source/artifacts/api-server/src/lib/productionCloseoutRoute.test.ts:126:13)
    at file:///tmp/predeploy-c6fc40f-source/artifacts/api-server/src/routes/adminProductionCloseout.ts:41:28
    at process.processTicksAndRejections (node:internal/process/task_queues:103:5)
✔ production closeout route preserves operation failure results and handles unexpected 500s (11.848513ms)
(node:3756) ExperimentalWarning: `--experimental-loader` may be removed in the future; instead use `register()`:
--import 'data:text/javascript,import { register } from "node:module"; import { pathToFileURL } from "node:url"; register("./test-loader.mjs", pathToFileURL("./"));'
(Use `node --trace-warnings ...` to show where the warning was created)
(node:3770) ExperimentalWarning: `--experimental-loader` may be removed in the future; instead use `register()`:
--import 'data:text/javascript,import { register } from "node:module"; import { pathToFileURL } from "node:url"; register("./test-loader.mjs", pathToFileURL("./"));'
(Use `node --trace-warnings ...` to show where the warning was created)
✔ production closeout executes operations in the required order (1.833253ms)
✔ production closeout stops on the first failure and reports skipped operations (0.526833ms)
(node:3789) ExperimentalWarning: `--experimental-loader` may be removed in the future; instead use `register()`:
--import 'data:text/javascript,import { register } from "node:module"; import { pathToFileURL } from "node:url"; register("./test-loader.mjs", pathToFileURL("./"));'
(Use `node --trace-warnings ...` to show where the warning was created)
✔ public application, status, chooser, and unsubscribe page markup has no placeholder contacts (9.716834ms)
✔ rendered applicant-facing emails and voicemail follow-up SMS never contain placeholder contacts (5.126793ms)
(node:3789) ExperimentalWarning: `--experimental-loader` may be removed in the future; instead use `register()`:
--import 'data:text/javascript,import { register } from "node:module"; import { pathToFileURL } from "node:url"; register("./test-loader.mjs", pathToFileURL("./"));'
(Use `node --trace-warnings ...` to show where the warning was created)
(node:3790) ExperimentalWarning: `--experimental-loader` may be removed in the future; instead use `register()`:
--import 'data:text/javascript,import { register } from "node:module"; import { pathToFileURL } from "node:url"; register("./test-loader.mjs", pathToFileURL("./"));'
(Use `node --trace-warnings ...` to show where the warning was created)
✔ CRM notification types map to their exact preference events (0.674426ms)
✔ generic status_changed notifications do not infer a browser event (0.102171ms)
✔ push master-off suppresses web push while event preference remains independent (0.087733ms)
✔ expired web-push responses are prunable, other failures are retained (0.17128ms)
(node:3790) ExperimentalWarning: `--experimental-loader` may be removed in the future; instead use `register()`:
--import 'data:text/javascript,import { register } from "node:module"; import { pathToFileURL } from "node:url"; register("./test-loader.mjs", pathToFileURL("./"));'
(Use `node --trace-warnings ...` to show where the warning was created)
(node:3807) ExperimentalWarning: `--experimental-loader` may be removed in the future; instead use `register()`:
--import 'data:text/javascript,import { register } from "node:module"; import { pathToFileURL } from "node:url"; register("./test-loader.mjs", pathToFileURL("./"));'
(Use `node --trace-warnings ...` to show where the warning was created)
✔ authenticated subscription route round-trips through upsert and unsubscribe handlers (79.79329ms)
✔ push subscription origins accept known providers and reject lookalikes/insecure URLs (1.08654ms)
✔ concurrent first claims of one endpoint cannot transfer its owner (18.029761ms)
(node:3807) ExperimentalWarning: `--experimental-loader` may be removed in the future; instead use `register()`:
--import 'data:text/javascript,import { register } from "node:module"; import { pathToFileURL } from "node:url"; register("./test-loader.mjs", pathToFileURL("./"));'
(Use `node --trace-warnings ...` to show where the warning was created)
(node:3821) ExperimentalWarning: `--experimental-loader` may be removed in the future; instead use `register()`:
--import 'data:text/javascript,import { register } from "node:module"; import { pathToFileURL } from "node:url"; register("./test-loader.mjs", pathToFileURL("./"));'
(Use `node --trace-warnings ...` to show where the warning was created)
✔ server rate points calculation matches Maxim fixture (1.920382ms)
✔ server calculation accounts for payment in advance (0.16645ms)
(node:3829) ExperimentalWarning: `--experimental-loader` may be removed in the future; instead use `register()`:
--import 'data:text/javascript,import { register } from "node:module"; import { pathToFileURL } from "node:url"; register("./test-loader.mjs", pathToFileURL("./"));'
(Use `node --trace-warnings ...` to show where the warning was created)
✔ Ray reserved email mapping is exact and old Rahmare mapping is gone (0.623054ms)
✔ Ray greeting fallback uses the canonical display name (0.18618ms)
✔ QR generators receive canonical web payloads through injected spies (1.007684ms)
(node:3829) ExperimentalWarning: `--experimental-loader` may be removed in the future; instead use `register()`:
--import 'data:text/javascript,import { register } from "node:module"; import { pathToFileURL } from "node:url"; register("./test-loader.mjs", pathToFileURL("./"));'
(Use `node --trace-warnings ...` to show where the warning was created)
✔ injected QR router serves the expected binary content types (41.791789ms)
(node:3846) ExperimentalWarning: `--experimental-loader` may be removed in the future; instead use `register()`:
--import 'data:text/javascript,import { register } from "node:module"; import { pathToFileURL } from "node:url"; register("./test-loader.mjs", pathToFileURL("./"));'
(Use `node --trace-warnings ...` to show where the warning was created)
✔ retirement auth is admin-only and generic PUT requires retirement for an existing slug (3.066499ms)
✔ retirement is idempotent and permanently reserves the prior slug (1.929129ms)
✔ retirement rejects active and retired targets (1.007509ms)
✔ failed update rolls back reservation and never writes history (0.584528ms)
(node:3846) ExperimentalWarning: `--experimental-loader` may be removed in the future; instead use `register()`:
--import 'data:text/javascript,import { register } from "node:module"; import { pathToFileURL } from "node:url"; register("./test-loader.mjs", pathToFileURL("./"));'
(Use `node --trace-warnings ...` to show where the warning was created)
✔ retired public resolver responds with a canonical 301 (51.196976ms)
(node:3866) ExperimentalWarning: `--experimental-loader` may be removed in the future; instead use `register()`:
--import 'data:text/javascript,import { register } from "node:module"; import { pathToFileURL } from "node:url"; register("./test-loader.mjs", pathToFileURL("./"));'
(Use `node --trace-warnings ...` to show where the warning was created)
✔ safe auth lookup preserves an initialized user id (0.581128ms)
✔ safe auth lookup does not mask an earlier request error (0.114719ms)
(node:3867) ExperimentalWarning: `--experimental-loader` may be removed in the future; instead use `register()`:
--import 'data:text/javascript,import { register } from "node:module"; import { pathToFileURL } from "node:url"; register("./test-loader.mjs", pathToFileURL("./"));'
(Use `node --trace-warnings ...` to show where the warning was created)
✔ admin errors page rejects malformed input with its field (2.359448ms)
✔ governance purge confirmation rejects malformed input with its field (0.543898ms)
✔ analytics rep rejects malformed input with its field (0.488459ms)
✔ credit log date rejects malformed input with its field (0.813575ms)
✔ deal list sort rejects malformed input with its field (1.055311ms)
✔ lead list status rejects malformed input with its field (1.789987ms)
✔ notification page rejects malformed input with its field (0.591756ms)
✔ PII log category rejects malformed input with its field (0.439632ms)
(node:3867) ExperimentalWarning: `--experimental-loader` may be removed in the future; instead use `register()`:
--import 'data:text/javascript,import { register } from "node:module"; import { pathToFileURL } from "node:url"; register("./test-loader.mjs", pathToFileURL("./"));'
(Use `node --trace-warnings ...` to show where the warning was created)
(node:3885) ExperimentalWarning: `--experimental-loader` may be removed in the future; instead use `register()`:
--import 'data:text/javascript,import { register } from "node:module"; import { pathToFileURL } from "node:url"; register("./test-loader.mjs", pathToFileURL("./"));'
(Use `node --trace-warnings ...` to show where the warning was created)
✔ boot-critical routes precede Clerk and global validation middleware (0.777908ms)
(node:3885) ExperimentalWarning: `--experimental-loader` may be removed in the future; instead use `register()`:
--import 'data:text/javascript,import { register } from "node:module"; import { pathToFileURL } from "node:url"; register("./test-loader.mjs", pathToFileURL("./"));'
(Use `node --trace-warnings ...` to show where the warning was created)
[22:11:42.767] [32mINFO[39m (3885): [36mSENTRY_DSN not set — Sentry error tracking disabled[39m
[22:11:42.775] [32mINFO[39m (3885): [36mClerk production proxy FAPI host resolved[39m
    [35mclerkFapiHost[39m: "frontend-api.clerk.dev"
    [35mpublishableKeyHost[39m: "select-humpback-65.clerk.accounts.dev"
    [35mpublishableKeyPrefix[39m: "pk_test"
    [35msecretKeyPrefix[39m: "sk_test"
    [35mproxyRevision[39m: "2026-09-19.1"
(node:3898) ExperimentalWarning: `--experimental-loader` may be removed in the future; instead use `register()`:
--import 'data:text/javascript,import { register } from "node:module"; import { pathToFileURL } from "node:url"; register("./test-loader.mjs", pathToFileURL("./"));'
(Use `node --trace-warnings ...` to show where the warning was created)
✔ proxy forwards signed raw bytes and preserves host and one-hop forwarding headers (30.300941ms)
✔ proxy streams headers and response chunks before the upstream finishes (16.89373ms)
✔ proxy returns an explicit 503 when the private runtime connection fails (11.970626ms)
✔ proxy forwards the socket address as a single fallback hop when X-Forwarded-For is absent (6.103117ms)
✔ proxy aborts the public response if an upstream stream fails after headers (18.615121ms)
✔ aborting the public response closes the corresponding upstream response (9.137482ms)
✔ aborting an incoming upload cancels the forwarded upstream request (5.373193ms)
(node:3911) ExperimentalWarning: `--experimental-loader` may be removed in the future; instead use `register()`:
--import 'data:text/javascript,import { register } from "node:module"; import { pathToFileURL } from "node:url"; register("./test-loader.mjs", pathToFileURL("./"));'
(Use `node --trace-warnings ...` to show where the warning was created)
{"applied":["037_partner_flows_and_texting.sql","047_partner_contacts_prerequisite.sql","038_partner_texting.sql","039_ridgestone_partner_profile.sql","040_release_schema_parity.sql","041_push_notifications.sql","042_push_delivery_ledger.sql","043_align_push_schema.sql","044_notification_delivery_claims.sql","045_application_equipment_category_homeowner.sql","046_complete_partner_contacts_recovery.sql","048_financing_campaign_draft.sql","049_lender_underwriting_intelligence.sql","050_lender_guideline_versions.sql","051_users_role_default_pending.sql","052_reusable_campaign_launcher.sql","053_campaign_preview_approval_snapshots.sql","054_campaign_preview_recipient_snapshots.sql","055_campaign_launch_execution_leases.sql","056_campaign_flyer.sql","057_telephony_settings.sql","058_telephony_business_defaults.sql","059_inbound_voice_settings.sql","060_inbound_voice_array_defaults.sql","061_telephony_completion.sql","062_email_readiness_daily_cap.sql","063_lead_vertical.sql","064_collateral_flyer_library.sql","065_campaign_flyer_link_vendor_template.sql","066_bundled_vendor_equipment_flyers.sql","067_campaign_attribution.sql","068_campaign_attribution_fk_names.sql"],"superseded":["036_partners_contacts.sql"],"alreadyApplied":["000_baseline.sql","001_create_credit_tables.sql","002_rep_slugs.sql","003_deals.sql","004_deal_intended_rep_slug.sql","005_lead_distribution_settings.sql","006_drip_sequence_ownership.sql","007_lead_staleness_threshold.sql","008_email_safety_settings.sql","009_email_send_failure_reason.sql","010_email_webhook_events.sql","011_email_rate_slots.sql","012_application_signature.sql","013_retired_rep_slugs.sql","014_application_optional_fields.sql","015_application_consent_text_version.sql","016_user_titles.sql","017_deal_notes_gm_split.sql","018_lender_matcher_gates.sql","019_document_categories.sql","020_lender_submissions.sql","021_lead_package_config.sql","022_lender_submission_package_snapshots.sql","023_routing_and_marketing_ownership.sql","024_email_compliance_daily_budget.sql","025_usfa_intake.sql","026_usfa_intake_runtime_support.sql","028_merge_going_to_funding_stage.sql","029_deal_approvals.sql","030_add_application_collateral.sql","031_collateral_library.sql","032_finance_application_collateral.sql","033_lender_submission_review_fields.sql","034_application_sms_consent.sql","035_user_identities.sql","036_partners_contacts.sql"],"schema":{"failed":null}}
✔ production-partial partner recovery reaches the current migration head (4781.165947ms)
✔ boot migration runner applies two pending files in numeric order and records them (4.863038ms)
✔ a failing second file keeps the first file applied and recorded (2.544225ms)
✔ a failed entry with a checksum mismatch is reported without retrying (3.81487ms)
✔ dry-run reads a legacy schema_migrations ledger without mutating it (3.352547ms)
✔ a mismatch blocks pending files collected before it (6.010257ms)
✔ a persisted checksum-matching non-duplicate failure remains failed and stops following files (156.481379ms)
✔ a failed migration reports prior applied work and boot still releases its coordinator (22.76186ms)
✔ a checksum-matching duplicate-object failure is superseded (13.18833ms)
✔ a timed-out advisory lock records degraded startup and releases the client (1.339822ms)
(node:3920) ExperimentalWarning: `--experimental-loader` may be removed in the future; instead use `register()`:
--import 'data:text/javascript,import { register } from "node:module"; import { pathToFileURL } from "node:url"; register("./test-loader.mjs", pathToFileURL("./"));'
(Use `node --trace-warnings ...` to show where the warning was created)
(node:3920) ExperimentalWarning: `--experimental-loader` may be removed in the future; instead use `register()`:
--import 'data:text/javascript,import { register } from "node:module"; import { pathToFileURL } from "node:url"; register("./test-loader.mjs", pathToFileURL("./"));'
(Use `node --trace-warnings ...` to show where the warning was created)
✔ scrub A fixture stores normalized EIN, server consent version, optional secondary owner, and both signature methods (63.553257ms)
✔ scrub A fixture reports named validation fields and creates the working-capital statement task (30.746188ms)
✔ scrub A migration dry-run discovers baseline then the append-only 001–022 set without writing (45.67138ms)
✔ scrub A selected-package preview has no submission write path (9.96589ms)
✔ scrub A package-config route persists, returns, and resets selection in an isolated repository (1.258773ms)
✔ scrub A administrator can override a recent lender submission and records the submission activity (13.420124ms)
(node:3936) ExperimentalWarning: `--experimental-loader` may be removed in the future; instead use `register()`:
--import 'data:text/javascript,import { register } from "node:module"; import { pathToFileURL } from "node:url"; register("./test-loader.mjs", pathToFileURL("./"));'
(Use `node --trace-warnings ...` to show where the warning was created)
✔ routing defaults to manual and only rotates ordinary website inbound leads (13.43577ms)
✔ automatic stale reassignment requires both opt-in flags and a rotating source (0.309931ms)
✔ representatives cannot manage other resources but can read administrator-owned resources (0.220524ms)
✔ stale reassignment uses a core select builder, never an aliased relational findMany (0.90799ms)
(node:3936) ExperimentalWarning: `--experimental-loader` may be removed in the future; instead use `register()`:
--import 'data:text/javascript,import { register } from "node:module"; import { pathToFileURL } from "node:url"; register("./test-loader.mjs", pathToFileURL("./"));'
(Use `node --trace-warnings ...` to show where the warning was created)
✔ drip API returns 403 when a rep reads, updates, or deletes another rep's sequence (73.136943ms)
✔ drip API permits a rep to read an admin sequence but forbids editing it (15.998219ms)
✔ drip enrollment API returns 403 for a lead assigned to another representative (32.134546ms)
✔ drip enrollment API rejects an admin sequence containing another rep's private template (32.786517ms)
✔ drip API returns 400 for malformed sequence and nested step bodies (29.038065ms)
✔ template API returns 403 for another rep's read, update, and delete (39.138369ms)
✔ template API permits a rep to read an admin template but forbids editing it (8.534643ms)
(node:3952) ExperimentalWarning: `--experimental-loader` may be removed in the future; instead use `register()`:
--import 'data:text/javascript,import { register } from "node:module"; import { pathToFileURL } from "node:url"; register("./test-loader.mjs", pathToFileURL("./"));'
(Use `node --trace-warnings ...` to show where the warning was created)
✔ the actual provider dispatch sink sends a signed unsubscribe footer and legal address (2.300091ms)
✔ a no-flyer campaign message has text/plain, minimal HTML, and zero attachments (0.884507ms)
(node:3952) ExperimentalWarning: `--experimental-loader` may be removed in the future; instead use `register()`:
--import 'data:text/javascript,import { register } from "node:module"; import { pathToFileURL } from "node:url"; register("./test-loader.mjs", pathToFileURL("./"));'
(Use `node --trace-warnings ...` to show where the warning was created)
✔ correlated webhook suppresses the persisted recipient, not a mismatched event email (39.745343ms)
✔ valid SendGrid ECDSA signature passes through exact raw-body verification (19.243968ms)
✔ invalid webhook signatures return 401 before any delivery or suppression mutation (7.925059ms)
✔ signed webhook route suppresses the matched lead for every H event (26.354944ms)
✔ admin test-send route sends fixed CEO message from funding address and returns mocked provider id (8.957096ms)
✔ shared locked daily bulk/drip reservation allows 75 combined attempts and denies the rest (1.376244ms)
✔ bulk and drip production call sites opt into the shared 60-message reservation (5.875556ms)
✔ email-delivery settings rejects null and malformed F fields with a named issue before database access (2.51179ms)
(node:3977) ExperimentalWarning: `--experimental-loader` may be removed in the future; instead use `register()`:
--import 'data:text/javascript,import { register } from "node:module"; import { pathToFileURL } from "node:url"; register("./test-loader.mjs", pathToFileURL("./"));'
(Use `node --trace-warnings ...` to show where the warning was created)
✔ rep performance keeps active reps plus historical owners and falls back to the email name (874.386005ms)
✔ average funding time's production predicate rejects cycles under 24 hours (2.216802ms)
✔ deal export HTTP handler retains representative ownership scope while admins can select a representative (140.621168ms)
(node:3977) ExperimentalWarning: `--experimental-loader` may be removed in the future; instead use `register()`:
--import 'data:text/javascript,import { register } from "node:module"; import { pathToFileURL } from "node:url"; register("./test-loader.mjs", pathToFileURL("./"));'
(Use `node --trace-warnings ...` to show where the warning was created)
✔ retired public rep slugs use a permanent canonical redirect while unknown slugs stay generic (227.634601ms)
✔ lender packages select statements only from their persisted category, never their filename (18.749882ms)
✔ submission's actual handler refuses a same lender/lead submission inside 24 hours before building or sending (121.03336ms)
(node:3996) ExperimentalWarning: `--experimental-loader` may be removed in the future; instead use `register()`:
--import 'data:text/javascript,import { register } from "node:module"; import { pathToFileURL } from "node:url"; register("./test-loader.mjs", pathToFileURL("./"));'
(Use `node --trace-warnings ...` to show where the warning was created)
✔ accepts Calvin source ownership with a missing marker for repair (0.749518ms)
✔ accepts a real Calvin assignee with the Calvin marker (0.128127ms)
✔ accepts an already-unassigned Calvin reservation (0.181212ms)
✔ unchanged seeded ownership produces no corrections or assignment activity inputs (0.635036ms)
✔ closeout preserves a real Calvin assignment instead of creating a clear/reconcile loop (0.379209ms)
✔ tolerates converted or deleted seed rows and reports only matching markers (0.139651ms)
✔ fails closeout only when no matching seeded rows remain (0.346118ms)
✔ normalizes funding duration to a nonnegative whole day or null (0.139166ms)
(node:4014) ExperimentalWarning: `--experimental-loader` may be removed in the future; instead use `register()`:
--import 'data:text/javascript,import { register } from "node:module"; import { pathToFileURL } from "node:url"; register("./test-loader.mjs", pathToFileURL("./"));'
(Use `node --trace-warnings ...` to show where the warning was created)
✔ Sentry remains unloaded without a DSN and retains its privacy-safe capture setup when enabled (1.450216ms)
(node:4014) ExperimentalWarning: `--experimental-loader` may be removed in the future; instead use `register()`:
--import 'data:text/javascript,import { register } from "node:module"; import { pathToFileURL } from "node:url"; register("./test-loader.mjs", pathToFileURL("./"));'
(Use `node --trace-warnings ...` to show where the warning was created)
[22:11:43.320] [32mINFO[39m (4014): [36mSENTRY_DSN not set — Sentry error tracking disabled[39m
[22:11:43.321] [32mINFO[39m (4014): [36mSentry error tracking initialized[39m
(node:4028) ExperimentalWarning: `--experimental-loader` may be removed in the future; instead use `register()`:
--import 'data:text/javascript,import { register } from "node:module"; import { pathToFileURL } from "node:url"; register("./test-loader.mjs", pathToFileURL("./"));'
(Use `node --trace-warnings ...` to show where the warning was created)
✔ unchecked SMS consent stays false and leaves timestamp and IP empty (1.214147ms)
✔ checked SMS consent records timestamp and IP and makes the lead eligible (0.278352ms)
✔ legacy or incomplete consent records remain ineligible (0.136287ms)
(node:4072) ExperimentalWarning: `--experimental-loader` may be removed in the future; instead use `register()`:
--import 'data:text/javascript,import { register } from "node:module"; import { pathToFileURL } from "node:url"; register("./test-loader.mjs", pathToFileURL("./"));'
(Use `node --trace-warnings ...` to show where the warning was created)
✔ normal leads select compiles stale condition with a stable correlated alias (3.696746ms)
✔ latest activity sort expressions compile with an explicit activity alias (0.8442ms)
✔ active stages compile as inArray parameters rather than raw SQL (1.293236ms)
✔ two-phase lead and deal ID queries keep correlated SQL out of relational hydration (1.281024ms)
(node:4091) ExperimentalWarning: `--experimental-loader` may be removed in the future; instead use `register()`:
--import 'data:text/javascript,import { register } from "node:module"; import { pathToFileURL } from "node:url"; register("./test-loader.mjs", pathToFileURL("./"));'
(Use `node --trace-warnings ...` to show where the warning was created)
✔ stale display boundary is a strict less-than comparison (0.794944ms)
(node:4099) ExperimentalWarning: `--experimental-loader` may be removed in the future; instead use `register()`:
--import 'data:text/javascript,import { register } from "node:module"; import { pathToFileURL } from "node:url"; register("./test-loader.mjs", pathToFileURL("./"));'
(Use `node --trace-warnings ...` to show where the warning was created)
✔ startup gate keeps deployment liveness healthy while booting (26.274269ms)
✔ startup gate rejects business traffic until the application is ready (7.889534ms)
✔ startup gate hands the same listener to the application once ready (4.237434ms)
✔ failed initialization stays observable and does not admit business traffic (8.636648ms)
✔ liveness stays independent of production email configuration and ready listener (9.314263ms)
(node:4108) ExperimentalWarning: `--experimental-loader` may be removed in the future; instead use `register()`:
--import 'data:text/javascript,import { register } from "node:module"; import { pathToFileURL } from "node:url"; register("./test-loader.mjs", pathToFileURL("./"));'
(Use `node --trace-warnings ...` to show where the warning was created)
(node:4108) ExperimentalWarning: `--experimental-loader` may be removed in the future; instead use `register()`:
--import 'data:text/javascript,import { register } from "node:module"; import { pathToFileURL } from "node:url"; register("./test-loader.mjs", pathToFileURL("./"));'
(Use `node --trace-warnings ...` to show where the warning was created)
✔ rep can create a task assigned to themself on their lead (49.022069ms)
✔ rep cannot create a task assigned to another user (12.033037ms)
✔ manager can create a task assigned to any active user (7.229736ms)
✔ manager cannot create a task for an inactive user (10.881766ms)
✔ PATCH allows a manager to reassign to an active user (27.50665ms)
✔ PATCH rejects a rep assigning a task to another user without updating it (7.241778ms)
✔ PATCH rejects assignment to an inactive user (6.436867ms)
(node:4117) ExperimentalWarning: `--experimental-loader` may be removed in the future; instead use `register()`:
--import 'data:text/javascript,import { register } from "node:module"; import { pathToFileURL } from "node:url"; register("./test-loader.mjs", pathToFileURL("./"));'
(Use `node --trace-warnings ...` to show where the warning was created)
✔ audio upload grants bind the file, greeting, administrator and expiry (1.233103ms)
✔ greeting accepts only an MP3 signature under 2 MB (1.335555ms)
(node:4117) ExperimentalWarning: `--experimental-loader` may be removed in the future; instead use `register()`:
--import 'data:text/javascript,import { register } from "node:module"; import { pathToFileURL } from "node:url"; register("./test-loader.mjs", pathToFileURL("./"));'
(Use `node --trace-warnings ...` to show where the warning was created)
(node:4126) ExperimentalWarning: `--experimental-loader` may be removed in the future; instead use `register()`:
--import 'data:text/javascript,import { register } from "node:module"; import { pathToFileURL } from "node:url"; register("./test-loader.mjs", pathToFileURL("./"));'
(Use `node --trace-warnings ...` to show where the warning was created)
✔ browser calls use the configured voice caller ID (0.719381ms)
✔ browser call caller ID falls back to the client identity when unset (0.173427ms)
✔ SMS replies use the owned inbound number for the existing thread (0.09763ms)
✔ both owned numbers are valid inbound destinations (0.065528ms)
✔ new SMS and unowned inbound threads use the configured sender (0.153066ms)
(node:4137) ExperimentalWarning: `--experimental-loader` may be removed in the future; instead use `register()`:
--import 'data:text/javascript,import { register } from "node:module"; import { pathToFileURL } from "node:url"; register("./test-loader.mjs", pathToFileURL("./"));'
(Use `node --trace-warnings ...` to show where the warning was created)
✔ uses a valid TWILIO_PHONE_NUMBER fallback when settings are unset (1.090745ms)
✔ uses the business default when the environment fallback is absent or invalid (0.151102ms)
✔ persisted numbers override the environment fallback independently (0.07685ms)
(node:4149) ExperimentalWarning: `--experimental-loader` may be removed in the future; instead use `register()`:
--import 'data:text/javascript,import { register } from "node:module"; import { pathToFileURL } from "node:url"; register("./test-loader.mjs", pathToFileURL("./"));'
(Use `node --trace-warnings ...` to show where the warning was created)
✔ historical outcomes are a bounded explainable signal (1.304712ms)
✔ unsupported economics stay null instead of being invented (0.135932ms)
✔ bank-derived revenue keeps bank-statement provenance and source IDs (0.331266ms)
(node:4157) ExperimentalWarning: `--experimental-loader` may be removed in the future; instead use `register()`:
--import 'data:text/javascript,import { register } from "node:module"; import { pathToFileURL } from "node:url"; register("./test-loader.mjs", pathToFileURL("./"));'
(Use `node --trace-warnings ...` to show where the warning was created)
✔ identity resolution prefers a linked identity and falls back to the legacy clerk id (0.572746ms)
✔ merge reference policy moves every requested source reference to the target (0.289486ms)
✔ merge refuses inactive targets and only requires confirmation for reassignment (0.407741ms)
✔ reserved email attaches to the active reserved-slug owner, not a new user (0.20475ms)
✔ merge keeps target slug and retires and clears the source slug (0.613852ms)
(node:4165) ExperimentalWarning: `--experimental-loader` may be removed in the future; instead use `register()`:
--import 'data:text/javascript,import { register } from "node:module"; import { pathToFileURL } from "node:url"; register("./test-loader.mjs", pathToFileURL("./"));'
(Use `node --trace-warnings ...` to show where the warning was created)
✔ USFA mapper normalizes the exact Doe Street vendor row (2.40851ms)
(node:4165) ExperimentalWarning: `--experimental-loader` may be removed in the future; instead use `register()`:
--import 'data:text/javascript,import { register } from "node:module"; import { pathToFileURL } from "node:url"; register("./test-loader.mjs", pathToFileURL("./"));'
(Use `node --trace-warnings ...` to show where the warning was created)
✔ USFA source migration leaves existing companies and runtime support to later migrations (7.054033ms)
✔ mapper preserves the exact 28-header contract and handles score/revenue bands (0.554972ms)
✔ mapper zero-pads EIN and zip, flags short EIN, and keeps SSN/DOB out of lead data (0.228328ms)
✔ dedupe plan prefers external id and excludes the vendor's test address from email matching (0.222291ms)
✔ mapper rejects rows without an external id and marks malformed primary phones (0.501721ms)
✔ comments, alternate phone, and statement metadata never fetch or embed statement contents (0.225606ms)
✔ mapper preserves all four Sheet statement links and creates one task even with no links (0.42224ms)
✔ USFA poller requires every exact vendor header (0.307711ms)
✔ USFA poller is safely disarmed when service-account secret is absent (1.820303ms)
✔ USFA connection test reads only the configured header row and counts returned columns (0.392578ms)
✔ USFA connection test fails safely for missing configuration and sanitizes provider auth errors (0.44658ms)
✔ USFA import creates exactly one task per lead, assigned to the rep or the shared admin queue (0.592733ms)
✔ USFA ingestion commits before global admin notification and persists duplicate intake history (4.122689ms)
✔ USFA invite claim is conditional: exactly one winner and replay is rejected (1.024873ms)
✔ USFA error receipts are retried while successful receipts remain idempotent (1.179808ms)
✔ extracts a PDF attachment and vendor identity without fetching statement links (0.906258ms)
✔ does not treat a message without a PDF as an application (0.145252ms)
✔ delegated Gmail worker is safely disarmed without credentials (5.076849ms)
✔ Gmail listing paginates every page without any write operation (0.438444ms)
✔ Gmail retries use one deterministic object key and source-level idempotency guard (2.548901ms)
✔ USFA leads are blocked from marketing until explicit consent is confirmed (0.131403ms)
✔ all SMS and drip entry points recheck the shared USFA consent guard (1.756085ms)
✔ USFA webhook signature is HMAC-SHA256 over the exact raw body (0.660926ms)
✔ USFA webhook rejects an invalid signature through the real Express route (44.091412ms)
✔ USFA webhook schema requires id and a monthly numeric revenue (2.328149ms)
(node:4173) ExperimentalWarning: `--experimental-loader` may be removed in the future; instead use `register()`:
--import 'data:text/javascript,import { register } from "node:module"; import { pathToFileURL } from "node:url"; register("./test-loader.mjs", pathToFileURL("./"));'
(Use `node --trace-warnings ...` to show where the warning was created)
✔ voicemail playback tokens round-trip and carry a document id (1.135982ms)
✔ voicemail playback tokens reject tampering and expiry (0.276744ms)
✔ missed-call text-back has the exact opt-out copy and uses the New York call date (13.652612ms)
✔ missed-call text-back guard recognizes business hours and rejects after-hours (0.328698ms)
✔ handleMissedCall text-back guard requires opt-in, consent, and an unanswered call (0.425949ms)
(node:4173) ExperimentalWarning: `--experimental-loader` may be removed in the future; instead use `register()`:
--import 'data:text/javascript,import { register } from "node:module"; import { pathToFileURL } from "node:url"; register("./test-loader.mjs", pathToFileURL("./"));'
(Use `node --trace-warnings ...` to show where the warning was created)
(node:4187) ExperimentalWarning: `--experimental-loader` may be removed in the future; instead use `register()`:
--import 'data:text/javascript,import { register } from "node:module"; import { pathToFileURL } from "node:url"; register("./test-loader.mjs", pathToFileURL("./"));'
(Use `node --trace-warnings ...` to show where the warning was created)
✔ shutdown resolves after an already-observed unexpected worker exit (8.979152ms)
✔ worker exit while public requests drain cannot strand shutdown (39.076839ms)
✔ normal shutdown asks a live worker to close and waits for exit (28.871616ms)
ℹ tests 461
ℹ suites 2
ℹ pass 460
ℹ fail 0
ℹ cancelled 0
ℹ skipped 1
ℹ todo 0
ℹ duration_ms 52893.213037

> @workspace/mbs-crm@0.0.0 test /tmp/predeploy-c6fc40f-source/artifacts/mbs-crm
> node --test --experimental-strip-types src/lib/*.test.ts

✔ resolves server API paths without duplicating the API prefix (1.324326ms)
✔ resolves relative paths and preserves absolute URLs (0.316747ms)
✔ keeps one API prefix for every collateral action (0.220007ms)
✔ appearance defaults to light and never loads another account's preference (0.654953ms)
✔ system follows OS while explicit modes override it (0.125718ms)
✔ invalid and inaccessible storage preferences are safe (0.109921ms)
✔ formats EIN input as digits with a dash and a nine-digit limit (0.912185ms)
✔ maps validation fields to steps and human labels (0.206619ms)
✔ invalid response shapes become a normal submission error (0.146206ms)
✔ unknown response fields show only the sanitized server error (0.660916ms)
✔ sanitizes the generic Invalid input message (0.188452ms)
✔ assignment directory includes all staff roles and orders by displayed name, not role (7.962605ms)
✔ brand takeover uses canonical marks and no removed wordmark (0.986153ms)
✔ every branded surface renders the correct light or reverse image src (5.886574ms)
✔ listed pages select the expected variant and preserve requested sizing (1.979358ms)
✔ favicon and PWA metadata point at the canonical icon set (0.523081ms)
✔ build ID is read only from the generated HTML marker (0.673559ms)
✔ Deals audience has exactly the three required choices with All leads first (1.00634ms)
✔ source options use database values, including imported tags, with sorted lead counts (11.67186ms)
✔ rep options exclude inactive, merged and placeholder users, dedupe by id (0.219088ms)
✔ flyer metadata options use the API's exact enum values (1.180819ms)
✔ legacy representative labels are normalized for display and registration (0.197985ms)
✔ upload URL requests reject more than 50 files before sending (0.359936ms)
✔ campaign flyer validation accepts supported files and rejects invalid type, size, and empty files (1.520132ms)
✔ audience rules serialize guided control values into the API contract (0.858661ms)
✔ preview freshness requires a matching saved version and token (0.226985ms)
✔ readiness reports every exact blocker instead of only disabling approval (0.408954ms)
✔ a fresh zero-recipient preview blocks approval and explains filters versus eligibility (0.35151ms)
✔ complete saved content, active template, fresh non-empty preview, and affirmation are ready (0.437938ms)
✔ campaign dirty state ignores object key order but detects a real edit (8.358758ms)
✔ launch confirmation uses the approved snapshot after reload, never a newer preview (0.522024ms)
✔ manual lead selections merge unique IDs and enforce the combined pick limit (11.216407ms)
✔ select-all result cap rejects oversized search results with an explicit refinement message (0.276183ms)
✔ null tracking fields render as not tracked while zero stays zero (10.568306ms)
✔ referrer payload sets exactly one typed id and clears both (0.659487ms)
✔ metric rows label opens as approximate and money rows as referred deals (0.239134ms)
✔ referrer keys are typed (0.569169ms)
✔ failed lazy route import reloads at most once per build in a browser session (0.855586ms)
✔ blocked session storage prevents an unbounded reload loop (0.15104ms)
✔ Communications Call uses the real PhoneLink click handler for mobile, unavailable and ready desktop devices (776.047402ms)
✔ dashboard uses the approved empty-state copy (0.778804ms)
✔ latest approval is deterministic by created time then id (1.002744ms)
✔ adding Maxim approval, selecting latest, and opening calculator prefills fields (0.930998ms)
✔ approval expiry reports whole days remaining (0.706917ms)
✔ kanban has exactly nine supported deal-stage columns (1.571196ms)
✔ compact Kanban sizing keeps nine columns at least 120px wide (0.256538ms)
✔ compact is the default while explicit per-user preferences still win (0.208439ms)
✔ compact Kanban fits the actual board area at 1280px and 1440px (0.174763ms)
✔ uses the exact built-in view stage predicates and serialization (0.212625ms)
✔ formats split GM without changing the underlying amount (14.434199ms)
✔ totals nullable fields after exact view filtering (0.245445ms)
✔ dialog dropdowns portal above dialog content (5.858766ms)
✔ sanitizes document filenames before browser download (0.671934ms)
✔ parseNullableCurrency returns null for empty/whitespace (0.815012ms)
✔ parseNullableCurrency returns numeric value for valid inputs (0.171041ms)
✔ parseNullableCurrency returns null for non-numeric strings (0.100437ms)
✔ computePageSize floors rows and clamps (0.630799ms)
✔ computePageSize is stable for identical input (0.114736ms)
✔ measured taller rows and headers reduce the page budget (0.106583ms)
✔ remapPage keeps the first visible record (0.111211ms)
✔ clampPage prevents invalid ranges (0.096348ms)
✔ pageRange reports accurate bounds (0.610397ms)
✔ SMS consent opens the canonical legal pages in new tabs (4.40268ms)
✔ emptyForm initializes default partner properties correctly (1.091867ms)
✔ lenderToForm correctly maps api data to form data (0.403644ms)
✔ formToPayload correctly strips and transforms form data (0.7902ms)
✔ formToPayload nullifies referralSplitPct for non-broker-in partners (0.18522ms)
✔ builder waits for config and documents before filtering saved document IDs (2.003546ms)
✔ upload selection, reset defaults, and a reopened saved config preserve the expected state (0.328894ms)
✔ uses and sanitizes the RFC 5987 filename from the response header (1.185616ms)
✔ removes path traversal and enforces a PDF filename (0.19533ms)
✔ uses a safe fallback when the response has no filename (0.158322ms)
✔ only admins see the safe lender-package failure reason (0.593377ms)
✔ summary reports approved and declined submissions exactly (0.631415ms)
✔ declined matches are hidden unless requested (0.579264ms)
✔ stage prompts are optional and never automatic (0.197516ms)
✔ list data never exposes a non-array value to list consumers (1.311296ms)
✔ list payload accepts only arrays or configured array envelopes (0.258322ms)
✔ directory access waits for identity; reps cannot expose cached users or manually refetch (10.452497ms)
✔ lists every active pending user as an eligible merge source (0.980492ms)
✔ lists only active non-pending users as merge targets (0.14585ms)
✔ accepts only a selected eligible source and eligible target (0.392959ms)
✔ distinguishes source loading, request failure, empty, and ready states (0.195467ms)
✔ Enter followed by blur starts exactly one note mutation (2.552689ms)
✔ unchanged note starts no mutation (0.199532ms)
✔ notification errors include status and server reason for admins (0.875424ms)
✔ notification errors do not expose server diagnostics to non-admins (0.171872ms)
✔ notification errors retain the HTTP status when no reason is available (0.126997ms)
✔ rep notification click-through targets the linked lead (0.734546ms)
✔ admin notification click-through targets the linked lead (0.102279ms)
✔ notification click-through stays put when no lead is linked (0.091283ms)
✔ partner submission UI exposes partner types and broker attribution (5.804767ms)
✔ partner contact UI sends through the business SMS endpoint (2.803938ms)
✔ formats ordered production closeout success summaries (1.471999ms)
✔ formats a lender seed summary with missing update targets separately (0.141652ms)
✔ uses the exact lender count/name structure for first and repeat runs (0.124523ms)
✔ formats failed and skipped closeout statuses (0.226764ms)
✔ formats manual lender fallback mutation errors for the destructive toast (0.144158ms)
✔ reads status from generated API errors (0.6906ms)
✔ formats a visible HTTP status or clearly identifies a network error (0.129631ms)
✔ prefers a server API reason and falls back to the error message (0.137511ms)
✔ converts nominal APR to effective APR, simple rate, and payment (0.80866ms)
✔ effective APR round-trips to nominal APR (0.209092ms)
✔ simple-interest source preserves total payback and solves APR (0.240147ms)
✔ converts a 1.30 factor over 12 months to implied APR (0.189183ms)
✔ MCA factor and APR conversions round-trip for weekly offers (0.102297ms)
✔ rejects invalid terms, rates, and factors (0.087ms)
✔ handles zero-cost financing without NaN or Infinity (0.127147ms)
✔ deal-linked query parsing reads the browser search string (2.507635ms)
✔ Maxim arrears fixture matches requested rates and commission (1.252936ms)
✔ one payment in advance changes the implied nominal rate (0.2784ms)
✔ reverse points produces the target commission and payment (0.240954ms)
✔ schedule conserves balance (2.452909ms)
✔ all seven record actions remain defined and meet mobile touch sizing (4.010087ms)
✔ lead actions always reach their functional record sections from every tab (0.188904ms)
✔ deal action eligibility is contact/link-based, never stage-based (0.176637ms)
✔ desktop phone uses softphone only when device is registered (0.972767ms)
✔ mobile web phone always uses tel even when a desktop device is registered (0.180666ms)
✔ softphone must be registered and idle; active calls and incoming calls fall back to tel (0.149175ms)
✔ mobile web detection handles narrow viewports and mobile device landscape (0.542984ms)
✔ email opens CRM composer for linked lead and mailto otherwise (0.855604ms)
✔ formats lead identity company first and tolerates missing or blank fields (0.602102ms)
✔ contactName trims and combines available name parts only (0.137187ms)
✔ formats deal identity using authorized linked lead fields with neutral fallback (0.247378ms)
✔ identifies import failures without leaking URL credentials or values (1.002168ms)
✔ unknown errors do not display arbitrary exception data (0.323245ms)
✔ classifies common render errors using fixed safe descriptions (0.273022ms)
✔ Ray Settings action sends the complete canonical identity payload (0.954244ms)
✔ retired chooser response drives canonical attribution (0.129967ms)
✔ unknown chooser response stays unpersonalized (0.130076ms)
✔ chooser subtext uses only the representative first name (0.164534ms)
✔ chooser Continue href uses the canonical slug without a type query (0.137248ms)
✔ returns an async result without loading a DOM sanitizer for empty content (0.660891ms)
✔ removes hostile event handlers, executable elements, and javascript URLs (1371.756667ms)
✔ preserves safe email formatting and links (22.296468ms)
✔ explicitly permits only intended formatting tags, attributes, and URI schemes (0.812874ms)
✔ sanitizes malformed namespace and tag nesting before preview insertion (25.925518ms)
✔ 25 options render in a 300px scrollable list; searching Max shows only Maxim (1063.941629ms)
✔ new service worker update is announced only after installed with an existing controller (0.595627ms)
✔ notification click focuses a matching client, otherwise opens the exact deep link (0.577266ms)
✔ service worker keeps API fetches network-only and cleans only its cache namespace (8.263598ms)
✔ navigation and entry bundle bypass HTTP cache; offline navigation prefers cached shell then offline page (45.589095ms)
✔ entry bundle is network-first with no-store even when an old entry is cached (3.349627ms)
✔ hashed assets are cache-first and failed uncached assets still resolve to a Response (3.44429ms)
✔ HTML fallbacks for hashed JS and CSS assets return 503 and are never cached (5.679622ms)
✔ API and other network-only failures resolve to Responses rather than rejected fetch events (2.958564ms)
✔ repeated hover events do not restart opening and slow down the sidebar (1.186818ms)
✔ a quick pointer reversal cancels opening; stale callbacks cannot reopen (0.155878ms)
✔ re-entry cancels closing without flicker (0.148097ms)
✔ an open portaled layer or pressed pointer blocks both pending and new intents (0.110894ms)
✔ press cancellation and explicit keyboard/pin state supersede pending hover (0.111573ms)
✔ unpin reconciliation closes retained hover state after leaving while pinned (0.081309ms)
✔ unpin reconciliation preserves owned keyboard focus until blur (0.093343ms)
✔ draw serialization uses the live canvas and reports failures explicitly (0.877707ms)
✔ draw readiness transitions from missing to ready and back after clear (2.048328ms)
✔ typed readiness requires at least two trimmed characters (0.150057ms)
✔ Text is disabled when consent is not fully recorded (0.514139ms)
✔ Text is enabled only with consent, timestamp, and IP (0.113321ms)
✔ dense contact tables use breakpoint-scoped readable widths, not global card nowrap (0.640461ms)
✔ email sizing hooks preserve the existing composer and mobile/card wrapping (0.245541ms)
✔ both record lists opt into table scrolling with a readable email header (4.160086ms)
✔ refreshes the device token when a simulated short-TTL token nears expiry (6.937224ms)
✔ expired tokens and abnormal socket closes update the token and re-register once (0.65525ms)
✔ upgrades an in-flight expiry refresh when recovery requires re-registration (0.274443ms)
✔ recovery retries are bounded and report the final error (0.358535ms)
✔ USFA connection inputs hydrate from persisted settings after a reload (1.170867ms)
✔ USFA connection inputs handle an unconfigured sheet with the default tab (0.14055ms)
✔ USFA settings load errors expose their HTTP status or network failure (0.170475ms)
ℹ tests 168
ℹ suites 0
ℹ pass 168
ℹ fail 0
ℹ cancelled 0
ℹ skipped 0
ℹ todo 0
ℹ duration_ms 3057.196609

> @workspace/scripts@0.0.0 test /tmp/predeploy-c6fc40f-source/scripts
> tsx --test ./src/*.test.ts

✔ repository contact copy contains no retired contact strings outside test fixtures (1247.196647ms)
✔ contact guard catches retired email, domain, and phone in ordinary source (0.256016ms)
✔ diffs ledger rows, tables, and every column signature (4.797759ms)
✔ diff formatting is deterministic and redacts values (7.721687ms)
✔ parser excludes schema_migrations from tables and detects missing/malformed ledgers (0.450008ms)
✔ URL guard rejects clone, non-PostgreSQL, and malformed URLs without echoing secrets (0.798116ms)
✔ PostgreSQL connection is split into environment fields without retaining inherited targets (0.391773ms)
✔ snapshot runner uses a temporary SQL file, read-only transaction, timeout, and cleans it up (22.310027ms)
✔ snapshot runner does not expose database URL in query failures (4.039905ms)
✔ local URL validation permits loopback and rejects remote credentials without echoing them (3.820988ms)
✔ backup selection is newest, with deterministic tie ordering and schema fallback (34.510174ms)
✔ application JSON backups are rejected clearly (1.704462ms)
✔ count formatting is stable and metadata-safe (0.337839ms)
✔ default configuration is injectable and rooted in workspace .local (0.456536ms)
✔ metadata serialization contains only safe connection and fingerprint fields (0.360879ms)
✔ metadata fingerprint is not a source path or basename (0.338625ms)
✔ JSON rejection is independent of extension and BOM (3.545384ms)
✔ gzip rejection is independent of extension (2.090192ms)
✔ fallback selection works when production backup directory is absent (2.099101ms)
✔ explicit invalid source does not silently fall back (0.771748ms)
✔ custom configuration keeps all managed paths beneath its clone root (0.454962ms)
✔ generated local connection has no password (0.12871ms)
✔ realpath containment rejects managed symlink paths (3.388366ms)
✔ lifecycle stop refuses a symlink before invoking pg_ctl (3.478727ms)
✔ lifecycle initialization rejects an ownership marker before destructive calls (11.419138ms)
✔ owned stale-major plus indeterminate pg_ctl status aborts and preserves data (22.774312ms)
✔ owned stale-major plus definite stopped status safely reinitializes after ownership match (22.235543ms)
✔ stop command failure preserves data and returns a redacted fixed error (9.096694ms)
✔ start identity mismatch performs no database cutover and finalizer attempts stop (10.953557ms)
DB clone source: backup
Public base tables: 0
Public columns: 0
Schema migrations ledger rows: 0
DB CLONE PASS
✔ automatic candidate flow retries older valid SQL only after newest staging restore fails (16.114186ms)
✔ explicit invalid or restore-failed source never falls back or drops production clone (7.418893ms)
✔ reversible cutover rolls back when second rename fails and never drops backup (23.487764ms)
✔ restore and capture stderr never expose fake secret or source path (3.90212ms)
✔ backup parent directory symlink is rejected before restore or process calls (2.224013ms)
DB clone source: backup
Public base tables: 1
Public columns: 1
Schema migrations ledger rows: 0
DB CLONE PASS
✔ real integration restores a one-table SQL clone and stops cleanly (12851.489194ms)
✔ cloneProduction symlink path finalizer invokes zero pg_ctl (2.595999ms)
✔ marker ownership mismatch invokes zero destructive calls (13.003166ms)
✔ existing-clone start failure attempts safe shutdown (12.848875ms)
✔ schema path guard detects CLI, package script, filter, and API push paths (3.593825ms)
✔ schema path guard ignores ordinary product push references (0.478886ms)
✔ schema path guard permits only the audited schema parity inspection (2.611731ms)
✔ schema path guard scans source and deployment configuration only (0.587636ms)
✔ numberMigrations is strict, sorted, and rejects aliases (3.954967ms)
✔ baseline and an earlier creator permit later column use (13292.566366ms)
✔ same-file table, foreign key, index, and insert are accepted (5326.322597ms)
✔ forward table and unqualified column dependencies are reported (11082.830122ms)
✔ missing table and column dependencies are reported (9051.564009ms)
✔ quoted public names, aliases, CTEs, and non-dynamic DO pass (5141.135556ms)
✔ CTE column lists in INSERT seeds are not treated as missing tables (4203.2501ms)
✔ dynamic DO SQL is rejected before migration execution (8924.918549ms)
✔ lazy DO branches are validated even when false (8361.540208ms)
✔ guarded procedural statements are not skipped (8588.567947ms)
✔ native statement attribution uses the failing statement (4277.220028ms)
✔ unqualified missing columns use the structurally inferred table (8291.843584ms)
✔ opaque numbered function bodies fail closed (4367.391631ms)
✔ column reference counting is explicit and deduplicated (0.562443ms)
✔ migration analysis ignores relation-like prose inside SQL string literals (0.36422ms)
✔ applied finite rename projection is exact-byte scoped and unknown dynamic SQL remains rejected (1.390601ms)
✔ workspace corpus has the expected baseline and migration counts (8528.635178ms)
✔ migration lint accepts every supported idempotency guard (1.571511ms)
✔ migration lint rejects unguarded schema creation and alteration (1.55925ms)
✔ post-merge applies a pending migration to the development ledger before the guard (430.938258ms)
PREFLIGHT 1/11: schema path guard
PREFLIGHT 2/11: recovery guard
PREFLIGHT 3/11: typecheck
PREFLIGHT 4/11: full suite
PREFLIGHT 5/11: migration lint
PREFLIGHT 6/11: schema parity
PREFLIGHT 7/11: built-app smoke
PREFLIGHT 8/11: migration dependency lint
PREFLIGHT 9/11: production database clone
PREFLIGHT 10/11: migration rehearsal
✔ preflight keeps migration safety gates explicit and ordered (0.967626ms)
✔ preflight stops at a failed migration safety gate (2.098075ms)
✔ failure lines are single-line, named, and never undefined (1.585193ms)
✔ restore deletion fails when its explicit replacement is missing (1.043904ms)
✔ dirty worktree migrate.ts cannot alter the committed-tree guard result (9.26388ms)
ℹ tests 67
ℹ suites 0
ℹ pass 67
ℹ fail 0
ℹ cancelled 0
ℹ skipped 0
ℹ todo 0
ℹ duration_ms 100281.09015
✔ a newly applied migration must be visible in the development ledger (1.131656ms)
✔ a migration failure stops the post-merge command before ledger verification (0.387177ms)
✔ a migration missing from the durable ledger fails verification (0.131959ms)
✔ the migration target must match the development database identity (0.211897ms)
✔ missing independent development identity refuses all migration targets (0.098359ms)
✔ dependency scanner recognizes unique, IF NOT EXISTS, and multiple top-level creates (3.695999ms)
✔ dependency scanner ignores ordinary strings, comments, nested comments, and dollar bodies (0.408449ms)
✔ dependency scanner handles E strings and fails closed for malformed constructs (0.426919ms)
✔ migration analyzer ignores CTEs in the real 002 migration (196.864047ms)
✔ migration analyzer treats FK SET NULL as an action, not DELETE DML (55.152057ms)
✔ migration analyzer does not treat LATERAL as a table (0.331424ms)
✔ all current migrations form a parseable analyzer corpus (68.061888ms)
✔ 029 ignores timestamp WITH time zone and finds its real relations (12.276448ms)
✔ 040 DO body dependencies are analyzed while function bodies stay opaque (23.5464ms)
✔ migration analyzer handles recursive, multiple, quoted, and nested CTEs (0.59622ms)
✔ missing relation extraction traverses wrapped causes and message fallback (0.611206ms)
✔ runMigrations reorders one unique creator, retries, and skips it later (24.799406ms)
✔ runMigrations adopts baseline checksum on populated schemas without executing its DDL (4.025627ms)
✔ runMigrations stops with no creator and with ambiguous creators (6.495316ms)
✔ runMigrations persists creator failure and blocker retry failure (8.831493ms)
✔ runMigrations resolves structured quoted qualified identifiers and message fallback (6.040518ms)
✔ malformed CREATE syntax is rejected by the reorder scanner (0.286302ms)
✔ migration rehearsal URL guard accepts only the managed local clone (2.291262ms)
✔ dependency simulation rejects a later creator but accepts an earlier creator (4.087932ms)
✔ ledger diff reports added, changed, removed, and state changes (0.459353ms)
✔ partner model exposes the requested controlled vocabularies (1.952191ms)
✔ partner migration is append-only and contains safe backfill and seed (11.537342ms)
✔ partner flow and texting migrations are append-only and separately scoped (6.069356ms)
✔ Ridgestone profile migration preserves the exact supplied partner data (1.506732ms)
✔ schema parity check accepts only isolated local CI databases (1.084237ms)
✔ existing-schema parity accepts only migration rehearsal databases (0.279333ms)
✔ schema parity check accepts a throwaway database on the development host (0.105889ms)
✔ schema parity check loads tables from every schema module (403.220841ms)
✔ migration parity covers every table without exclusions (0.71951ms)
✔ schema parity check ignores only paired Drizzle naming artifacts (0.252546ms)
✔ schema parity check preserves changed constraint and index semantics (0.128121ms)
✔ schema migrations model preserves the production ledger definition (2.490461ms)
✔ notification settings model matches migration 041 (0.365862ms)
✔ applications model preserves migration 045 columns and check constraint (0.539195ms)
✔ migration 028 moves going-to-funding deals and writes system stage history (807.051436ms)
ℹ tests 40
ℹ suites 0
ℹ pass 40
ℹ fail 0
ℹ cancelled 0
ℹ skipped 0
ℹ todo 0
ℹ duration_ms 3543.090378
PREFLIGHT 5/11: migration lint

> workspace@0.0.0 lint:migrations /tmp/predeploy-c6fc40f-source
> pnpm --filter @workspace/scripts run lint:migrations && pnpm --filter @workspace/scripts run lint:migration-dependencies


> @workspace/scripts@0.0.0 lint:migrations /tmp/predeploy-c6fc40f-source/scripts
> tsx ./src/lint-migrations.ts

Migration idempotency lint passed.

> @workspace/scripts@0.0.0 lint:migration-dependencies /tmp/predeploy-c6fc40f-source/scripts
> tsx ./src/lint-migration-dependencies.ts

baseline tables: 31
baseline columns: 320
migrations checked: 68
table references checked: 201
column references checked: 393
MIGRATION DEPENDENCY LINT PASS
PREFLIGHT 6/11: schema parity

> workspace@0.0.0 check:schema /tmp/predeploy-c6fc40f-source
> pnpm --filter @workspace/scripts exec tsx ./src/check-schema.ts

[⣷] Pulling schema from database...
[2K[1G[⣯] Pulling schema from database...
[2K[1G[⣟] Pulling schema from database...
[2K[1G[⡿] Pulling schema from database...
[2K[1G[⢿] Pulling schema from database...
[2K[1G[⣻] Pulling schema from database...
[2K[1G[⣽] Pulling schema from database...
[2K[1G[⣷] Pulling schema from database...
[2K[1G[⣯] Pulling schema from database...
[2K[1G[⣟] Pulling schema from database...
[2K[1G[⡿] Pulling schema from database...
[2K[1G[⢿] Pulling schema from database...
[2K[1G[⣻] Pulling schema from database...
[2K[1G[⣽] Pulling schema from database...
[2K[1G[⣷] Pulling schema from database...
[2K[1G[⣯] Pulling schema from database...
[2K[1G[⣟] Pulling schema from database...
[2K[1G[✓] Pulling schema from database...
Schema parity OK: SQL runner and complete Drizzle schema set match
PREFLIGHT 7/11: built-app smoke

> workspace@0.0.0 smoke /tmp/predeploy-c6fc40f-source
> pnpm run test:built-collateral && pnpm run test:built-startup && playwright test --config playwright.smoke.config.ts


> workspace@0.0.0 test:built-collateral /tmp/predeploy-c6fc40f-source
> pnpm --filter @workspace/api-server run test:built-collateral


> @workspace/api-server@0.0.0 test:built-collateral /tmp/predeploy-c6fc40f-source/artifacts/api-server
> pnpm run build && cd ../.. && node artifacts/api-server/test-built-collateral.mjs


> @workspace/api-server@0.0.0 build /tmp/predeploy-c6fc40f-source/artifacts/api-server
> node ./build.mjs


  dist/chunks/runtime-6ABD5YZ7.mjs    9.5mb ⚠️
  dist/chunks/chunk-WNKNA2BR.mjs      2.6mb ⚠️
  dist/chunks/chunk-6YLE5XMW.mjs      2.0mb ⚠️
  dist/chunks/esm-KUD6TZZ6.mjs        1.7mb ⚠️
  dist/chunks/excel-ZZULIAHE.mjs      1.6mb ⚠️
  dist/chunks/esm-JJSRRVUZ.mjs      992.6kb
  dist/chunks/chunk-ENMGHPCZ.mjs    920.3kb
  dist/chunks/chunk-CJPBNUHV.mjs    158.1kb
  dist/chunks/chunk-WGINKKAP.mjs    127.6kb
  dist/chunks/chunk-4V2YAY3D.mjs    117.7kb
  dist/pino-pretty.mjs               84.6kb
  dist/chunks/chunk-RICIZEEN.mjs     51.8kb
  dist/chunks/chunk-T2GMKMES.mjs     22.5kb
  dist/chunks/chunk-RIS63LTX.mjs     21.9kb
  dist/chunks/chunk-7E3CCQC2.mjs     11.5kb
  dist/pino-worker.mjs                9.1kb
  dist/index.mjs                      6.2kb
  dist/thread-stream-worker.mjs       4.2kb
  dist/chunks/chunk-R5GPNPTX.mjs      3.8kb
  dist/chunks/chunk-ATFS5275.mjs      3.5kb
  ...and 58 more output files...

⚡ Done in 1813ms

> workspace@0.0.0 test:built-startup /tmp/predeploy-c6fc40f-source
> node scripts/test-built-startup.mjs

{
  "label": "built-startup-regression",
  "entry": "/tmp/predeploy-c6fc40f-source/artifacts/api-server/dist/index.mjs",
  "first200Ms": 92,
  "listenerMs": 57,
  "applicationReadyMs": 2103,
  "maxProbeMs": 26,
  "successfulProbes": 82,
  "failedProbes": 2,
  "failedAfterFirst200": 0
}
BUILT STARTUP LIVENESS PASS
[WebServer] (node:7856) Warning: The 'NO_COLOR' env is ignored due to the 'FORCE_COLOR' env being set.
[WebServer] (Use `node --trace-warnings ...` to show where the warning was created)
[WebServer] (node:7868) Warning: The 'NO_COLOR' env is ignored due to the 'FORCE_COLOR' env being set.
[WebServer] (Use `node --trace-warnings ...` to show where the warning was created)
[WebServer] (node:7884) Warning: The 'NO_COLOR' env is ignored due to the 'FORCE_COLOR' env being set.
[WebServer] (Use `node --trace-warnings ...` to show where the warning was created)
[WebServer] (node:7904) Warning: The 'NO_COLOR' env is ignored due to the 'FORCE_COLOR' env being set.
[WebServer] (Use `node --trace-warnings ...` to show where the warning was created)
[WebServer] 
[WebServer]   dist/chunks/runtime-6ABD5YZ7.mjs    9.5mb ⚠️
[WebServer]   dist/chunks/chunk-WNKNA2BR.mjs      2.6mb ⚠️
[WebServer]   dist/chunks/chunk-6YLE5XMW.mjs      2.0mb ⚠️
[WebServer]   dist/chunks/esm-KUD6TZZ6.mjs        1.7mb ⚠️
[WebServer]   dist/chunks/excel-ZZULIAHE.mjs      1.6mb ⚠️
[WebServer]   dist/chunks/esm-JJSRRVUZ.mjs      992.6kb
[WebServer]   dist/chunks/chunk-ENMGHPCZ.mjs    920.3kb
[WebServer]   dist/chunks/chunk-CJPBNUHV.mjs    158.1kb
[WebServer]   dist/chunks/chunk-WGINKKAP.mjs    127.6kb
[WebServer]   dist/chunks/chunk-4V2YAY3D.mjs    117.7kb
[WebServer]   dist/pino-pretty.mjs               84.6kb
[WebServer]   dist/chunks/chunk-RICIZEEN.mjs     51.8kb
[WebServer]   dist/chunks/chunk-T2GMKMES.mjs     22.5kb
[WebServer]   dist/chunks/chunk-RIS63LTX.mjs     21.9kb
[WebServer]   dist/chunks/chunk-7E3CCQC2.mjs     11.5kb
[WebServer]   dist/pino-worker.mjs                9.1kb
[WebServer]   dist/index.mjs                      6.2kb
[WebServer]   dist/thread-stream-worker.mjs       4.2kb
[WebServer]   dist/chunks/chunk-R5GPNPTX.mjs      3.8kb
[WebServer]   dist/chunks/chunk-ATFS5275.mjs      3.5kb
[WebServer]   ...and 58 more output files...
[WebServer] 
[WebServer] ⚡ Done in 1670ms
[WebServer] (node:7956) Warning: The 'NO_COLOR' env is ignored due to the 'FORCE_COLOR' env being set.
[WebServer] (Use `node --trace-warnings ...` to show where the warning was created)
[WebServer] (node:7970) Warning: The 'NO_COLOR' env is ignored due to the 'FORCE_COLOR' env being set.
[WebServer] (Use `node --trace-warnings ...` to show where the warning was created)
[WebServer] src/components/ui/tooltip.tsx (2:0): Error when using sourcemap for reporting an error: Can't resolve original location of error.
[WebServer] src/components/ui/select.tsx (2:0): Error when using sourcemap for reporting an error: Can't resolve original location of error.
[WebServer] src/components/ui/sheet.tsx (2:0): Error when using sourcemap for reporting an error: Can't resolve original location of error.
[WebServer] src/components/ui/label.tsx (2:0): Error when using sourcemap for reporting an error: Can't resolve original location of error.
[WebServer] src/components/ui/dropdown-menu.tsx (2:0): Error when using sourcemap for reporting an error: Can't resolve original location of error.
[WebServer] src/components/ui/command.tsx (2:0): Error when using sourcemap for reporting an error: Can't resolve original location of error.
[WebServer] 
[WebServer] (!) Some chunks are larger than 500 kB after minification. Consider:
[WebServer] - Using dynamic import() to code-split the application
[WebServer] - Use build.rollupOptions.output.manualChunks to improve chunking: https://rollupjs.org/configuration-options/#output-manualchunks
[WebServer] - Adjust chunk size limit for this warning via build.chunkSizeWarningLimit.
[WebServer] (node:7884) Warning: The 'NO_COLOR' env is ignored due to the 'FORCE_COLOR' env being set.
[WebServer] (Use `node --trace-warnings ...` to show where the warning was created)
[WebServer] (node:8080) Warning: The 'NO_COLOR' env is ignored due to the 'FORCE_COLOR' env being set.
[WebServer] (Use `node --trace-warnings ...` to show where the warning was created)
[WebServer] (node:8080) Warning: The 'NO_COLOR' env is ignored due to the 'FORCE_COLOR' env being set.
[WebServer] (Use `node --trace-warnings ...` to show where the warning was created)

Running 1 test using 1 worker

(node:8095) Warning: The 'NO_COLOR' env is ignored due to the 'FORCE_COLOR' env being set.
(Use `node --trace-warnings ...` to show where the warning was created)
  ✓  1 tests/smoke.spec.ts:3:5 › production smoke paths (4.9s)

  1 passed (28.8s)
PREFLIGHT 8/11: migration dependency lint

> workspace@0.0.0 lint:migration-dependencies /tmp/predeploy-c6fc40f-source
> pnpm --filter @workspace/scripts run lint:migration-dependencies


> @workspace/scripts@0.0.0 lint:migration-dependencies /tmp/predeploy-c6fc40f-source/scripts
> tsx ./src/lint-migration-dependencies.ts

baseline tables: 31
baseline columns: 320
migrations checked: 68
table references checked: 201
column references checked: 393
MIGRATION DEPENDENCY LINT PASS
PREFLIGHT 9/11: production database clone

> workspace@0.0.0 db:clone-prod /tmp/predeploy-c6fc40f-source
> pnpm --silent --dir scripts exec tsx ./src/dbCloneProd.ts

DB clone source: schema-only
Public base tables: 31
Public columns: 320
Schema migrations ledger rows: 0
DB CLONE PASS
PREFLIGHT 10/11: migration rehearsal

> workspace@0.0.0 migrate:rehearse /tmp/predeploy-c6fc40f-source
> pnpm --silent --dir scripts exec tsx ./src/migrate-rehearse.ts

Applied names/count: 002_rep_slugs.sql, 003_deals.sql, 004_deal_intended_rep_slug.sql, 006_drip_sequence_ownership.sql, 009_email_send_failure_reason.sql, 010_email_webhook_events.sql, 011_email_rate_slots.sql, 012_application_signature.sql, 013_retired_rep_slugs.sql, 014_application_optional_fields.sql, 015_application_consent_text_version.sql, 016_user_titles.sql, 017_deal_notes_gm_split.sql, 018_lender_matcher_gates.sql, 019_document_categories.sql, 020_lender_submissions.sql, 021_lead_package_config.sql, 022_lender_submission_package_snapshots.sql, 023_routing_and_marketing_ownership.sql, 024_email_compliance_daily_budget.sql, 025_usfa_intake.sql, 026_usfa_intake_runtime_support.sql, 028_merge_going_to_funding_stage.sql, 029_deal_approvals.sql, 030_add_application_collateral.sql, 031_collateral_library.sql, 032_finance_application_collateral.sql, 033_lender_submission_review_fields.sql, 034_application_sms_consent.sql, 035_user_identities.sql, 036_partners_contacts.sql, 037_partner_flows_and_texting.sql, 038_partner_texting.sql, 039_ridgestone_partner_profile.sql, 040_release_schema_parity.sql, 041_push_notifications.sql, 042_push_delivery_ledger.sql, 043_align_push_schema.sql, 044_notification_delivery_claims.sql, 045_application_equipment_category_homeowner.sql, 046_complete_partner_contacts_recovery.sql, 047_partner_contacts_prerequisite.sql, 048_financing_campaign_draft.sql, 049_lender_underwriting_intelligence.sql, 050_lender_guideline_versions.sql, 051_users_role_default_pending.sql, 052_reusable_campaign_launcher.sql, 053_campaign_preview_approval_snapshots.sql, 054_campaign_preview_recipient_snapshots.sql, 055_campaign_launch_execution_leases.sql, 056_campaign_flyer.sql, 057_telephony_settings.sql, 058_telephony_business_defaults.sql, 059_inbound_voice_settings.sql, 060_inbound_voice_array_defaults.sql, 061_telephony_completion.sql, 062_email_readiness_daily_cap.sql, 063_lead_vertical.sql, 064_collateral_flyer_library.sql, 065_campaign_flyer_link_vendor_template.sql, 066_bundled_vendor_equipment_flyers.sql, 067_campaign_attribution.sql, 068_campaign_attribution_fk_names.sql / 63
Superseded names/count: none / 0
Failed: none
Ledger before/after counts: 0/68
Added ledger rows: 000_baseline, 001_create_credit_tables, 002_rep_slugs, 003_deals, 004_deal_intended_rep_slug, 005_lead_distribution_settings, 006_drip_sequence_ownership, 007_lead_staleness_threshold, 008_email_safety_settings, 009_email_send_failure_reason, 010_email_webhook_events, 011_email_rate_slots, 012_application_signature, 013_retired_rep_slugs, 014_application_optional_fields, 015_application_consent_text_version, 016_user_titles, 017_deal_notes_gm_split, 018_lender_matcher_gates, 019_document_categories, 020_lender_submissions, 021_lead_package_config, 022_lender_submission_package_snapshots, 023_routing_and_marketing_ownership, 024_email_compliance_daily_budget, 025_usfa_intake, 026_usfa_intake_runtime_support, 028_merge_going_to_funding_stage, 029_deal_approvals, 030_add_application_collateral, 031_collateral_library, 032_finance_application_collateral, 033_lender_submission_review_fields, 034_application_sms_consent, 035_user_identities, 036_partners_contacts, 037_partner_flows_and_texting, 038_partner_texting, 039_ridgestone_partner_profile, 040_release_schema_parity, 041_push_notifications, 042_push_delivery_ledger, 043_align_push_schema, 044_notification_delivery_claims, 045_application_equipment_category_homeowner, 046_complete_partner_contacts_recovery, 047_partner_contacts_prerequisite, 048_financing_campaign_draft, 049_lender_underwriting_intelligence, 050_lender_guideline_versions, 051_users_role_default_pending, 052_reusable_campaign_launcher, 053_campaign_preview_approval_snapshots, 054_campaign_preview_recipient_snapshots, 055_campaign_launch_execution_leases, 056_campaign_flyer, 057_telephony_settings, 058_telephony_business_defaults, 059_inbound_voice_settings, 060_inbound_voice_array_defaults, 061_telephony_completion, 062_email_readiness_daily_cap, 063_lead_vertical, 064_collateral_flyer_library, 065_campaign_flyer_link_vendor_template, 066_bundled_vendor_equipment_flyers, 067_campaign_attribution, 068_campaign_attribution_fk_names
Changed ledger rows: none
Removed ledger rows: none
Applied names/count: 000_baseline.sql, 001_create_credit_tables.sql, 002_rep_slugs.sql, 003_deals.sql, 004_deal_intended_rep_slug.sql, 005_lead_distribution_settings.sql, 006_drip_sequence_ownership.sql, 007_lead_staleness_threshold.sql, 008_email_safety_settings.sql, 009_email_send_failure_reason.sql, 010_email_webhook_events.sql, 011_email_rate_slots.sql, 012_application_signature.sql, 013_retired_rep_slugs.sql, 014_application_optional_fields.sql, 015_application_consent_text_version.sql, 016_user_titles.sql, 017_deal_notes_gm_split.sql, 018_lender_matcher_gates.sql, 019_document_categories.sql, 020_lender_submissions.sql, 021_lead_package_config.sql, 022_lender_submission_package_snapshots.sql, 023_routing_and_marketing_ownership.sql, 024_email_compliance_daily_budget.sql, 025_usfa_intake.sql, 026_usfa_intake_runtime_support.sql, 028_merge_going_to_funding_stage.sql, 029_deal_approvals.sql, 030_add_application_collateral.sql, 031_collateral_library.sql, 032_finance_application_collateral.sql, 033_lender_submission_review_fields.sql, 034_application_sms_consent.sql, 035_user_identities.sql, 036_partners_contacts.sql, 037_partner_flows_and_texting.sql, 038_partner_texting.sql, 039_ridgestone_partner_profile.sql, 040_release_schema_parity.sql, 041_push_notifications.sql, 042_push_delivery_ledger.sql, 043_align_push_schema.sql, 044_notification_delivery_claims.sql, 045_application_equipment_category_homeowner.sql, 046_complete_partner_contacts_recovery.sql, 047_partner_contacts_prerequisite.sql, 048_financing_campaign_draft.sql, 049_lender_underwriting_intelligence.sql, 050_lender_guideline_versions.sql, 051_users_role_default_pending.sql, 052_reusable_campaign_launcher.sql, 053_campaign_preview_approval_snapshots.sql, 054_campaign_preview_recipient_snapshots.sql, 055_campaign_launch_execution_leases.sql, 056_campaign_flyer.sql, 057_telephony_settings.sql, 058_telephony_business_defaults.sql, 059_inbound_voice_settings.sql, 060_inbound_voice_array_defaults.sql, 061_telephony_completion.sql, 062_email_readiness_daily_cap.sql, 063_lead_vertical.sql, 064_collateral_flyer_library.sql, 065_campaign_flyer_link_vendor_template.sql, 066_bundled_vendor_equipment_flyers.sql, 067_campaign_attribution.sql, 068_campaign_attribution_fk_names.sql / 68
Superseded names/count: none / 0
Failed: none
Ledger before/after counts: 0/68
Added ledger rows: 000_baseline, 001_create_credit_tables, 002_rep_slugs, 003_deals, 004_deal_intended_rep_slug, 005_lead_distribution_settings, 006_drip_sequence_ownership, 007_lead_staleness_threshold, 008_email_safety_settings, 009_email_send_failure_reason, 010_email_webhook_events, 011_email_rate_slots, 012_application_signature, 013_retired_rep_slugs, 014_application_optional_fields, 015_application_consent_text_version, 016_user_titles, 017_deal_notes_gm_split, 018_lender_matcher_gates, 019_document_categories, 020_lender_submissions, 021_lead_package_config, 022_lender_submission_package_snapshots, 023_routing_and_marketing_ownership, 024_email_compliance_daily_budget, 025_usfa_intake, 026_usfa_intake_runtime_support, 028_merge_going_to_funding_stage, 029_deal_approvals, 030_add_application_collateral, 031_collateral_library, 032_finance_application_collateral, 033_lender_submission_review_fields, 034_application_sms_consent, 035_user_identities, 036_partners_contacts, 037_partner_flows_and_texting, 038_partner_texting, 039_ridgestone_partner_profile, 040_release_schema_parity, 041_push_notifications, 042_push_delivery_ledger, 043_align_push_schema, 044_notification_delivery_claims, 045_application_equipment_category_homeowner, 046_complete_partner_contacts_recovery, 047_partner_contacts_prerequisite, 048_financing_campaign_draft, 049_lender_underwriting_intelligence, 050_lender_guideline_versions, 051_users_role_default_pending, 052_reusable_campaign_launcher, 053_campaign_preview_approval_snapshots, 054_campaign_preview_recipient_snapshots, 055_campaign_launch_execution_leases, 056_campaign_flyer, 057_telephony_settings, 058_telephony_business_defaults, 059_inbound_voice_settings, 060_inbound_voice_array_defaults, 061_telephony_completion, 062_email_readiness_daily_cap, 063_lead_vertical, 064_collateral_flyer_library, 065_campaign_flyer_link_vendor_template, 066_bundled_vendor_equipment_flyers, 067_campaign_attribution, 068_campaign_attribution_fk_names
Changed ledger rows: none
Removed ledger rows: none
[⣷] Pulling schema from database...
[2K[1G[⣯] Pulling schema from database...
[2K[1G[⣟] Pulling schema from database...
[2K[1G[⡿] Pulling schema from database...
[2K[1G[⢿] Pulling schema from database...
[2K[1G[⣻] Pulling schema from database...
[2K[1G[⣽] Pulling schema from database...
[2K[1G[⣷] Pulling schema from database...
[2K[1G[⣯] Pulling schema from database...
[2K[1G[⣟] Pulling schema from database...
[2K[1G[⡿] Pulling schema from database...
[2K[1G[⢿] Pulling schema from database...
[2K[1G[⣻] Pulling schema from database...
[2K[1G[⣽] Pulling schema from database...
[2K[1G[⣷] Pulling schema from database...
[2K[1G[⣯] Pulling schema from database...
[2K[1G[⣟] Pulling schema from database...
[2K[1G[✓] Pulling schema from database...
Schema parity OK: SQL runner and complete Drizzle schema set match
EMPTY-SCHEMA users.role default: pending
EMPTY-SCHEMA 000-TO-LATEST REHEARSAL PASS
[⣷] Pulling schema from database...
[2K[1G[⣯] Pulling schema from database...
[2K[1G[⣟] Pulling schema from database...
[2K[1G[⡿] Pulling schema from database...
[2K[1G[⢿] Pulling schema from database...
[2K[1G[⣻] Pulling schema from database...
[2K[1G[⣽] Pulling schema from database...
[2K[1G[⣷] Pulling schema from database...
[2K[1G[⣯] Pulling schema from database...
[2K[1G[⣟] Pulling schema from database...
[2K[1G[⡿] Pulling schema from database...
[2K[1G[⢿] Pulling schema from database...
[2K[1G[⣻] Pulling schema from database...
[2K[1G[⣽] Pulling schema from database...
[2K[1G[⣷] Pulling schema from database...
[2K[1G[⣯] Pulling schema from database...
[2K[1G[⣟] Pulling schema from database...
[2K[1G[✓] Pulling schema from database...
Schema parity OK: SQL runner and complete Drizzle schema set match
POPULATED-SCHEMA initial no-ledger reconciliation: applied=63, ledger=68|1, baseline SQL skipped
POPULATED-SCHEMA retry: applied=0, adopted=000_baseline (a07aee3fbf5a174ff94c05859a401cac808b0c89435fd834e4bae09e75117902), constraints/indexes unchanged (63/746|246|196)
MIGRATION REHEARSAL PASS
PREFLIGHT 11/11: database divergence

> workspace@0.0.0 db:divergence /tmp/predeploy-c6fc40f-source
> pnpm --silent --dir scripts exec tsx ./src/db-divergence.ts

Clone-only ledger rows: none
Dev-only ledger rows: none
Changed ledger rows: none
Clone-only tables: none
Dev-only tables: none
Clone-only columns: none
Dev-only columns: none
Changed columns: none
DB DIVERGENCE PASS
PREFLIGHT PASS

AUTHORITATIVE_COMMAND_EXIT=0
